  0
SECTION
  2
HEADER
  9
$ACADVER
  1
AC1024
  9
$ACADMAINTVER
 70
6
  9
$DWGCODEPAGE
  3
ANSI_1252
  9
$LASTSAVEDBY
  1
ezdxf
  9
$INSBASE
 10
0.0
 20
0.0
 30
0.0
  9
$EXTMIN
 10
1e+20
 20
1e+20
 30
1e+20
  9
$EXTMAX
 10
-1e+20
 20
-1e+20
 30
-1e+20
  9
$LIMMIN
 10
0.0
 20
0.0
  9
$LIMMAX
 10
420.0
 20
297.0
  9
$ORTHOMODE
 70
0
  9
$REGENMODE
 70
1
  9
$FILLMODE
 70
1
  9
$QTEXTMODE
 70
0
  9
$MIRRTEXT
 70
1
  9
$LTSCALE
 40
1.0
  9
$ATTMODE
 70
1
  9
$TEXTSIZE
 40
2.5
  9
$TRACEWID
 40
1.0
  9
$TEXTSTYLE
  7
OpenSans
  9
$CLAYER
  8
0
  9
$CELTYPE
  6
ByLayer
  9
$CECOLOR
 62
256
  9
$CELTSCALE
 40
1.0
  9
$DISPSILH
 70
0
  9
$DIMSCALE
 40
1.0
  9
$DIMASZ
 40
0.175
  9
$DIMEXO
 40
0.125
  9
$DIMDLI
 40
3.75
  9
$DIMRND
 40
0.0
  9
$DIMDLE
 40
0.0
  9
$DIMEXE
 40
0.375
  9
$DIMTP
 40
0.0
  9
$DIMTM
 40
0.0
  9
$DIMTXT
 40
0.25
  9
$DIMCEN
 40
2.5
  9
$DIMTSZ
 40
0.0
  9
$DIMTOL
 70
0
  9
$DIMLIM
 70
0
  9
$DIMTIH
 70
0
  9
$DIMTOH
 70
0
  9
$DIMSE1
 70
0
  9
$DIMSE2
 70
0
  9
$DIMTAD
 70
1
  9
$DIMZIN
 70
12
  9
$DIMBLK
  1
ARCHTICK
  9
$DIMASO
 70
1
  9
$DIMSHO
 70
1
  9
$DIMPOST
  1

  9
$DIMAPOST
  1

  9
$DIMALT
 70
0
  9
$DIMALTD
 70
3
  9
$DIMALTF
 40
0.03937007874
  9
$DIMLFAC
 40
100.0
  9
$DIMTOFL
 70
1
  9
$DIMTVP
 40
0.0
  9
$DIMTIX
 70
0
  9
$DIMSOXD
 70
0
  9
$DIMSAH
 70
0
  9
$DIMBLK1
  1

  9
$DIMBLK2
  1

  9
$DIMSTYLE
  2
EZDXF
  9
$DIMCLRD
 70
0
  9
$DIMCLRE
 70
0
  9
$DIMCLRT
 70
0
  9
$DIMTFAC
 40
0.5
  9
$DIMGAP
 40
0.1
  9
$DIMJUST
 70
0
  9
$DIMSD1
 70
0
  9
$DIMSD2
 70
0
  9
$DIMTOLJ
 70
0
  9
$DIMTZIN
 70
8
  9
$DIMALTZ
 70
0
  9
$DIMALTTZ
 70
0
  9
$DIMUPT
 70
1
  9
$DIMDEC
 70
2
  9
$DIMTDEC
 70
2
  9
$DIMALTU
 70
2
  9
$DIMALTTD
 70
3
  9
$DIMTXSTY
  7
OpenSansCondensed-Light
  9
$DIMAUNIT
 70
0
  9
$DIMADEC
 70
2
  9
$DIMALTRND
 40
0.0
  9
$DIMAZIN
 70
3
  9
$DIMDSEP
 70
46
  9
$DIMATFIT
 70
3
  9
$DIMFRAC
 70
0
  9
$DIMLDRBLK
  1

  9
$DIMLUNIT
 70
2
  9
$DIMLWD
 70
-2
  9
$DIMLWE
 70
-2
  9
$DIMTMOVE
 70
2
  9
$DIMFXL
 40
1.0
  9
$DIMFXLON
 70
0
  9
$DIMJOGANG
 40
0.785398163397
  9
$DIMTFILL
 70
0
  9
$DIMTFILLCLR
 70
0
  9
$DIMARCSYM
 70
0
  9
$DIMLTYPE
  6

  9
$DIMLTEX1
  6

  9
$DIMLTEX2
  6

  9
$DIMTXTDIRECTION
 70
0
  9
$LUNITS
 70
2
  9
$LUPREC
 70
4
  9
$SKETCHINC
 40
1.0
  9
$FILLETRAD
 40
10.0
  9
$AUNITS
 70
0
  9
$AUPREC
 70
2
  9
$MENU
  1
.
  9
$ELEVATION
 40
0.0
  9
$PELEVATION
 40
0.0
  9
$THICKNESS
 40
0.0
  9
$LIMCHECK
 70
0
  9
$CHAMFERA
 40
0.0
  9
$CHAMFERB
 40
0.0
  9
$CHAMFERC
 40
0.0
  9
$CHAMFERD
 40
0.0
  9
$SKPOLY
 70
0
  9
$TDCREATE
 40
2461287.8023148146
  9
$TDUCREATE
 40
2458532.153996898
  9
$TDUPDATE
 40
2461287.8023148146
  9
$TDUUPDATE
 40
2458532.1544311
  9
$TDINDWG
 40
0.0
  9
$TDUSRTIMER
 40
0.0
  9
$USRTIMER
 70
1
  9
$ANGBASE
 50
0.0
  9
$ANGDIR
 70
0
  9
$PDMODE
 70
0
  9
$PDSIZE
 40
0.0
  9
$PLINEWID
 40
0.0
  9
$SPLFRAME
 70
0
  9
$SPLINETYPE
 70
6
  9
$SPLINESEGS
 70
8
  9
$HANDSEED
  5
B44
  9
$SURFTAB1
 70
6
  9
$SURFTAB2
 70
6
  9
$SURFTYPE
 70
6
  9
$SURFU
 70
6
  9
$SURFV
 70
6
  9
$UCSBASE
  2

  9
$UCSNAME
  2

  9
$UCSORG
 10
0.0
 20
0.0
 30
0.0
  9
$UCSXDIR
 10
1.0
 20
0.0
 30
0.0
  9
$UCSYDIR
 10
0.0
 20
1.0
 30
0.0
  9
$UCSORTHOREF
  2

  9
$UCSORTHOVIEW
 70
0
  9
$UCSORGTOP
 10
0.0
 20
0.0
 30
0.0
  9
$UCSORGBOTTOM
 10
0.0
 20
0.0
 30
0.0
  9
$UCSORGLEFT
 10
0.0
 20
0.0
 30
0.0
  9
$UCSORGRIGHT
 10
0.0
 20
0.0
 30
0.0
  9
$UCSORGFRONT
 10
0.0
 20
0.0
 30
0.0
  9
$UCSORGBACK
 10
0.0
 20
0.0
 30
0.0
  9
$PUCSBASE
  2

  9
$PUCSNAME
  2

  9
$PUCSORG
 10
0.0
 20
0.0
 30
0.0
  9
$PUCSXDIR
 10
1.0
 20
0.0
 30
0.0
  9
$PUCSYDIR
 10
0.0
 20
1.0
 30
0.0
  9
$PUCSORTHOREF
  2

  9
$PUCSORTHOVIEW
 70
0
  9
$PUCSORGTOP
 10
0.0
 20
0.0
 30
0.0
  9
$PUCSORGBOTTOM
 10
0.0
 20
0.0
 30
0.0
  9
$PUCSORGLEFT
 10
0.0
 20
0.0
 30
0.0
  9
$PUCSORGRIGHT
 10
0.0
 20
0.0
 30
0.0
  9
$PUCSORGFRONT
 10
0.0
 20
0.0
 30
0.0
  9
$PUCSORGBACK
 10
0.0
 20
0.0
 30
0.0
  9
$USERI1
 70
0
  9
$USERI2
 70
0
  9
$USERI3
 70
0
  9
$USERI4
 70
0
  9
$USERI5
 70
0
  9
$USERR1
 40
0.0
  9
$USERR2
 40
0.0
  9
$USERR3
 40
0.0
  9
$USERR4
 40
0.0
  9
$USERR5
 40
0.0
  9
$WORLDVIEW
 70
1
  9
$SHADEDGE
 70
3
  9
$SHADEDIF
 70
70
  9
$TILEMODE
 70
1
  9
$MAXACTVP
 70
64
  9
$PINSBASE
 10
0.0
 20
0.0
 30
0.0
  9
$PLIMCHECK
 70
0
  9
$PEXTMIN
 10
1e+20
 20
1e+20
 30
1e+20
  9
$PEXTMAX
 10
-1e+20
 20
-1e+20
 30
-1e+20
  9
$PLIMMIN
 10
0.0
 20
0.0
  9
$PLIMMAX
 10
420.0
 20
297.0
  9
$UNITMODE
 70
0
  9
$VISRETAIN
 70
1
  9
$PLINEGEN
 70
0
  9
$PSLTSCALE
 70
1
  9
$TREEDEPTH
 70
3020
  9
$CMLSTYLE
  2
Standard
  9
$CMLJUST
 70
0
  9
$CMLSCALE
 40
20.0
  9
$PROXYGRAPHICS
 70
1
  9
$MEASUREMENT
 70
1
  9
$CELWEIGHT
370
-1
  9
$ENDCAPS
280
0
  9
$JOINSTYLE
280
0
  9
$LWDISPLAY
290
0
  9
$INSUNITS
 70
6
  9
$HYPERLINKBASE
  1

  9
$STYLESHEET
  1

  9
$XEDIT
290
1
  9
$CEPSNTYPE
380
0
  9
$PSTYLEMODE
290
1
  9
$FINGERPRINTGUID
  2
{D1B077D7-E40A-4C92-AC0B-B4258A49123E}
  9
$VERSIONGUID
  2
{BBEE171E-0418-42A2-8AC1-3A1903C69393}
  9
$EXTNAMES
290
1
  9
$PSVPSCALE
 40
0.0
  9
$OLESTARTUP
290
0
  9
$SORTENTS
280
127
  9
$INDEXCTL
280
0
  9
$HIDETEXT
280
1
  9
$XCLIPFRAME
280
1
  9
$HALOGAP
280
0
  9
$OBSCOLOR
 70
257
  9
$OBSLTYPE
280
0
  9
$INTERSECTIONDISPLAY
280
0
  9
$INTERSECTIONCOLOR
 70
257
  9
$DIMASSOC
280
2
  9
$PROJECTNAME
  1

  9
$CAMERADISPLAY
290
0
  9
$LENSLENGTH
 40
50.0
  9
$CAMERAHEIGHT
 40
0.0
  9
$STEPSPERSEC
 40
24.0
  9
$STEPSIZE
 40
100.0
  9
$3DDWFPREC
 40
2.0
  9
$PSOLWIDTH
 40
0.005
  9
$PSOLHEIGHT
 40
0.08
  9
$LOFTANG1
 40
1.570796326795
  9
$LOFTANG2
 40
1.570796326795
  9
$LOFTMAG1
 40
0.0
  9
$LOFTMAG2
 40
0.0
  9
$LOFTPARAM
 70
7
  9
$LOFTNORMALS
280
1
  9
$LATITUDE
 40
37.795
  9
$LONGITUDE
 40
-122.394
  9
$NORTHDIRECTION
 40
0.0
  9
$TIMEZONE
 70
-8000
  9
$LIGHTGLYPHDISPLAY
280
1
  9
$TILEMODELIGHTSYNCH
280
1
  9
$CMATERIAL
347
20
  9
$SOLIDHIST
280
0
  9
$SHOWHIST
280
1
  9
$DWFFRAME
280
2
  9
$DGNFRAME
280
2
  9
$REALWORLDSCALE
290
1
  9
$INTERFERECOLOR
 62
256
  9
$CSHADOW
280
0
  9
$SHADOWPLANELOCATION
 40
0.0
  0
ENDSEC
  0
SECTION
  2
CLASSES
  0
CLASS
  1
ACDBDICTIONARYWDFLT
  2
AcDbDictionaryWithDefault
  3
ObjectDBX Classes
 90
0
 91
0
280
0
281
0
  0
CLASS
  1
SUN
  2
AcDbSun
  3
SCENEOE
 90
1153
 91
0
280
0
281
0
  0
CLASS
  1
VISUALSTYLE
  2
AcDbVisualStyle
  3
ObjectDBX Classes
 90
4095
 91
0
280
0
281
0
  0
CLASS
  1
MATERIAL
  2
AcDbMaterial
  3
ObjectDBX Classes
 90
1153
 91
0
280
0
281
0
  0
CLASS
  1
SCALE
  2
AcDbScale
  3
ObjectDBX Classes
 90
1153
 91
0
280
0
281
0
  0
CLASS
  1
TABLESTYLE
  2
AcDbTableStyle
  3
ObjectDBX Classes
 90
4095
 91
0
280
0
281
0
  0
CLASS
  1
MLEADERSTYLE
  2
AcDbMLeaderStyle
  3
ACDB_MLEADERSTYLE_CLASS
 90
4095
 91
0
280
0
281
0
  0
CLASS
  1
DICTIONARYVAR
  2
AcDbDictionaryVar
  3
ObjectDBX Classes
 90
0
 91
0
280
0
281
0
  0
CLASS
  1
CELLSTYLEMAP
  2
AcDbCellStyleMap
  3
ObjectDBX Classes
 90
1152
 91
0
280
0
281
0
  0
CLASS
  1
MENTALRAYRENDERSETTINGS
  2
AcDbMentalRayRenderSettings
  3
SCENEOE
 90
1024
 91
0
280
0
281
0
  0
CLASS
  1
ACDBDETAILVIEWSTYLE
  2
AcDbDetailViewStyle
  3
ObjectDBX Classes
 90
1025
 91
0
280
0
281
0
  0
CLASS
  1
ACDBSECTIONVIEWSTYLE
  2
AcDbSectionViewStyle
  3
ObjectDBX Classes
 90
1025
 91
0
280
0
281
0
  0
CLASS
  1
RASTERVARIABLES
  2
AcDbRasterVariables
  3
ISM
 90
0
 91
0
280
0
281
0
  0
CLASS
  1
LAYOUT
  2
AcDbLayout
  3
ObjectDBX Classes
 90
0
 91
0
280
0
281
0
  0
CLASS
  1
ACDBPLACEHOLDER
  2
AcDbPlaceHolder
  3
ObjectDBX Classes
 90
0
 91
0
280
0
281
0
  0
ENDSEC
  0
SECTION
  2
TABLES
  0
TABLE
  2
VPORT
  5
8
330
0
100
AcDbSymbolTable
 70
1
  0
VPORT
  5
23
330
8
100
AcDbSymbolTableRecord
100
AcDbViewportTableRecord
  2
*Active
 70
0
 10
0.0
 20
0.0
 11
1.0
 21
1.0
 12
0.0
 22
0.0
 13
0.0
 23
0.0
 14
0.5
 24
0.5
 15
0.5
 25
0.5
 16
0.0
 26
0.0
 36
1.0
 17
0.0
 27
0.0
 37
0.0
 40
1000.0
 41
1.34
 42
50.0
 43
0.0
 44
0.0
 50
0.0
 51
0.0
 71
0
 72
1000
 73
1
 74
3
 75
0
 76
0
 77
0
 78
0
281
0
 65
0
146
0.0
  0
ENDTAB
  0
TABLE
  2
LTYPE
  5
2
330
0
100
AcDbSymbolTable
 70
26
  0
LTYPE
  5
24
330
2
100
AcDbSymbolTableRecord
100
AcDbLinetypeTableRecord
  2
ByBlock
 70
0
  3

 72
65
 73
0
 40
0.0
  0
LTYPE
  5
25
330
2
100
AcDbSymbolTableRecord
100
AcDbLinetypeTableRecord
  2
ByLayer
 70
0
  3

 72
65
 73
0
 40
0.0
  0
LTYPE
  5
26
330
2
100
AcDbSymbolTableRecord
100
AcDbLinetypeTableRecord
  2
Continuous
 70
0
  3

 72
65
 73
0
 40
0.0
  0
LTYPE
  5
2F
330
2
100
AcDbSymbolTableRecord
100
AcDbLinetypeTableRecord
  2
CENTER
 70
0
  3
Center ____ _ ____ _ ____ _ ____ _ ____ _ ____
 72
65
 73
4
 40
5.08
 49
3.175
 74
0
 49
-0.635
 74
0
 49
0.635
 74
0
 49
-0.635
 74
0
  0
LTYPE
  5
30
330
2
100
AcDbSymbolTableRecord
100
AcDbLinetypeTableRecord
  2
CENTERX2
 70
0
  3
Center (2x) ________  __  ________  __  ________
 72
65
 73
4
 40
8.89
 49
6.35
 74
0
 49
-0.635
 74
0
 49
1.27
 74
0
 49
-0.635
 74
0
  0
LTYPE
  5
31
330
2
100
AcDbSymbolTableRecord
100
AcDbLinetypeTableRecord
  2
CENTER2
 70
0
  3
Center (.5x) ____ _ ____ _ ____ _ ____ _ ____
 72
65
 73
4
 40
2.54
 49
1.587
 74
0
 49
-0.318
 74
0
 49
0.318
 74
0
 49
-0.318
 74
0
  0
LTYPE
  5
32
330
2
100
AcDbSymbolTableRecord
100
AcDbLinetypeTableRecord
  2
DASHED
 70
0
  3
Dashed __ __ __ __ __ __ __ __ __ __ __ __ __ _
 72
65
 73
2
 40
1.524
 49
1.27
 74
0
 49
-0.254
 74
0
  0
LTYPE
  5
33
330
2
100
AcDbSymbolTableRecord
100
AcDbLinetypeTableRecord
  2
DASHEDX2
 70
0
  3
Dashed (2x) ____  ____  ____  ____  ____  ____
 72
65
 73
2
 40
3.048
 49
2.54
 74
0
 49
-0.508
 74
0
  0
LTYPE
  5
34
330
2
100
AcDbSymbolTableRecord
100
AcDbLinetypeTableRecord
  2
DASHED2
 70
0
  3
Dashed (.5x) _ _ _ _ _ _ _ _ _ _ _ _ _ _
 72
65
 73
2
 40
0.762
 49
0.635
 74
0
 49
-0.127
 74
0
  0
LTYPE
  5
35
330
2
100
AcDbSymbolTableRecord
100
AcDbLinetypeTableRecord
  2
PHANTOM
 70
0
  3
Phantom ______  __  __  ______  __  __  ______
 72
65
 73
6
 40
6.35
 49
3.175
 74
0
 49
-0.635
 74
0
 49
0.635
 74
0
 49
-0.635
 74
0
 49
0.635
 74
0
 49
-0.635
 74
0
  0
LTYPE
  5
36
330
2
100
AcDbSymbolTableRecord
100
AcDbLinetypeTableRecord
  2
PHANTOMX2
 70
0
  3
Phantom (2x)____________    ____    ____    ____________
 72
65
 73
6
 40
10.795
 49
6.35
 74
0
 49
-0.635
 74
0
 49
1.27
 74
0
 49
-0.635
 74
0
 49
1.27
 74
0
 49
-0.635
 74
0
  0
LTYPE
  5
37
330
2
100
AcDbSymbolTableRecord
100
AcDbLinetypeTableRecord
  2
PHANTOM2
 70
0
  3
Phantom (.5x) ___ _ _ ___ _ _ ___ _ _ ___ _ _ ___
 72
65
 73
6
 40
3.175
 49
1.587
 74
0
 49
-0.318
 74
0
 49
0.318
 74
0
 49
-0.318
 74
0
 49
0.318
 74
0
 49
-0.318
 74
0
  0
LTYPE
  5
38
330
2
100
AcDbSymbolTableRecord
100
AcDbLinetypeTableRecord
  2
DASHDOT
 70
0
  3
Dash dot __ . __ . __ . __ . __ . __ . __ . __
 72
65
 73
4
 40
3.556
 49
2.54
 74
0
 49
-0.508
 74
0
 49
0.0
 74
0
 49
-0.508
 74
0
  0
LTYPE
  5
39
330
2
100
AcDbSymbolTableRecord
100
AcDbLinetypeTableRecord
  2
DASHDOTX2
 70
0
  3
Dash dot (2x) ____  .  ____  .  ____  .  ____
 72
65
 73
4
 40
6.096
 49
5.08
 74
0
 49
-0.508
 74
0
 49
0.0
 74
0
 49
-0.508
 74
0
  0
LTYPE
  5
3A
330
2
100
AcDbSymbolTableRecord
100
AcDbLinetypeTableRecord
  2
DASHDOT2
 70
0
  3
Dash dot (.5x) _ . _ . _ . _ . _ . _ . _ . _
 72
65
 73
4
 40
1.778
 49
1.27
 74
0
 49
-0.254
 74
0
 49
0.0
 74
0
 49
-0.254
 74
0
  0
LTYPE
  5
3B
330
2
100
AcDbSymbolTableRecord
100
AcDbLinetypeTableRecord
  2
DOT
 70
0
  3
Dot .  .  .  .  .  .  .  .  .  .  .  .  .  .  .  .
 72
65
 73
2
 40
0.508
 49
0.0
 74
0
 49
-0.508
 74
0
  0
LTYPE
  5
3C
330
2
100
AcDbSymbolTableRecord
100
AcDbLinetypeTableRecord
  2
DOTX2
 70
0
  3
Dot (2x) .    .    .    .    .    .    .    . 
 72
65
 73
2
 40
1.016
 49
0.0
 74
0
 49
-1.016
 74
0
  0
LTYPE
  5
3D
330
2
100
AcDbSymbolTableRecord
100
AcDbLinetypeTableRecord
  2
DOT2
 70
0
  3
Dot (.5) . . . . . . . . . . . . . . . . . . . 
 72
65
 73
2
 40
0.254
 49
0.0
 74
0
 49
-0.254
 74
0
  0
LTYPE
  5
3E
330
2
100
AcDbSymbolTableRecord
100
AcDbLinetypeTableRecord
  2
DIVIDE
 70
0
  3
Divide __ . . __ . . __ . . __ . . __ . . __
 72
65
 73
6
 40
4.064
 49
2.54
 74
0
 49
-0.508
 74
0
 49
0.0
 74
0
 49
-0.508
 74
0
 49
0.0
 74
0
 49
-0.508
 74
0
  0
LTYPE
  5
3F
330
2
100
AcDbSymbolTableRecord
100
AcDbLinetypeTableRecord
  2
DIVIDEX2
 70
0
  3
Divide (2x) ____  . .  ____  . .  ____  . .  ____
 72
65
 73
6
 40
6.604
 49
5.08
 74
0
 49
-0.508
 74
0
 49
0.0
 74
0
 49
-0.508
 74
0
 49
0.0
 74
0
 49
-0.508
 74
0
  0
LTYPE
  5
40
330
2
100
AcDbSymbolTableRecord
100
AcDbLinetypeTableRecord
  2
DIVIDE2
 70
0
  3
Divide(.5x) _ . _ . _ . _ . _ . _ . _ . _
 72
65
 73
6
 40
2.032
 49
1.27
 74
0
 49
-0.254
 74
0
 49
0.0
 74
0
 49
-0.254
 74
0
 49
0.0
 74
0
 49
-0.254
 74
0
  0
LTYPE
  5
8A
330
2
100
AcDbSymbolTableRecord
100
AcDbLinetypeTableRecord
  2
LANE_LINE
 70
0
  3
Lane line  3 m dash / 6 m gap
 72
65
 73
2
 40
9.0
 49
3.0
 74
0
 49
-6.0
 74
0
  0
LTYPE
  5
8B
330
2
100
AcDbSymbolTableRecord
100
AcDbLinetypeTableRecord
  2
EXT_LINE
 70
0
  3
Extension line  1 m / 1 m
 72
65
 73
2
 40
2.0
 49
1.0
 74
0
 49
-1.0
 74
0
  0
LTYPE
  5
8C
330
2
100
AcDbSymbolTableRecord
100
AcDbLinetypeTableRecord
  2
CHANNEL_LINE
 70
0
  3
Channelizing  0.5 m / 0.5 m
 72
65
 73
2
 40
1.0
 49
0.5
 74
0
 49
-0.5
 74
0
  0
LTYPE
  5
8D
330
2
100
AcDbSymbolTableRecord
100
AcDbLinetypeTableRecord
  2
UG_CONDUIT
 70
0
  3
Underground conduit
 72
65
 73
4
 40
3.0
 49
2.0
 74
0
 49
-0.5
 74
0
 49
0.0
 74
0
 49
-0.5
 74
0
  0
LTYPE
  5
8E
330
2
100
AcDbSymbolTableRecord
100
AcDbLinetypeTableRecord
  2
PROPERTY
 70
0
  3
Property line
 72
65
 73
4
 40
6.0
 49
4.0
 74
0
 49
-0.75
 74
0
 49
0.5
 74
0
 49
-0.75
 74
0
  0
ENDTAB
  0
TABLE
  2
LAYER
  5
1
330
0
100
AcDbSymbolTable
 70
23
  0
LAYER
  5
27
330
1
100
AcDbSymbolTableRecord
100
AcDbLayerTableRecord
  2
0
 70
0
 62
7
  6
Continuous
370
-3
390
13
347
21
  0
LAYER
  5
28
330
1
100
AcDbSymbolTableRecord
100
AcDbLayerTableRecord
  2
Defpoints
 70
0
 62
7
  6
Continuous
290
0
370
-3
390
13
347
21
  0
LAYER
  5
8F
330
1
100
AcDbSymbolTableRecord
100
AcDbLayerTableRecord
  2
V-BASE
 70
0
 62
8
  6
CONTINUOUS
370
13
390
13
347
21
1001
AcAecLayerStandard
1000

1000
Aerial photo / GIS reference
  0
LAYER
  5
91
330
1
100
AcDbSymbolTableRecord
100
AcDbLayerTableRecord
  2
C-PROP
 70
0
 62
9
  6
PROPERTY
370
35
390
13
347
21
1001
AcAecLayerStandard
1000

1000
Property / ROW line
  0
LAYER
  5
92
330
1
100
AcDbSymbolTableRecord
100
AcDbLayerTableRecord
  2
C-ROAD
 70
0
 62
7
  6
CONTINUOUS
370
50
390
13
347
21
1001
AcAecLayerStandard
1000

1000
Edge of pavement
  0
LAYER
  5
93
330
1
100
AcDbSymbolTableRecord
100
AcDbLayerTableRecord
  2
C-CURB
 70
0
 62
2
  6
CONTINUOUS
370
50
390
13
347
21
1001
AcAecLayerStandard
1000

1000
Curb and gutter
  0
LAYER
  5
94
330
1
100
AcDbSymbolTableRecord
100
AcDbLayerTableRecord
  2
C-ISLD
 70
0
 62
5
  6
CONTINUOUS
370
40
390
13
347
21
1001
AcAecLayerStandard
1000

1000
Raised islands and medians
  0
LAYER
  5
95
330
1
100
AcDbSymbolTableRecord
100
AcDbLayerTableRecord
  2
C-PED
 70
0
 62
3
  6
CONTINUOUS
370
25
390
13
347
21
1001
AcAecLayerStandard
1000

1000
Sidewalk, curb ramps, TWSI
  0
LAYER
  5
96
330
1
100
AcDbSymbolTableRecord
100
AcDbLayerTableRecord
  2
C-MARK
 70
0
 62
7
  6
CONTINUOUS
370
35
390
13
347
21
1001
AcAecLayerStandard
1000

1000
White pavement markings
  0
LAYER
  5
97
330
1
100
AcDbSymbolTableRecord
100
AcDbLayerTableRecord
  2
C-MARK-LANE
 70
0
 62
7
  6
LANE_LINE
370
25
390
13
347
21
1001
AcAecLayerStandard
1000

1000
Broken lane line
  0
LAYER
  5
98
330
1
100
AcDbSymbolTableRecord
100
AcDbLayerTableRecord
  2
C-MARK-YELW
 70
0
 62
2
  6
CONTINUOUS
370
35
390
13
347
21
1001
AcAecLayerStandard
1000

1000
Yellow pavement markings
  0
LAYER
  5
99
330
1
100
AcDbSymbolTableRecord
100
AcDbLayerTableRecord
  2
C-MARK-STOP
 70
0
 62
7
  6
CONTINUOUS
370
40
390
13
347
21
1001
AcAecLayerStandard
1000

1000
Stop bars
  0
LAYER
  5
9A
330
1
100
AcDbSymbolTableRecord
100
AcDbLayerTableRecord
  2
C-MARK-EXT
 70
0
 62
7
  6
EXT_LINE
370
18
390
13
347
21
1001
AcAecLayerStandard
1000

1000
Extension lines through intersection
  0
LAYER
  5
9B
330
1
100
AcDbSymbolTableRecord
100
AcDbLayerTableRecord
  2
C-SGNL
 70
0
 62
1
  6
CONTINUOUS
370
35
390
13
347
21
1001
AcAecLayerStandard
1000

1000
Signal heads, poles, pushbuttons
  0
LAYER
  5
9C
330
1
100
AcDbSymbolTableRecord
100
AcDbLayerTableRecord
  2
C-SGNL-UG
 70
0
 62
30
  6
UG_CONDUIT
370
18
390
13
347
21
1001
AcAecLayerStandard
1000

1000
Underground conduit and junction boxes
  0
LAYER
  5
9D
330
1
100
AcDbSymbolTableRecord
100
AcDbLayerTableRecord
  2
C-SGNL-DET
 70
0
 62
40
  6
CONTINUOUS
370
25
390
13
347
21
1001
AcAecLayerStandard
1000

1000
Detection
  0
LAYER
  5
9E
330
1
100
AcDbSymbolTableRecord
100
AcDbLayerTableRecord
  2
C-SIGN
 70
0
 62
30
  6
CONTINUOUS
370
25
390
13
347
21
1001
AcAecLayerStandard
1000

1000
Regulatory and warning signs
  0
LAYER
  5
9F
330
1
100
AcDbSymbolTableRecord
100
AcDbLayerTableRecord
  2
C-TRAN
 70
0
 62
6
  6
CONTINUOUS
370
25
390
13
347
21
1001
AcAecLayerStandard
1000

1000
Transit stops and platforms
  0
LAYER
  5
A0
330
1
100
AcDbSymbolTableRecord
100
AcDbLayerTableRecord
  2
C-BLDG
 70
0
 62
8
  6
CONTINUOUS
370
18
390
13
347
21
1001
AcAecLayerStandard
1000

1000
Buildings and driveways
  0
LAYER
  5
A1
330
1
100
AcDbSymbolTableRecord
100
AcDbLayerTableRecord
  2
C-DIMS
 70
0
 62
4
  6
CONTINUOUS
370
18
390
13
347
21
1001
AcAecLayerStandard
1000

1000
Dimensions and radii
  0
LAYER
  5
A2
330
1
100
AcDbSymbolTableRecord
100
AcDbLayerTableRecord
  2
C-ANNO
 70
0
 62
7
  6
CONTINUOUS
370
18
390
13
347
21
1001
AcAecLayerStandard
1000

1000
Notes, labels, leaders
  0
LAYER
  5
A3
330
1
100
AcDbSymbolTableRecord
100
AcDbLayerTableRecord
  2
C-LEGEND
 70
0
 62
7
  6
CONTINUOUS
370
25
390
13
347
21
1001
AcAecLayerStandard
1000

1000
Legend, north arrow, scale bar
  0
LAYER
  5
A4
330
1
100
AcDbSymbolTableRecord
100
AcDbLayerTableRecord
  2
PALETTE
 70
0
 62
253
  6
CONTINUOUS
370
13
390
13
347
21
1001
AcAecLayerStandard
1000

1000
Symbol palette - delete when done
  0
ENDTAB
  0
TABLE
  2
STYLE
  5
5
330
0
100
AcDbSymbolTable
 70
27
  0
STYLE
  5
29
330
5
100
AcDbSymbolTableRecord
100
AcDbTextStyleTableRecord
  2
Standard
 70
0
 40
0.0
 41
1.0
 50
0.0
 71
0
 42
2.5
  3
txt
  4

  0
STYLE
  5
41
330
5
100
AcDbSymbolTableRecord
100
AcDbTextStyleTableRecord
  2
OpenSans-Light
 70
0
 40
0.0
 41
1.0
 50
0.0
 71
0
 42
2.5
  3
OpenSans-Light.ttf
  4

  0
STYLE
  5
42
330
5
100
AcDbSymbolTableRecord
100
AcDbTextStyleTableRecord
  2
OpenSans-Light-Italic
 70
0
 40
0.0
 41
1.0
 50
0.0
 71
0
 42
2.5
  3
OpenSans-LightItalic.ttf
  4

  0
STYLE
  5
43
330
5
100
AcDbSymbolTableRecord
100
AcDbTextStyleTableRecord
  2
OpenSans
 70
0
 40
0.0
 41
1.0
 50
0.0
 71
0
 42
2.5
  3
OpenSans-Regular.ttf
  4

  0
STYLE
  5
44
330
5
100
AcDbSymbolTableRecord
100
AcDbTextStyleTableRecord
  2
OpenSans-Italic
 70
0
 40
0.0
 41
1.0
 50
0.0
 71
0
 42
2.5
  3
OpenSans-Italic.ttf
  4

  0
STYLE
  5
45
330
5
100
AcDbSymbolTableRecord
100
AcDbTextStyleTableRecord
  2
OpenSans-SemiBold
 70
0
 40
0.0
 41
1.0
 50
0.0
 71
0
 42
2.5
  3
OpenSans-SemiBold.ttf
  4

  0
STYLE
  5
46
330
5
100
AcDbSymbolTableRecord
100
AcDbTextStyleTableRecord
  2
OpenSans-SemiBoldItalic
 70
0
 40
0.0
 41
1.0
 50
0.0
 71
0
 42
2.5
  3
OpenSans-SemiBoldItalic.ttf
  4

  0
STYLE
  5
47
330
5
100
AcDbSymbolTableRecord
100
AcDbTextStyleTableRecord
  2
OpenSans-Bold
 70
0
 40
0.0
 41
1.0
 50
0.0
 71
0
 42
2.5
  3
OpenSans-Bold.ttf
  4

  0
STYLE
  5
48
330
5
100
AcDbSymbolTableRecord
100
AcDbTextStyleTableRecord
  2
OpenSans-BoldItalic
 70
0
 40
0.0
 41
1.0
 50
0.0
 71
0
 42
2.5
  3
OpenSans-BoldItalic.ttf
  4

  0
STYLE
  5
49
330
5
100
AcDbSymbolTableRecord
100
AcDbTextStyleTableRecord
  2
OpenSans-ExtraBold
 70
0
 40
0.0
 41
1.0
 50
0.0
 71
0
 42
2.5
  3
OpenSans-ExtraBold.ttf
  4

  0
STYLE
  5
4A
330
5
100
AcDbSymbolTableRecord
100
AcDbTextStyleTableRecord
  2
OpenSans-ExtraBoldItalic
 70
0
 40
0.0
 41
1.0
 50
0.0
 71
0
 42
2.5
  3
OpenSans-ExtraBoldItalic.ttf
  4

  0
STYLE
  5
4B
330
5
100
AcDbSymbolTableRecord
100
AcDbTextStyleTableRecord
  2
OpenSansCondensed-Bold
 70
0
 40
0.0
 41
1.0
 50
0.0
 71
0
 42
2.5
  3
OpenSansCondensed-Bold.ttf
  4

  0
STYLE
  5
4C
330
5
100
AcDbSymbolTableRecord
100
AcDbTextStyleTableRecord
  2
OpenSansCondensed-Light
 70
0
 40
0.0
 41
1.0
 50
0.0
 71
0
 42
2.5
  3
OpenSansCondensed-Light.ttf
  4

  0
STYLE
  5
4D
330
5
100
AcDbSymbolTableRecord
100
AcDbTextStyleTableRecord
  2
OpenSansCondensed-Italic
 70
0
 40
0.0
 41
1.0
 50
0.0
 71
0
 42
2.5
  3
OpenSansCondensed-LightItalic.ttf
  4

  0
STYLE
  5
4E
330
5
100
AcDbSymbolTableRecord
100
AcDbTextStyleTableRecord
  2
LiberationSans
 70
0
 40
0.0
 41
1.0
 50
0.0
 71
0
 42
2.5
  3
LiberationSans-Regular.ttf
  4

  0
STYLE
  5
4F
330
5
100
AcDbSymbolTableRecord
100
AcDbTextStyleTableRecord
  2
LiberationSans-Bold
 70
0
 40
0.0
 41
1.0
 50
0.0
 71
0
 42
2.5
  3
LiberationSans-Bold.ttf
  4

  0
STYLE
  5
50
330
5
100
AcDbSymbolTableRecord
100
AcDbTextStyleTableRecord
  2
LiberationSans-BoldItalic
 70
0
 40
0.0
 41
1.0
 50
0.0
 71
0
 42
2.5
  3
LiberationSans-BoldItalic.ttf
  4

  0
STYLE
  5
51
330
5
100
AcDbSymbolTableRecord
100
AcDbTextStyleTableRecord
  2
LiberationSans-Italic
 70
0
 40
0.0
 41
1.0
 50
0.0
 71
0
 42
2.5
  3
LiberationSans-Italic.ttf
  4

  0
STYLE
  5
52
330
5
100
AcDbSymbolTableRecord
100
AcDbTextStyleTableRecord
  2
LiberationSerif
 70
0
 40
0.0
 41
1.0
 50
0.0
 71
0
 42
2.5
  3
LiberationSerif-Regular.ttf
  4

  0
STYLE
  5
53
330
5
100
AcDbSymbolTableRecord
100
AcDbTextStyleTableRecord
  2
LiberationSerif-Bold
 70
0
 40
0.0
 41
1.0
 50
0.0
 71
0
 42
2.5
  3
LiberationSerif-Bold.ttf
  4

  0
STYLE
  5
54
330
5
100
AcDbSymbolTableRecord
100
AcDbTextStyleTableRecord
  2
LiberationSerif-BoldItalic
 70
0
 40
0.0
 41
1.0
 50
0.0
 71
0
 42
2.5
  3
LiberationSerif-BoldItalic.ttf
  4

  0
STYLE
  5
55
330
5
100
AcDbSymbolTableRecord
100
AcDbTextStyleTableRecord
  2
LiberationSerif-Italic
 70
0
 40
0.0
 41
1.0
 50
0.0
 71
0
 42
2.5
  3
LiberationSerif-Italic.ttf
  4

  0
STYLE
  5
56
330
5
100
AcDbSymbolTableRecord
100
AcDbTextStyleTableRecord
  2
LiberationMono
 70
0
 40
0.0
 41
1.0
 50
0.0
 71
0
 42
2.5
  3
LiberationMono-Regular.ttf
  4

  0
STYLE
  5
57
330
5
100
AcDbSymbolTableRecord
100
AcDbTextStyleTableRecord
  2
LiberationMono-Bold
 70
0
 40
0.0
 41
1.0
 50
0.0
 71
0
 42
2.5
  3
LiberationMono-Bold.ttf
  4

  0
STYLE
  5
58
330
5
100
AcDbSymbolTableRecord
100
AcDbTextStyleTableRecord
  2
LiberationMono-BoldItalic
 70
0
 40
0.0
 41
1.0
 50
0.0
 71
0
 42
2.5
  3
LiberationMono-BoldItalic.ttf
  4

  0
STYLE
  5
59
330
5
100
AcDbSymbolTableRecord
100
AcDbTextStyleTableRecord
  2
LiberationMono-Italic
 70
0
 40
0.0
 41
1.0
 50
0.0
 71
0
 42
2.5
  3
LiberationMono-Italic.ttf
  4

  0
STYLE
  5
A5
330
5
100
AcDbSymbolTableRecord
100
AcDbTextStyleTableRecord
  2
ANNO
 70
0
 40
0.0
 41
1.0
 50
0.0
 71
0
 42
2.5
  3
calibri.ttf
  4

  0
ENDTAB
  0
TABLE
  2
VIEW
  5
7
330
0
100
AcDbSymbolTable
 70
0
  0
ENDTAB
  0
TABLE
  2
UCS
  5
6
330
0
100
AcDbSymbolTable
 70
0
  0
ENDTAB
  0
TABLE
  2
APPID
  5
3
330
0
100
AcDbSymbolTable
 70
4
  0
APPID
  5
2A
330
3
100
AcDbSymbolTableRecord
100
AcDbRegAppTableRecord
  2
ACAD
 70
0
  0
APPID
  5
90
330
3
100
AcDbSymbolTableRecord
100
AcDbRegAppTableRecord
  2
AcAecLayerStandard
 70
0
  0
APPID
  5
B41
330
3
100
AcDbSymbolTableRecord
100
AcDbRegAppTableRecord
  2
HATCHBACKGROUNDCOLOR
 70
0
  0
APPID
  5
B42
330
3
100
AcDbSymbolTableRecord
100
AcDbRegAppTableRecord
  2
EZDXF
 70
0
  0
ENDTAB
  0
TABLE
  2
DIMSTYLE
  5
4
330
0
100
AcDbSymbolTable
 70
13
100
AcDbDimStyleTable
  0
DIMSTYLE
105
2B
330
4
100
AcDbSymbolTableRecord
100
AcDbDimStyleTableRecord
  2
Standard
 70
0
 40
1.0
 41
2.5
 42
0.625
 43
3.75
 44
1.25
 45
0.0
 46
0.0
 47
0.0
 48
0.0
 49
2.5
140
2.5
141
2.5
142
0.0
143
0.03937007874
144
1.0
145
0.0
146
1.0
147
0.625
148
0.0
 69
0
 70
0
 71
0
 72
0
 73
0
 74
0
 75
0
 76
0
 77
1
 78
8
 79
3
170
0
171
3
172
1
173
0
174
0
175
0
176
0
177
0
178
0
179
2
271
2
272
2
273
2
274
3
275
0
276
0
277
2
278
44
279
0
280
0
281
0
282
0
283
0
284
8
285
0
286
0
288
0
289
3
290
0
371
-2
372
-2
  0
DIMSTYLE
105
73
330
4
100
AcDbSymbolTableRecord
100
AcDbDimStyleTableRecord
  2
EZDXF
 70
0
 40
1.0
 41
0.175
 42
0.125
 43
3.75
 44
0.375
 45
0.0
 46
0.0
 47
0.0
 48
0.0
 49
2.5
140
0.25
141
2.5
142
0.0
143
0.03937007874
144
100.0
145
0.0
146
0.5
147
0.1
148
0.0
 69
0
 70
0
 71
0
 72
0
 73
0
 74
0
 75
0
 76
0
 77
1
 78
12
 79
3
170
0
171
3
172
1
173
0
174
0
175
0
176
0
177
0
178
0
179
2
271
2
272
2
273
2
274
3
275
0
276
0
277
2
278
46
279
2
280
0
281
0
282
0
283
0
284
8
285
0
286
0
288
1
289
3
290
0
340
4C
342
74
371
-2
372
-2
  0
DIMSTYLE
105
7C
330
4
100
AcDbSymbolTableRecord
100
AcDbDimStyleTableRecord
  2
EZ_M_100_H25_CM
 70
0
 40
1.0
 41
0.25
 42
0.125
 43
3.75
 44
0.375
 45
0.0
 46
0.0
 47
0.0
 48
0.0
 49
2.5
140
0.25
141
2.5
142
0.125
143
0.03937007874
144
100.0
145
0.0
146
0.5
147
0.1
148
0.0
 69
0
 70
0
 71
0
 72
0
 73
0
 74
0
 75
0
 76
0
 77
1
 78
12
 79
3
170
0
171
3
172
1
173
0
174
0
175
0
176
0
177
0
178
0
179
2
271
2
272
2
273
2
274
3
275
0
276
0
277
2
278
46
279
2
280
0
281
0
282
0
283
0
284
8
285
0
286
0
288
1
289
3
290
0
340
4C
371
-2
372
-2
  0
DIMSTYLE
105
7D
330
4
100
AcDbSymbolTableRecord
100
AcDbDimStyleTableRecord
  2
EZ_M_50_H25_CM
 70
0
 40
1.0
 41
0.125
 42
0.0625
 43
3.75
 44
0.1875
 45
0.0
 46
0.0
 47
0.0
 48
0.0
 49
2.5
140
0.125
141
2.5
142
0.0625
143
0.03937007874
144
100.0
145
0.0
146
0.5
147
0.05
148
0.0
 69
0
 70
0
 71
0
 72
0
 73
0
 74
0
 75
0
 76
0
 77
1
 78
12
 79
3
170
0
171
3
172
1
173
0
174
0
175
0
176
0
177
0
178
0
179
2
271
2
272
2
273
2
274
3
275
0
276
0
277
2
278
46
279
2
280
0
281
0
282
0
283
0
284
8
285
0
286
0
288
1
289
3
290
0
340
4C
371
-2
372
-2
  0
DIMSTYLE
105
7E
330
4
100
AcDbSymbolTableRecord
100
AcDbDimStyleTableRecord
  2
EZ_M_25_H25_CM
 70
0
 40
1.0
 41
0.0625
 42
0.03125
 43
3.75
 44
0.09375
 45
0.0
 46
0.0
 47
0.0
 48
0.0
 49
2.5
140
0.0625
141
2.5
142
0.03125
143
0.03937007874
144
100.0
145
0.0
146
0.5
147
0.025
148
0.0
 69
0
 70
0
 71
0
 72
0
 73
0
 74
0
 75
0
 76
0
 77
1
 78
12
 79
3
170
0
171
3
172
1
173
0
174
0
175
0
176
0
177
0
178
0
179
2
271
2
272
2
273
2
274
3
275
0
276
0
277
2
278
46
279
2
280
0
281
0
282
0
283
0
284
8
285
0
286
0
288
1
289
3
290
0
340
4C
371
-2
372
-2
  0
DIMSTYLE
105
7F
330
4
100
AcDbSymbolTableRecord
100
AcDbDimStyleTableRecord
  2
EZ_M_20_H25_CM
 70
0
 40
1.0
 41
0.05
 42
0.025
 43
3.75
 44
0.07500000000000001
 45
0.0
 46
0.0
 47
0.0
 48
0.0
 49
2.5
140
0.05
141
2.5
142
0.025
143
0.03937007874
144
100.0
145
0.0
146
0.5
147
0.020000000000000004
148
0.0
 69
0
 70
0
 71
0
 72
0
 73
0
 74
0
 75
0
 76
0
 77
1
 78
12
 79
3
170
0
171
3
172
1
173
0
174
0
175
0
176
0
177
0
178
0
179
2
271
2
272
2
273
2
274
3
275
0
276
0
277
2
278
46
279
2
280
0
281
0
282
0
283
0
284
8
285
0
286
0
288
1
289
3
290
0
340
4C
371
-2
372
-2
  0
DIMSTYLE
105
80
330
4
100
AcDbSymbolTableRecord
100
AcDbDimStyleTableRecord
  2
EZ_M_10_H25_CM
 70
0
 40
1.0
 41
0.025
 42
0.0125
 43
3.75
 44
0.037500000000000006
 45
0.0
 46
0.0
 47
0.0
 48
0.0
 49
2.5
140
0.025
141
2.5
142
0.0125
143
0.03937007874
144
100.0
145
0.0
146
0.5
147
0.010000000000000002
148
0.0
 69
0
 70
0
 71
0
 72
0
 73
0
 74
0
 75
0
 76
0
 77
1
 78
12
 79
3
170
0
171
3
172
1
173
0
174
0
175
0
176
0
177
0
178
0
179
2
271
2
272
2
273
2
274
3
275
0
276
0
277
2
278
46
279
2
280
0
281
0
282
0
283
0
284
8
285
0
286
0
288
1
289
3
290
0
340
4C
371
-2
372
-2
  0
DIMSTYLE
105
81
330
4
100
AcDbSymbolTableRecord
100
AcDbDimStyleTableRecord
  2
EZ_M_5_H25_CM
 70
0
 40
1.0
 41
0.0125
 42
0.00625
 43
3.75
 44
0.018750000000000003
 45
0.0
 46
0.0
 47
0.0
 48
0.0
 49
2.5
140
0.0125
141
2.5
142
0.00625
143
0.03937007874
144
100.0
145
0.0
146
0.5
147
0.005000000000000001
148
0.0
 69
0
 70
0
 71
0
 72
0
 73
0
 74
0
 75
0
 76
0
 77
1
 78
12
 79
3
170
0
171
3
172
1
173
0
174
0
175
0
176
0
177
0
178
0
179
2
271
2
272
2
273
2
274
3
275
0
276
0
277
2
278
46
279
2
280
0
281
0
282
0
283
0
284
8
285
0
286
0
288
1
289
3
290
0
340
4C
371
-2
372
-2
  0
DIMSTYLE
105
82
330
4
100
AcDbSymbolTableRecord
100
AcDbDimStyleTableRecord
  2
EZ_M_1_H25_CM
 70
0
 40
1.0
 41
0.0025
 42
0.00125
 43
3.75
 44
0.00375
 45
0.0
 46
0.0
 47
0.0
 48
0.0
 49
2.5
140
0.0025
141
2.5
142
0.00125
143
0.03937007874
144
100.0
145
0.0
146
0.5
147
0.001
148
0.0
 69
0
 70
0
 71
0
 72
0
 73
0
 74
0
 75
0
 76
0
 77
1
 78
12
 79
3
170
0
171
3
172
1
173
0
174
0
175
0
176
0
177
0
178
0
179
2
271
2
272
2
273
2
274
3
275
0
276
0
277
2
278
46
279
2
280
0
281
0
282
0
283
0
284
8
285
0
286
0
288
1
289
3
290
0
340
4C
371
-2
372
-2
  0
DIMSTYLE
105
83
330
4
100
AcDbSymbolTableRecord
100
AcDbDimStyleTableRecord
  2
EZ_RADIUS
 70
0
 40
1.0
 41
0.25
 42
0.125
 43
3.75
 44
0.375
 45
0.0
 46
0.0
 47
0.0
 48
0.0
 49
2.5
140
0.25
141
0.0
142
0.0
143
0.03937007874
144
100.0
145
0.0
146
0.5
147
0.1
148
0.0
 69
0
 70
0
 71
0
 72
0
 73
0
 74
0
 75
0
 76
0
 77
1
 78
12
 79
3
170
0
171
3
172
0
173
0
174
0
175
0
176
0
177
0
178
0
179
2
271
2
272
2
273
2
274
3
275
0
276
0
277
2
278
46
279
1
280
0
281
0
282
0
283
0
284
8
285
0
286
0
288
1
289
3
290
0
340
4C
342
84
371
-2
372
-2
  0
DIMSTYLE
105
88
330
4
100
AcDbSymbolTableRecord
100
AcDbDimStyleTableRecord
  2
EZ_RADIUS_INSIDE
 70
0
 40
1.0
 41
0.25
 42
0.125
 43
3.75
 44
0.375
 45
0.0
 46
0.0
 47
0.0
 48
0.0
 49
2.5
140
0.25
141
0.0
142
0.0
143
0.03937007874
144
100.0
145
0.0
146
0.5
147
0.1
148
0.0
 69
0
 70
0
 71
0
 72
0
 73
0
 74
0
 75
0
 76
0
 77
0
 78
12
 79
3
170
0
171
3
172
0
173
0
174
1
175
0
176
0
177
0
178
0
179
2
271
2
272
2
273
2
274
3
275
0
276
0
277
2
278
46
279
0
280
0
281
0
282
0
283
0
284
8
285
0
286
0
288
1
289
0
290
0
340
4C
342
84
371
-2
372
-2
  0
DIMSTYLE
105
89
330
4
100
AcDbSymbolTableRecord
100
AcDbDimStyleTableRecord
  2
EZ_CURVED
 70
0
 40
1.0
 41
0.25
 42
0.125
 43
3.75
 44
0.375
 45
0.0
 46
0.0
 47
0.0
 48
0.0
 49
2.5
140
0.25
141
2.5
142
0.0
143
0.03937007874
144
100.0
145
0.0
146
0.5
147
0.1
148
0.0
 69
0
 70
0
 71
0
 72
0
 73
0
 74
0
 75
0
 76
0
 77
1
 78
12
 79
2
 90
2
170
0
171
3
172
1
173
0
174
0
175
0
176
0
177
0
178
0
179
2
271
2
272
2
273
2
274
3
275
0
276
0
277
2
278
46
279
2
280
0
281
0
282
0
283
0
284
8
285
0
286
0
288
1
289
3
290
0
340
4C
371
-2
372
-2
  0
DIMSTYLE
105
A6
330
4
100
AcDbSymbolTableRecord
100
AcDbDimStyleTableRecord
  2
1-500
 70
0
 40
1.0
 41
0.75
 42
0.6
 43
3.75
 44
0.35
 45
0.0
 46
0.0
 47
0.0
 48
0.0
 49
2.5
140
1.25
141
2.5
142
0.0
143
0.03937007874
144
100.0
145
0.0
146
0.5
147
0.35
148
0.0
 69
0
 70
0
 71
0
 72
0
 73
0
 74
0
 75
0
 76
0
 77
1
 78
12
 79
3
170
0
171
3
172
1
173
0
174
0
175
0
176
0
177
0
178
4
179
2
271
2
272
2
273
2
274
3
275
0
276
0
277
2
278
46
279
2
280
0
281
0
282
0
283
0
284
8
285
0
286
0
288
1
289
3
290
0
340
A5
342
74
371
-2
372
-2
  0
ENDTAB
  0
TABLE
  2
BLOCK_RECORD
  5
9
330
0
100
AcDbSymbolTable
 70
34
  0
BLOCK_RECORD
  5
17
330
9
100
AcDbSymbolTableRecord
100
AcDbBlockTableRecord
  2
*Model_Space
340
1A
 70
0
280
1
281
0
  0
BLOCK_RECORD
  5
1B
330
9
100
AcDbSymbolTableRecord
100
AcDbBlockTableRecord
  2
*Paper_Space
340
1E
 70
0
280
1
281
0
  0
BLOCK_RECORD
  5
74
330
9
100
AcDbSymbolTableRecord
100
AcDbBlockTableRecord
  2
_ARCHTICK
340
0
 70
0
280
1
281
0
  0
BLOCK_RECORD
  5
78
330
9
100
AcDbSymbolTableRecord
100
AcDbBlockTableRecord
  2
_CLOSEDFILLED
340
0
 70
0
280
1
281
0
  0
BLOCK_RECORD
  5
84
330
9
100
AcDbSymbolTableRecord
100
AcDbBlockTableRecord
  2
_CLOSEDBLANK
340
0
 70
0
280
1
281
0
  0
BLOCK_RECORD
  5
A7
330
9
100
AcDbSymbolTableRecord
100
AcDbBlockTableRecord
  2
SIG-3SEC
340
0
 70
0
280
1
281
0
  0
BLOCK_RECORD
  5
AE
330
9
100
AcDbSymbolTableRecord
100
AcDbBlockTableRecord
  2
SIG-PED
340
0
 70
0
280
1
281
0
  0
BLOCK_RECORD
  5
B3
330
9
100
AcDbSymbolTableRecord
100
AcDbBlockTableRecord
  2
SIG-PB
340
0
 70
0
280
1
281
0
  0
BLOCK_RECORD
  5
B8
330
9
100
AcDbSymbolTableRecord
100
AcDbBlockTableRecord
  2
SIG-POLE
340
0
 70
0
280
1
281
0
  0
BLOCK_RECORD
  5
BE
330
9
100
AcDbSymbolTableRecord
100
AcDbBlockTableRecord
  2
SIG-MASTARM
340
0
 70
0
280
1
281
0
  0
BLOCK_RECORD
  5
C5
330
9
100
AcDbSymbolTableRecord
100
AcDbBlockTableRecord
  2
SIG-CABINET
340
0
 70
0
280
1
281
0
  0
BLOCK_RECORD
  5
CA
330
9
100
AcDbSymbolTableRecord
100
AcDbBlockTableRecord
  2
SIG-JB
340
0
 70
0
280
1
281
0
  0
BLOCK_RECORD
  5
CF
330
9
100
AcDbSymbolTableRecord
100
AcDbBlockTableRecord
  2
SIGN-POST
340
0
 70
0
280
1
281
0
  0
BLOCK_RECORD
  5
D6
330
9
100
AcDbSymbolTableRecord
100
AcDbBlockTableRecord
  2
DET-LOOP
340
0
 70
0
280
1
281
0
  0
BLOCK_RECORD
  5
DC
330
9
100
AcDbSymbolTableRecord
100
AcDbBlockTableRecord
  2
CURB-RAMP-TWSI
340
0
 70
0
280
1
281
0
  0
BLOCK_RECORD
  5
F8
330
9
100
AcDbSymbolTableRecord
100
AcDbBlockTableRecord
  2
TRAN-STOP
340
0
 70
0
280
1
281
0
  0
BLOCK_RECORD
  5
FD
330
9
100
AcDbSymbolTableRecord
100
AcDbBlockTableRecord
  2
ARROW-T
340
0
 70
0
280
1
281
0
  0
BLOCK_RECORD
  5
102
330
9
100
AcDbSymbolTableRecord
100
AcDbBlockTableRecord
  2
ARROW-L
340
0
 70
0
280
1
281
0
  0
BLOCK_RECORD
  5
108
330
9
100
AcDbSymbolTableRecord
100
AcDbBlockTableRecord
  2
ARROW-R
340
0
 70
0
280
1
281
0
  0
BLOCK_RECORD
  5
10E
330
9
100
AcDbSymbolTableRecord
100
AcDbBlockTableRecord
  2
ARROW-LT
340
0
 70
0
280
1
281
0
  0
BLOCK_RECORD
  5
115
330
9
100
AcDbSymbolTableRecord
100
AcDbBlockTableRecord
  2
ARROW-TR
340
0
 70
0
280
1
281
0
  0
BLOCK_RECORD
  5
11C
330
9
100
AcDbSymbolTableRecord
100
AcDbBlockTableRecord
  2
ARROW-LR
340
0
 70
0
280
1
281
0
  0
BLOCK_RECORD
  5
124
330
9
100
AcDbSymbolTableRecord
100
AcDbBlockTableRecord
  2
ARROW-LTR
340
0
 70
0
280
1
281
0
  0
BLOCK_RECORD
  5
12D
330
9
100
AcDbSymbolTableRecord
100
AcDbBlockTableRecord
  2
NORTH-ARROW
340
0
 70
0
280
1
281
0
  0
BLOCK_RECORD
  5
132
330
9
100
AcDbSymbolTableRecord
100
AcDbBlockTableRecord
  2
SCALE-BAR-500
340
0
 70
0
280
1
281
0
  0
BLOCK_RECORD
  5
144
330
9
100
AcDbSymbolTableRecord
100
AcDbBlockTableRecord
  2
INT-131
340
0
 70
0
280
1
281
0
  0
BLOCK_RECORD
  5
29B
330
9
100
AcDbSymbolTableRecord
100
AcDbBlockTableRecord
  2
INT-1381
340
0
 70
0
280
1
281
0
  0
BLOCK_RECORD
  5
3AA
330
9
100
AcDbSymbolTableRecord
100
AcDbBlockTableRecord
  2
INT-130
340
0
 70
0
280
1
281
0
  0
BLOCK_RECORD
  5
4B9
330
9
100
AcDbSymbolTableRecord
100
AcDbBlockTableRecord
  2
INT-856
340
0
 70
0
280
1
281
0
  0
BLOCK_RECORD
  5
5C8
330
9
100
AcDbSymbolTableRecord
100
AcDbBlockTableRecord
  2
INT-129
340
0
 70
0
280
1
281
0
  0
BLOCK_RECORD
  5
71F
330
9
100
AcDbSymbolTableRecord
100
AcDbBlockTableRecord
  2
INT-2177
340
0
 70
0
280
1
281
0
  0
BLOCK_RECORD
  5
82E
330
9
100
AcDbSymbolTableRecord
100
AcDbBlockTableRecord
  2
INT-1151
340
0
 70
0
280
1
281
0
  0
BLOCK_RECORD
  5
93D
330
9
100
AcDbSymbolTableRecord
100
AcDbBlockTableRecord
  2
INT-128
340
0
 70
0
280
1
281
0
  0
BLOCK_RECORD
  5
B2F
330
9
100
AcDbSymbolTableRecord
100
AcDbBlockTableRecord
  2
*Paper_Space0
340
B32
 70
0
280
1
281
0
  0
ENDTAB
  0
ENDSEC
  0
SECTION
  2
BLOCKS
  0
BLOCK
  5
18
330
17
100
AcDbEntity
  8
0
100
AcDbBlockBegin
  2
*Model_Space
 70
0
 10
0.0
 20
0.0
 30
0.0
  3
*Model_Space
  1

  0
ENDBLK
  5
19
330
17
100
AcDbEntity
  8
0
100
AcDbBlockEnd
  0
BLOCK
  5
1C
330
1B
100
AcDbEntity
  8
0
100
AcDbBlockBegin
  2
*Paper_Space
 70
0
 10
0.0
 20
0.0
 30
0.0
  3
*Paper_Space
  1

  0
ENDBLK
  5
1D
330
1B
100
AcDbEntity
  8
0
100
AcDbBlockEnd
  0
BLOCK
  5
75
330
74
100
AcDbEntity
  8
0
100
AcDbBlockBegin
  2
_ARCHTICK
 70
0
 10
0.0
 20
0.0
 30
0.0
  3
_ARCHTICK
  1

  0
LWPOLYLINE
  5
77
330
74
100
AcDbEntity
  8
0
  6
BYBLOCK
 62
0
100
AcDbPolyline
 90
2
 70
0
 43
0.15
 10
-0.5
 20
-0.5
 10
0.5
 20
0.5
  0
ENDBLK
  5
76
330
74
100
AcDbEntity
  8
0
100
AcDbBlockEnd
  0
BLOCK
  5
79
330
78
100
AcDbEntity
  8
0
100
AcDbBlockBegin
  2
_CLOSEDFILLED
 70
0
 10
0.0
 20
0.0
 30
0.0
  3
_CLOSEDFILLED
  1

  0
SOLID
  5
7B
330
78
100
AcDbEntity
  8
0
  6
BYBLOCK
 62
0
100
AcDbTrace
 10
-1.0
 20
0.16439898372402537
 30
0.0
 11
0.0
 21
0.0
 31
0.0
 12
-1.0
 22
-0.16439898372402537
 32
0.0
 13
-1.0
 23
-0.16439898372402537
 33
0.0
  0
ENDBLK
  5
7A
330
78
100
AcDbEntity
  8
0
100
AcDbBlockEnd
  0
BLOCK
  5
85
330
84
100
AcDbEntity
  8
0
100
AcDbBlockBegin
  2
_CLOSEDBLANK
 70
0
 10
0.0
 20
0.0
 30
0.0
  3
_CLOSEDBLANK
  1

  0
LWPOLYLINE
  5
87
330
84
100
AcDbEntity
  8
0
  6
BYBLOCK
 62
0
100
AcDbPolyline
 90
3
 70
1
 10
-1.0
 20
0.16439898372402537
 10
0.0
 20
0.0
 10
-1.0
 20
-0.16439898372402537
  0
ENDBLK
  5
86
330
84
100
AcDbEntity
  8
0
100
AcDbBlockEnd
  0
BLOCK
  5
A8
330
A7
100
AcDbEntity
  8
0
100
AcDbBlockBegin
  2
SIG-3SEC
 70
0
 10
0.0
 20
0.0
 30
0.0
  3
SIG-3SEC
  1

  0
LWPOLYLINE
  5
AA
330
A7
100
AcDbEntity
  8
0
100
AcDbPolyline
 90
4
 70
1
 10
-0.5
 20
0.0
 10
0.5
 20
0.0
 10
0.5
 20
3.0
 10
-0.5
 20
3.0
  0
CIRCLE
  5
AB
330
A7
100
AcDbEntity
  8
0
100
AcDbCircle
 10
0.0
 20
0.5
 30
0.0
 40
0.35
  0
CIRCLE
  5
AC
330
A7
100
AcDbEntity
  8
0
100
AcDbCircle
 10
0.0
 20
1.5
 30
0.0
 40
0.35
  0
CIRCLE
  5
AD
330
A7
100
AcDbEntity
  8
0
100
AcDbCircle
 10
0.0
 20
2.5
 30
0.0
 40
0.35
  0
ENDBLK
  5
A9
330
A7
100
AcDbEntity
  8
0
100
AcDbBlockEnd
  0
BLOCK
  5
AF
330
AE
100
AcDbEntity
  8
0
100
AcDbBlockBegin
  2
SIG-PED
 70
0
 10
0.0
 20
0.0
 30
0.0
  3
SIG-PED
  1

  0
LWPOLYLINE
  5
B1
330
AE
100
AcDbEntity
  8
0
100
AcDbPolyline
 90
4
 70
1
 10
-0.6
 20
0.0
 10
0.6
 20
0.0
 10
0.6
 20
1.6
 10
-0.6
 20
1.6
  0
TEXT
  5
B2
330
AE
100
AcDbEntity
  8
0
100
AcDbText
 10
0.0
 20
0.8
 30
0.0
 40
0.9
  1
P
  7
ANNO
 72
1
 11
0.0
 21
0.8
 31
0.0
100
AcDbText
 73
2
  0
ENDBLK
  5
B0
330
AE
100
AcDbEntity
  8
0
100
AcDbBlockEnd
  0
BLOCK
  5
B4
330
B3
100
AcDbEntity
  8
0
100
AcDbBlockBegin
  2
SIG-PB
 70
0
 10
0.0
 20
0.0
 30
0.0
  3
SIG-PB
  1

  0
CIRCLE
  5
B6
330
B3
100
AcDbEntity
  8
0
100
AcDbCircle
 10
0.0
 20
0.0
 30
0.0
 40
0.55
  0
TEXT
  5
B7
330
B3
100
AcDbEntity
  8
0
100
AcDbText
 10
0.0
 20
0.0
 30
0.0
 40
0.55
  1
PB
  7
ANNO
 72
1
 11
0.0
 21
0.0
 31
0.0
100
AcDbText
 73
2
  0
ENDBLK
  5
B5
330
B3
100
AcDbEntity
  8
0
100
AcDbBlockEnd
  0
BLOCK
  5
B9
330
B8
100
AcDbEntity
  8
0
100
AcDbBlockBegin
  2
SIG-POLE
 70
0
 10
0.0
 20
0.0
 30
0.0
  3
SIG-POLE
  1

  0
CIRCLE
  5
BB
330
B8
100
AcDbEntity
  8
0
100
AcDbCircle
 10
0.0
 20
0.0
 30
0.0
 40
0.6
  0
LINE
  5
BC
330
B8
100
AcDbEntity
  8
0
100
AcDbLine
 10
-0.42
 20
-0.42
 30
0.0
 11
0.42
 21
0.42
 31
0.0
  0
LINE
  5
BD
330
B8
100
AcDbEntity
  8
0
100
AcDbLine
 10
-0.42
 20
0.42
 30
0.0
 11
0.42
 21
-0.42
 31
0.0
  0
ENDBLK
  5
BA
330
B8
100
AcDbEntity
  8
0
100
AcDbBlockEnd
  0
BLOCK
  5
BF
330
BE
100
AcDbEntity
  8
0
100
AcDbBlockBegin
  2
SIG-MASTARM
 70
0
 10
0.0
 20
0.0
 30
0.0
  3
SIG-MASTARM
  1

  0
CIRCLE
  5
C1
330
BE
100
AcDbEntity
  8
0
100
AcDbCircle
 10
0.0
 20
0.0
 30
0.0
 40
0.8
  0
LINE
  5
C2
330
BE
100
AcDbEntity
  8
0
100
AcDbLine
 10
-0.57
 20
-0.57
 30
0.0
 11
0.57
 21
0.57
 31
0.0
  0
LINE
  5
C3
330
BE
100
AcDbEntity
  8
0
100
AcDbLine
 10
-0.57
 20
0.57
 30
0.0
 11
0.57
 21
-0.57
 31
0.0
  0
LWPOLYLINE
  5
C4
330
BE
100
AcDbEntity
  8
0
100
AcDbPolyline
 90
4
 70
1
 10
0.8
 20
0.25
 10
8.0
 20
0.25
 10
8.0
 20
-0.25
 10
0.8
 20
-0.25
  0
ENDBLK
  5
C0
330
BE
100
AcDbEntity
  8
0
100
AcDbBlockEnd
  0
BLOCK
  5
C6
330
C5
100
AcDbEntity
  8
0
100
AcDbBlockBegin
  2
SIG-CABINET
 70
0
 10
0.0
 20
0.0
 30
0.0
  3
SIG-CABINET
  1

  0
LWPOLYLINE
  5
C8
330
C5
100
AcDbEntity
  8
0
100
AcDbPolyline
 90
4
 70
1
 10
-0.9
 20
-0.6
 10
0.9
 20
-0.6
 10
0.9
 20
0.6
 10
-0.9
 20
0.6
  0
TEXT
  5
C9
330
C5
100
AcDbEntity
  8
0
100
AcDbText
 10
0.0
 20
0.0
 30
0.0
 40
0.5
  1
CTRL
  7
ANNO
 72
1
 11
0.0
 21
0.0
 31
0.0
100
AcDbText
 73
2
  0
ENDBLK
  5
C7
330
C5
100
AcDbEntity
  8
0
100
AcDbBlockEnd
  0
BLOCK
  5
CB
330
CA
100
AcDbEntity
  8
0
100
AcDbBlockBegin
  2
SIG-JB
 70
0
 10
0.0
 20
0.0
 30
0.0
  3
SIG-JB
  1

  0
LWPOLYLINE
  5
CD
330
CA
100
AcDbEntity
  8
0
100
AcDbPolyline
 90
4
 70
1
 10
-0.45
 20
-0.35
 10
0.45
 20
-0.35
 10
0.45
 20
0.35
 10
-0.45
 20
0.35
  0
LINE
  5
CE
330
CA
100
AcDbEntity
  8
0
100
AcDbLine
 10
-0.45
 20
-0.35
 30
0.0
 11
0.45
 21
0.35
 31
0.0
  0
ENDBLK
  5
CC
330
CA
100
AcDbEntity
  8
0
100
AcDbBlockEnd
  0
BLOCK
  5
D0
330
CF
100
AcDbEntity
  8
0
100
AcDbBlockBegin
  2
SIGN-POST
 70
2
 10
0.0
 20
0.0
 30
0.0
  3
SIGN-POST
  1

  0
CIRCLE
  5
D2
330
CF
100
AcDbEntity
  8
0
100
AcDbCircle
 10
0.0
 20
0.0
 30
0.0
 40
0.25
  0
LWPOLYLINE
  5
D3
330
CF
100
AcDbEntity
  8
0
100
AcDbPolyline
 90
4
 70
1
 10
-0.8
 20
0.6
 10
0.8
 20
0.6
 10
0.8
 20
2.0
 10
-0.8
 20
2.0
  0
LINE
  5
D4
330
CF
100
AcDbEntity
  8
0
100
AcDbLine
 10
0.0
 20
0.25
 30
0.0
 11
0.0
 21
0.6
 31
0.0
  0
ATTDEF
  5
D5
330
CF
100
AcDbEntity
  8
0
100
AcDbText
 10
0.0
 20
1.3
 30
0.0
 40
0.9
  1

  7
ANNO
 72
1
 11
0.0
 21
1.3
 31
0.0
100
AcDbAttributeDefinition
  3
OTM sign code
  2
CODE
 70
0
 74
2
  0
ENDBLK
  5
D1
330
CF
100
AcDbEntity
  8
0
100
AcDbBlockEnd
  0
BLOCK
  5
D7
330
D6
100
AcDbEntity
  8
0
100
AcDbBlockBegin
  2
DET-LOOP
 70
0
 10
0.0
 20
0.0
 30
0.0
  3
DET-LOOP
  1

  0
LWPOLYLINE
  5
D9
330
D6
100
AcDbEntity
  8
0
100
AcDbPolyline
 90
4
 70
1
 10
-1.0
 20
-1.0
 10
1.0
 20
-1.0
 10
1.0
 20
1.0
 10
-1.0
 20
1.0
  0
LINE
  5
DA
330
D6
100
AcDbEntity
  8
0
100
AcDbLine
 10
-1.0
 20
-1.0
 30
0.0
 11
1.0
 21
1.0
 31
0.0
  0
LINE
  5
DB
330
D6
100
AcDbEntity
  8
0
100
AcDbLine
 10
-1.0
 20
1.0
 30
0.0
 11
1.0
 21
-1.0
 31
0.0
  0
ENDBLK
  5
D8
330
D6
100
AcDbEntity
  8
0
100
AcDbBlockEnd
  0
BLOCK
  5
DD
330
DC
100
AcDbEntity
  8
0
100
AcDbBlockBegin
  2
CURB-RAMP-TWSI
 70
0
 10
0.0
 20
0.0
 30
0.0
  3
CURB-RAMP-TWSI
  1

  0
LWPOLYLINE
  5
DF
330
DC
100
AcDbEntity
  8
0
100
AcDbPolyline
 90
4
 70
1
 10
0.0
 20
0.0
 10
1.65
 20
0.0
 10
1.65
 20
0.61
 10
0.0
 20
0.61
  0
CIRCLE
  5
E0
330
DC
100
AcDbEntity
  8
0
100
AcDbCircle
 10
0.1
 20
0.11
 30
0.0
 40
0.045
  0
CIRCLE
  5
E1
330
DC
100
AcDbEntity
  8
0
100
AcDbCircle
 10
0.1
 20
0.3
 30
0.0
 40
0.045
  0
CIRCLE
  5
E2
330
DC
100
AcDbEntity
  8
0
100
AcDbCircle
 10
0.1
 20
0.49
 30
0.0
 40
0.045
  0
CIRCLE
  5
E3
330
DC
100
AcDbEntity
  8
0
100
AcDbCircle
 10
0.29000000000000004
 20
0.11
 30
0.0
 40
0.045
  0
CIRCLE
  5
E4
330
DC
100
AcDbEntity
  8
0
100
AcDbCircle
 10
0.29000000000000004
 20
0.3
 30
0.0
 40
0.045
  0
CIRCLE
  5
E5
330
DC
100
AcDbEntity
  8
0
100
AcDbCircle
 10
0.29000000000000004
 20
0.49
 30
0.0
 40
0.045
  0
CIRCLE
  5
E6
330
DC
100
AcDbEntity
  8
0
100
AcDbCircle
 10
0.48000000000000004
 20
0.11
 30
0.0
 40
0.045
  0
CIRCLE
  5
E7
330
DC
100
AcDbEntity
  8
0
100
AcDbCircle
 10
0.48000000000000004
 20
0.3
 30
0.0
 40
0.045
  0
CIRCLE
  5
E8
330
DC
100
AcDbEntity
  8
0
100
AcDbCircle
 10
0.48000000000000004
 20
0.49
 30
0.0
 40
0.045
  0
CIRCLE
  5
E9
330
DC
100
AcDbEntity
  8
0
100
AcDbCircle
 10
0.67
 20
0.11
 30
0.0
 40
0.045
  0
CIRCLE
  5
EA
330
DC
100
AcDbEntity
  8
0
100
AcDbCircle
 10
0.67
 20
0.3
 30
0.0
 40
0.045
  0
CIRCLE
  5
EB
330
DC
100
AcDbEntity
  8
0
100
AcDbCircle
 10
0.67
 20
0.49
 30
0.0
 40
0.045
  0
CIRCLE
  5
EC
330
DC
100
AcDbEntity
  8
0
100
AcDbCircle
 10
0.8600000000000001
 20
0.11
 30
0.0
 40
0.045
  0
CIRCLE
  5
ED
330
DC
100
AcDbEntity
  8
0
100
AcDbCircle
 10
0.8600000000000001
 20
0.3
 30
0.0
 40
0.045
  0
CIRCLE
  5
EE
330
DC
100
AcDbEntity
  8
0
100
AcDbCircle
 10
0.8600000000000001
 20
0.49
 30
0.0
 40
0.045
  0
CIRCLE
  5
EF
330
DC
100
AcDbEntity
  8
0
100
AcDbCircle
 10
1.05
 20
0.11
 30
0.0
 40
0.045
  0
CIRCLE
  5
F0
330
DC
100
AcDbEntity
  8
0
100
AcDbCircle
 10
1.05
 20
0.3
 30
0.0
 40
0.045
  0
CIRCLE
  5
F1
330
DC
100
AcDbEntity
  8
0
100
AcDbCircle
 10
1.05
 20
0.49
 30
0.0
 40
0.045
  0
CIRCLE
  5
F2
330
DC
100
AcDbEntity
  8
0
100
AcDbCircle
 10
1.24
 20
0.11
 30
0.0
 40
0.045
  0
CIRCLE
  5
F3
330
DC
100
AcDbEntity
  8
0
100
AcDbCircle
 10
1.24
 20
0.3
 30
0.0
 40
0.045
  0
CIRCLE
  5
F4
330
DC
100
AcDbEntity
  8
0
100
AcDbCircle
 10
1.24
 20
0.49
 30
0.0
 40
0.045
  0
CIRCLE
  5
F5
330
DC
100
AcDbEntity
  8
0
100
AcDbCircle
 10
1.43
 20
0.11
 30
0.0
 40
0.045
  0
CIRCLE
  5
F6
330
DC
100
AcDbEntity
  8
0
100
AcDbCircle
 10
1.43
 20
0.3
 30
0.0
 40
0.045
  0
CIRCLE
  5
F7
330
DC
100
AcDbEntity
  8
0
100
AcDbCircle
 10
1.43
 20
0.49
 30
0.0
 40
0.045
  0
ENDBLK
  5
DE
330
DC
100
AcDbEntity
  8
0
100
AcDbBlockEnd
  0
BLOCK
  5
F9
330
F8
100
AcDbEntity
  8
0
100
AcDbBlockBegin
  2
TRAN-STOP
 70
0
 10
0.0
 20
0.0
 30
0.0
  3
TRAN-STOP
  1

  0
CIRCLE
  5
FB
330
F8
100
AcDbEntity
  8
0
100
AcDbCircle
 10
0.0
 20
0.0
 30
0.0
 40
0.3
  0
LWPOLYLINE
  5
FC
330
F8
100
AcDbEntity
  8
0
100
AcDbPolyline
 90
5
 70
0
 10
0.0
 20
0.3
 10
0.0
 20
2.2
 10
1.4
 20
2.2
 10
1.4
 20
1.3
 10
0.0
 20
1.3
  0
ENDBLK
  5
FA
330
F8
100
AcDbEntity
  8
0
100
AcDbBlockEnd
  0
BLOCK
  5
FE
330
FD
100
AcDbEntity
  8
0
100
AcDbBlockBegin
  2
ARROW-T
 70
0
 10
0.0
 20
0.0
 30
0.0
  3
ARROW-T
  1

  0
LWPOLYLINE
  5
100
330
FD
100
AcDbEntity
  8
0
100
AcDbPolyline
 90
4
 70
1
 10
-0.25
 20
0.0
 10
0.25
 20
0.0
 10
0.25
 20
3.5
 10
-0.25
 20
3.5
  0
LWPOLYLINE
  5
101
330
FD
100
AcDbEntity
  8
0
100
AcDbPolyline
 90
3
 70
1
 10
-0.75
 20
3.2
 10
0.75
 20
3.2
 10
0.0
 20
4.2
  0
ENDBLK
  5
FF
330
FD
100
AcDbEntity
  8
0
100
AcDbBlockEnd
  0
BLOCK
  5
103
330
102
100
AcDbEntity
  8
0
100
AcDbBlockBegin
  2
ARROW-L
 70
0
 10
0.0
 20
0.0
 30
0.0
  3
ARROW-L
  1

  0
LWPOLYLINE
  5
105
330
102
100
AcDbEntity
  8
0
100
AcDbPolyline
 90
4
 70
1
 10
-0.25
 20
0.0
 10
0.25
 20
0.0
 10
0.25
 20
3.2
 10
-0.25
 20
3.2
  0
LWPOLYLINE
  5
106
330
102
100
AcDbEntity
  8
0
100
AcDbPolyline
 90
4
 70
1
 10
-0.25
 20
2.6
 10
-1.4
 20
2.6
 10
-1.4
 20
3.2
 10
-0.25
 20
3.2
  0
LWPOLYLINE
  5
107
330
102
100
AcDbEntity
  8
0
100
AcDbPolyline
 90
3
 70
1
 10
-1.4
 20
2.15
 10
-2.4
 20
2.9
 10
-1.4
 20
3.65
  0
ENDBLK
  5
104
330
102
100
AcDbEntity
  8
0
100
AcDbBlockEnd
  0
BLOCK
  5
109
330
108
100
AcDbEntity
  8
0
100
AcDbBlockBegin
  2
ARROW-R
 70
0
 10
0.0
 20
0.0
 30
0.0
  3
ARROW-R
  1

  0
LWPOLYLINE
  5
10B
330
108
100
AcDbEntity
  8
0
100
AcDbPolyline
 90
4
 70
1
 10
-0.25
 20
0.0
 10
0.25
 20
0.0
 10
0.25
 20
3.2
 10
-0.25
 20
3.2
  0
LWPOLYLINE
  5
10C
330
108
100
AcDbEntity
  8
0
100
AcDbPolyline
 90
4
 70
1
 10
0.25
 20
2.6
 10
1.4
 20
2.6
 10
1.4
 20
3.2
 10
0.25
 20
3.2
  0
LWPOLYLINE
  5
10D
330
108
100
AcDbEntity
  8
0
100
AcDbPolyline
 90
3
 70
1
 10
1.4
 20
2.15
 10
2.4
 20
2.9
 10
1.4
 20
3.65
  0
ENDBLK
  5
10A
330
108
100
AcDbEntity
  8
0
100
AcDbBlockEnd
  0
BLOCK
  5
10F
330
10E
100
AcDbEntity
  8
0
100
AcDbBlockBegin
  2
ARROW-LT
 70
0
 10
0.0
 20
0.0
 30
0.0
  3
ARROW-LT
  1

  0
LWPOLYLINE
  5
111
330
10E
100
AcDbEntity
  8
0
100
AcDbPolyline
 90
4
 70
1
 10
-0.25
 20
0.0
 10
0.25
 20
0.0
 10
0.25
 20
3.5
 10
-0.25
 20
3.5
  0
LWPOLYLINE
  5
112
330
10E
100
AcDbEntity
  8
0
100
AcDbPolyline
 90
3
 70
1
 10
-0.75
 20
3.2
 10
0.75
 20
3.2
 10
0.0
 20
4.2
  0
LWPOLYLINE
  5
113
330
10E
100
AcDbEntity
  8
0
100
AcDbPolyline
 90
4
 70
1
 10
-0.25
 20
2.6
 10
-1.4
 20
2.6
 10
-1.4
 20
3.2
 10
-0.25
 20
3.2
  0
LWPOLYLINE
  5
114
330
10E
100
AcDbEntity
  8
0
100
AcDbPolyline
 90
3
 70
1
 10
-1.4
 20
2.15
 10
-2.4
 20
2.9
 10
-1.4
 20
3.65
  0
ENDBLK
  5
110
330
10E
100
AcDbEntity
  8
0
100
AcDbBlockEnd
  0
BLOCK
  5
116
330
115
100
AcDbEntity
  8
0
100
AcDbBlockBegin
  2
ARROW-TR
 70
0
 10
0.0
 20
0.0
 30
0.0
  3
ARROW-TR
  1

  0
LWPOLYLINE
  5
118
330
115
100
AcDbEntity
  8
0
100
AcDbPolyline
 90
4
 70
1
 10
-0.25
 20
0.0
 10
0.25
 20
0.0
 10
0.25
 20
3.5
 10
-0.25
 20
3.5
  0
LWPOLYLINE
  5
119
330
115
100
AcDbEntity
  8
0
100
AcDbPolyline
 90
3
 70
1
 10
-0.75
 20
3.2
 10
0.75
 20
3.2
 10
0.0
 20
4.2
  0
LWPOLYLINE
  5
11A
330
115
100
AcDbEntity
  8
0
100
AcDbPolyline
 90
4
 70
1
 10
0.25
 20
2.6
 10
1.4
 20
2.6
 10
1.4
 20
3.2
 10
0.25
 20
3.2
  0
LWPOLYLINE
  5
11B
330
115
100
AcDbEntity
  8
0
100
AcDbPolyline
 90
3
 70
1
 10
1.4
 20
2.15
 10
2.4
 20
2.9
 10
1.4
 20
3.65
  0
ENDBLK
  5
117
330
115
100
AcDbEntity
  8
0
100
AcDbBlockEnd
  0
BLOCK
  5
11D
330
11C
100
AcDbEntity
  8
0
100
AcDbBlockBegin
  2
ARROW-LR
 70
0
 10
0.0
 20
0.0
 30
0.0
  3
ARROW-LR
  1

  0
LWPOLYLINE
  5
11F
330
11C
100
AcDbEntity
  8
0
100
AcDbPolyline
 90
4
 70
1
 10
-0.25
 20
0.0
 10
0.25
 20
0.0
 10
0.25
 20
3.2
 10
-0.25
 20
3.2
  0
LWPOLYLINE
  5
120
330
11C
100
AcDbEntity
  8
0
100
AcDbPolyline
 90
4
 70
1
 10
-0.25
 20
2.6
 10
-1.4
 20
2.6
 10
-1.4
 20
3.2
 10
-0.25
 20
3.2
  0
LWPOLYLINE
  5
121
330
11C
100
AcDbEntity
  8
0
100
AcDbPolyline
 90
3
 70
1
 10
-1.4
 20
2.15
 10
-2.4
 20
2.9
 10
-1.4
 20
3.65
  0
LWPOLYLINE
  5
122
330
11C
100
AcDbEntity
  8
0
100
AcDbPolyline
 90
4
 70
1
 10
0.25
 20
2.6
 10
1.4
 20
2.6
 10
1.4
 20
3.2
 10
0.25
 20
3.2
  0
LWPOLYLINE
  5
123
330
11C
100
AcDbEntity
  8
0
100
AcDbPolyline
 90
3
 70
1
 10
1.4
 20
2.15
 10
2.4
 20
2.9
 10
1.4
 20
3.65
  0
ENDBLK
  5
11E
330
11C
100
AcDbEntity
  8
0
100
AcDbBlockEnd
  0
BLOCK
  5
125
330
124
100
AcDbEntity
  8
0
100
AcDbBlockBegin
  2
ARROW-LTR
 70
0
 10
0.0
 20
0.0
 30
0.0
  3
ARROW-LTR
  1

  0
LWPOLYLINE
  5
127
330
124
100
AcDbEntity
  8
0
100
AcDbPolyline
 90
4
 70
1
 10
-0.25
 20
0.0
 10
0.25
 20
0.0
 10
0.25
 20
3.5
 10
-0.25
 20
3.5
  0
LWPOLYLINE
  5
128
330
124
100
AcDbEntity
  8
0
100
AcDbPolyline
 90
3
 70
1
 10
-0.75
 20
3.2
 10
0.75
 20
3.2
 10
0.0
 20
4.2
  0
LWPOLYLINE
  5
129
330
124
100
AcDbEntity
  8
0
100
AcDbPolyline
 90
4
 70
1
 10
-0.25
 20
2.6
 10
-1.4
 20
2.6
 10
-1.4
 20
3.2
 10
-0.25
 20
3.2
  0
LWPOLYLINE
  5
12A
330
124
100
AcDbEntity
  8
0
100
AcDbPolyline
 90
3
 70
1
 10
-1.4
 20
2.15
 10
-2.4
 20
2.9
 10
-1.4
 20
3.65
  0
LWPOLYLINE
  5
12B
330
124
100
AcDbEntity
  8
0
100
AcDbPolyline
 90
4
 70
1
 10
0.25
 20
2.6
 10
1.4
 20
2.6
 10
1.4
 20
3.2
 10
0.25
 20
3.2
  0
LWPOLYLINE
  5
12C
330
124
100
AcDbEntity
  8
0
100
AcDbPolyline
 90
3
 70
1
 10
1.4
 20
2.15
 10
2.4
 20
2.9
 10
1.4
 20
3.65
  0
ENDBLK
  5
126
330
124
100
AcDbEntity
  8
0
100
AcDbBlockEnd
  0
BLOCK
  5
12E
330
12D
100
AcDbEntity
  8
0
100
AcDbBlockBegin
  2
NORTH-ARROW
 70
0
 10
0.0
 20
0.0
 30
0.0
  3
NORTH-ARROW
  1

  0
LWPOLYLINE
  5
130
330
12D
100
AcDbEntity
  8
0
100
AcDbPolyline
 90
4
 70
1
 10
0.0
 20
0.0
 10
-2.2
 20
-3.0
 10
0.0
 20
9.0
 10
2.2
 20
-3.0
  0
TEXT
  5
131
330
12D
100
AcDbEntity
  8
0
100
AcDbText
 10
0.0
 20
10.0
 30
0.0
 40
2.5
  1
N
  7
ANNO
 72
1
 11
0.0
 21
10.0
 31
0.0
100
AcDbText
 73
1
  0
ENDBLK
  5
12F
330
12D
100
AcDbEntity
  8
0
100
AcDbBlockEnd
  0
BLOCK
  5
133
330
132
100
AcDbEntity
  8
0
100
AcDbBlockBegin
  2
SCALE-BAR-500
 70
0
 10
0.0
 20
0.0
 30
0.0
  3
SCALE-BAR-500
  1

  0
LWPOLYLINE
  5
135
330
132
100
AcDbEntity
  8
0
100
AcDbPolyline
 90
4
 70
1
 10
0.0
 20
0.0
 10
10.0
 20
0.0
 10
10.0
 20
1.2
 10
0.0
 20
1.2
  0
HATCH
  5
136
330
132
100
AcDbEntity
  8
0
 62
7
100
AcDbHatch
 10
0.0
 20
0.0
 30
0.0
210
0.0
220
0.0
230
1.0
  2
SOLID
 70
1
 71
0
 91
1
 92
3
 72
0
 73
1
 93
4
 10
0.0
 20
0.0
 10
10.0
 20
0.0
 10
10.0
 20
1.2
 10
0.0
 20
1.2
 97
0
 75
0
 76
1
 98
0
  0
TEXT
  5
137
330
132
100
AcDbEntity
  8
0
100
AcDbText
 10
0.0
 20
-0.6
 30
0.0
 40
1.25
  1
0
  7
ANNO
 72
1
 11
0.0
 21
-0.6
 31
0.0
100
AcDbText
 73
3
  0
LWPOLYLINE
  5
138
330
132
100
AcDbEntity
  8
0
100
AcDbPolyline
 90
4
 70
1
 10
10.0
 20
0.0
 10
20.0
 20
0.0
 10
20.0
 20
1.2
 10
10.0
 20
1.2
  0
TEXT
  5
139
330
132
100
AcDbEntity
  8
0
100
AcDbText
 10
10.0
 20
-0.6
 30
0.0
 40
1.25
  1
10
  7
ANNO
 72
1
 11
10.0
 21
-0.6
 31
0.0
100
AcDbText
 73
3
  0
LWPOLYLINE
  5
13A
330
132
100
AcDbEntity
  8
0
100
AcDbPolyline
 90
4
 70
1
 10
20.0
 20
0.0
 10
30.0
 20
0.0
 10
30.0
 20
1.2
 10
20.0
 20
1.2
  0
HATCH
  5
13B
330
132
100
AcDbEntity
  8
0
 62
7
100
AcDbHatch
 10
0.0
 20
0.0
 30
0.0
210
0.0
220
0.0
230
1.0
  2
SOLID
 70
1
 71
0
 91
1
 92
3
 72
0
 73
1
 93
4
 10
20.0
 20
0.0
 10
30.0
 20
0.0
 10
30.0
 20
1.2
 10
20.0
 20
1.2
 97
0
 75
0
 76
1
 98
0
  0
TEXT
  5
13C
330
132
100
AcDbEntity
  8
0
100
AcDbText
 10
20.0
 20
-0.6
 30
0.0
 40
1.25
  1
20
  7
ANNO
 72
1
 11
20.0
 21
-0.6
 31
0.0
100
AcDbText
 73
3
  0
LWPOLYLINE
  5
13D
330
132
100
AcDbEntity
  8
0
100
AcDbPolyline
 90
4
 70
1
 10
30.0
 20
0.0
 10
40.0
 20
0.0
 10
40.0
 20
1.2
 10
30.0
 20
1.2
  0
TEXT
  5
13E
330
132
100
AcDbEntity
  8
0
100
AcDbText
 10
30.0
 20
-0.6
 30
0.0
 40
1.25
  1
30
  7
ANNO
 72
1
 11
30.0
 21
-0.6
 31
0.0
100
AcDbText
 73
3
  0
LWPOLYLINE
  5
13F
330
132
100
AcDbEntity
  8
0
100
AcDbPolyline
 90
4
 70
1
 10
40.0
 20
0.0
 10
50.0
 20
0.0
 10
50.0
 20
1.2
 10
40.0
 20
1.2
  0
HATCH
  5
140
330
132
100
AcDbEntity
  8
0
 62
7
100
AcDbHatch
 10
0.0
 20
0.0
 30
0.0
210
0.0
220
0.0
230
1.0
  2
SOLID
 70
1
 71
0
 91
1
 92
3
 72
0
 73
1
 93
4
 10
40.0
 20
0.0
 10
50.0
 20
0.0
 10
50.0
 20
1.2
 10
40.0
 20
1.2
 97
0
 75
0
 76
1
 98
0
  0
TEXT
  5
141
330
132
100
AcDbEntity
  8
0
100
AcDbText
 10
40.0
 20
-0.6
 30
0.0
 40
1.25
  1
40
  7
ANNO
 72
1
 11
40.0
 21
-0.6
 31
0.0
100
AcDbText
 73
3
  0
TEXT
  5
142
330
132
100
AcDbEntity
  8
0
100
AcDbText
 10
50.0
 20
-0.6
 30
0.0
 40
1.25
  1
50
  7
ANNO
 72
1
 11
50.0
 21
-0.6
 31
0.0
100
AcDbText
 73
3
  0
TEXT
  5
143
330
132
100
AcDbEntity
  8
0
100
AcDbText
 10
25.0
 20
-2.4
 30
0.0
 40
1.25
  1
METRES   1:500
  7
ANNO
 72
1
 11
25.0
 21
-2.4
 31
0.0
100
AcDbText
 73
3
  0
ENDBLK
  5
134
330
132
100
AcDbEntity
  8
0
100
AcDbBlockEnd
  0
BLOCK
  5
145
330
144
100
AcDbEntity
  8
0
100
AcDbBlockBegin
  2
INT-131
 70
0
 10
0.0
 20
0.0
 30
0.0
  3
INT-131
  1

  0
LWPOLYLINE
  5
147
330
144
100
AcDbEntity
  8
C-CURB
100
AcDbPolyline
 90
2
 70
0
 10
-95.0
 20
10.5
 10
-23.5
 20
10.5
  0
LWPOLYLINE
  5
148
330
144
100
AcDbEntity
  8
C-CURB
100
AcDbPolyline
 90
2
 70
0
 10
-11.5
 20
95.0
 10
-11.5
 20
22.5
  0
ARC
  5
149
330
144
100
AcDbEntity
  8
C-CURB
100
AcDbCircle
 10
-23.5
 20
22.5
 30
0.0
 40
12.0
100
AcDbArc
 50
270.0
 51
360.0
  0
LWPOLYLINE
  5
14A
330
144
100
AcDbEntity
  8
C-PED
100
AcDbPolyline
 90
2
 70
0
 10
-95.0
 20
13.0
 10
-23.5
 20
13.0
  0
LWPOLYLINE
  5
14B
330
144
100
AcDbEntity
  8
C-PED
100
AcDbPolyline
 90
2
 70
0
 10
-14.0
 20
95.0
 10
-14.0
 20
22.5
  0
ARC
  5
14C
330
144
100
AcDbEntity
  8
C-PED
100
AcDbCircle
 10
-23.5
 20
22.5
 30
0.0
 40
9.5
100
AcDbArc
 50
270.0
 51
360.0
  0
LWPOLYLINE
  5
14D
330
144
100
AcDbEntity
  8
C-PED
100
AcDbPolyline
 90
2
 70
0
 10
-95.0
 20
15.0
 10
-23.5
 20
15.0
  0
LWPOLYLINE
  5
14E
330
144
100
AcDbEntity
  8
C-PED
100
AcDbPolyline
 90
2
 70
0
 10
-16.0
 20
95.0
 10
-16.0
 20
22.5
  0
ARC
  5
14F
330
144
100
AcDbEntity
  8
C-PED
100
AcDbCircle
 10
-23.5
 20
22.5
 30
0.0
 40
7.5
100
AcDbArc
 50
270.0
 51
360.0
  0
LWPOLYLINE
  5
150
330
144
100
AcDbEntity
  8
C-CURB
100
AcDbPolyline
 90
2
 70
0
 10
95.0
 20
10.5
 10
23.5
 20
10.5
  0
LWPOLYLINE
  5
151
330
144
100
AcDbEntity
  8
C-CURB
100
AcDbPolyline
 90
2
 70
0
 10
11.5
 20
95.0
 10
11.5
 20
22.5
  0
ARC
  5
152
330
144
100
AcDbEntity
  8
C-CURB
100
AcDbCircle
 10
23.5
 20
22.5
 30
0.0
 40
12.0
100
AcDbArc
 50
180.0
 51
270.0
  0
LWPOLYLINE
  5
153
330
144
100
AcDbEntity
  8
C-PED
100
AcDbPolyline
 90
2
 70
0
 10
95.0
 20
13.0
 10
23.5
 20
13.0
  0
LWPOLYLINE
  5
154
330
144
100
AcDbEntity
  8
C-PED
100
AcDbPolyline
 90
2
 70
0
 10
14.0
 20
95.0
 10
14.0
 20
22.5
  0
ARC
  5
155
330
144
100
AcDbEntity
  8
C-PED
100
AcDbCircle
 10
23.5
 20
22.5
 30
0.0
 40
9.5
100
AcDbArc
 50
180.0
 51
270.0
  0
LWPOLYLINE
  5
156
330
144
100
AcDbEntity
  8
C-PED
100
AcDbPolyline
 90
2
 70
0
 10
95.0
 20
15.0
 10
23.5
 20
15.0
  0
LWPOLYLINE
  5
157
330
144
100
AcDbEntity
  8
C-PED
100
AcDbPolyline
 90
2
 70
0
 10
16.0
 20
95.0
 10
16.0
 20
22.5
  0
ARC
  5
158
330
144
100
AcDbEntity
  8
C-PED
100
AcDbCircle
 10
23.5
 20
22.5
 30
0.0
 40
7.5
100
AcDbArc
 50
180.0
 51
270.0
  0
LWPOLYLINE
  5
159
330
144
100
AcDbEntity
  8
C-CURB
100
AcDbPolyline
 90
2
 70
0
 10
95.0
 20
-10.5
 10
23.5
 20
-10.5
  0
LWPOLYLINE
  5
15A
330
144
100
AcDbEntity
  8
C-CURB
100
AcDbPolyline
 90
2
 70
0
 10
11.5
 20
-95.0
 10
11.5
 20
-22.5
  0
ARC
  5
15B
330
144
100
AcDbEntity
  8
C-CURB
100
AcDbCircle
 10
23.5
 20
-22.5
 30
0.0
 40
12.0
100
AcDbArc
 50
90.0
 51
180.0
  0
LWPOLYLINE
  5
15C
330
144
100
AcDbEntity
  8
C-PED
100
AcDbPolyline
 90
2
 70
0
 10
95.0
 20
-13.0
 10
23.5
 20
-13.0
  0
LWPOLYLINE
  5
15D
330
144
100
AcDbEntity
  8
C-PED
100
AcDbPolyline
 90
2
 70
0
 10
14.0
 20
-95.0
 10
14.0
 20
-22.5
  0
ARC
  5
15E
330
144
100
AcDbEntity
  8
C-PED
100
AcDbCircle
 10
23.5
 20
-22.5
 30
0.0
 40
9.5
100
AcDbArc
 50
90.0
 51
180.0
  0
LWPOLYLINE
  5
15F
330
144
100
AcDbEntity
  8
C-PED
100
AcDbPolyline
 90
2
 70
0
 10
95.0
 20
-15.0
 10
23.5
 20
-15.0
  0
LWPOLYLINE
  5
160
330
144
100
AcDbEntity
  8
C-PED
100
AcDbPolyline
 90
2
 70
0
 10
16.0
 20
-95.0
 10
16.0
 20
-22.5
  0
ARC
  5
161
330
144
100
AcDbEntity
  8
C-PED
100
AcDbCircle
 10
23.5
 20
-22.5
 30
0.0
 40
7.5
100
AcDbArc
 50
90.0
 51
180.0
  0
LWPOLYLINE
  5
162
330
144
100
AcDbEntity
  8
C-CURB
100
AcDbPolyline
 90
2
 70
0
 10
-95.0
 20
-10.5
 10
-23.5
 20
-10.5
  0
LWPOLYLINE
  5
163
330
144
100
AcDbEntity
  8
C-CURB
100
AcDbPolyline
 90
2
 70
0
 10
-11.5
 20
-95.0
 10
-11.5
 20
-22.5
  0
ARC
  5
164
330
144
100
AcDbEntity
  8
C-CURB
100
AcDbCircle
 10
-23.5
 20
-22.5
 30
0.0
 40
12.0
100
AcDbArc
 50
0.0
 51
90.0
  0
LWPOLYLINE
  5
165
330
144
100
AcDbEntity
  8
C-PED
100
AcDbPolyline
 90
2
 70
0
 10
-95.0
 20
-13.0
 10
-23.5
 20
-13.0
  0
LWPOLYLINE
  5
166
330
144
100
AcDbEntity
  8
C-PED
100
AcDbPolyline
 90
2
 70
0
 10
-14.0
 20
-95.0
 10
-14.0
 20
-22.5
  0
ARC
  5
167
330
144
100
AcDbEntity
  8
C-PED
100
AcDbCircle
 10
-23.5
 20
-22.5
 30
0.0
 40
9.5
100
AcDbArc
 50
0.0
 51
90.0
  0
LWPOLYLINE
  5
168
330
144
100
AcDbEntity
  8
C-PED
100
AcDbPolyline
 90
2
 70
0
 10
-95.0
 20
-15.0
 10
-23.5
 20
-15.0
  0
LWPOLYLINE
  5
169
330
144
100
AcDbEntity
  8
C-PED
100
AcDbPolyline
 90
2
 70
0
 10
-16.0
 20
-95.0
 10
-16.0
 20
-22.5
  0
ARC
  5
16A
330
144
100
AcDbEntity
  8
C-PED
100
AcDbCircle
 10
-23.5
 20
-22.5
 30
0.0
 40
7.5
100
AcDbArc
 50
0.0
 51
90.0
  0
LWPOLYLINE
  5
16B
330
144
100
AcDbEntity
  8
C-MARK-YELW
100
AcDbPolyline
 90
2
 70
0
 10
-95.0
 20
0.0
 10
-17.6
 20
0.0
  0
LWPOLYLINE
  5
16C
330
144
100
AcDbEntity
  8
C-MARK-YELW
100
AcDbPolyline
 90
2
 70
0
 10
17.6
 20
0.0
 10
95.0
 20
0.0
  0
LWPOLYLINE
  5
16D
330
144
100
AcDbEntity
  8
C-MARK-LANE
100
AcDbPolyline
 90
2
 70
0
 10
-95.0
 20
3.5
 10
-17.6
 20
3.5
  0
LWPOLYLINE
  5
16E
330
144
100
AcDbEntity
  8
C-MARK-LANE
100
AcDbPolyline
 90
2
 70
0
 10
17.6
 20
3.5
 10
95.0
 20
3.5
  0
LWPOLYLINE
  5
16F
330
144
100
AcDbEntity
  8
C-MARK-LANE
100
AcDbPolyline
 90
2
 70
0
 10
-95.0
 20
-3.5
 10
-17.6
 20
-3.5
  0
LWPOLYLINE
  5
170
330
144
100
AcDbEntity
  8
C-MARK-LANE
100
AcDbPolyline
 90
2
 70
0
 10
17.6
 20
-3.5
 10
95.0
 20
-3.5
  0
LWPOLYLINE
  5
171
330
144
100
AcDbEntity
  8
C-MARK-LANE
100
AcDbPolyline
 90
2
 70
0
 10
-95.0
 20
7.0
 10
-17.6
 20
7.0
  0
LWPOLYLINE
  5
172
330
144
100
AcDbEntity
  8
C-MARK-LANE
100
AcDbPolyline
 90
2
 70
0
 10
17.6
 20
7.0
 10
95.0
 20
7.0
  0
LWPOLYLINE
  5
173
330
144
100
AcDbEntity
  8
C-MARK-LANE
100
AcDbPolyline
 90
2
 70
0
 10
-95.0
 20
-7.0
 10
-17.6
 20
-7.0
  0
LWPOLYLINE
  5
174
330
144
100
AcDbEntity
  8
C-MARK-LANE
100
AcDbPolyline
 90
2
 70
0
 10
17.6
 20
-7.0
 10
95.0
 20
-7.0
  0
LWPOLYLINE
  5
175
330
144
100
AcDbEntity
  8
C-MARK-LANE
100
AcDbPolyline
 90
2
 70
0
 10
4.5
 20
-95.0
 10
4.5
 20
-16.6
  0
LWPOLYLINE
  5
176
330
144
100
AcDbEntity
  8
C-MARK-LANE
100
AcDbPolyline
 90
2
 70
0
 10
4.5
 20
16.6
 10
4.5
 20
95.0
  0
LWPOLYLINE
  5
177
330
144
100
AcDbEntity
  8
C-MARK-LANE
100
AcDbPolyline
 90
2
 70
0
 10
-4.5
 20
-95.0
 10
-4.5
 20
-16.6
  0
LWPOLYLINE
  5
178
330
144
100
AcDbEntity
  8
C-MARK-LANE
100
AcDbPolyline
 90
2
 70
0
 10
-4.5
 20
16.6
 10
-4.5
 20
95.0
  0
LWPOLYLINE
  5
179
330
144
100
AcDbEntity
  8
C-MARK-LANE
100
AcDbPolyline
 90
2
 70
0
 10
8.0
 20
-95.0
 10
8.0
 20
-16.6
  0
LWPOLYLINE
  5
17A
330
144
100
AcDbEntity
  8
C-MARK-LANE
100
AcDbPolyline
 90
2
 70
0
 10
8.0
 20
16.6
 10
8.0
 20
95.0
  0
LWPOLYLINE
  5
17B
330
144
100
AcDbEntity
  8
C-MARK-LANE
100
AcDbPolyline
 90
2
 70
0
 10
-8.0
 20
-95.0
 10
-8.0
 20
-16.6
  0
LWPOLYLINE
  5
17C
330
144
100
AcDbEntity
  8
C-MARK-LANE
100
AcDbPolyline
 90
2
 70
0
 10
-8.0
 20
16.6
 10
-8.0
 20
95.0
  0
LWPOLYLINE
  5
17D
330
144
100
AcDbEntity
  8
C-MARK-EXT
100
AcDbPolyline
 90
2
 70
0
 10
-13.0
 20
3.5
 10
13.0
 20
3.5
  0
LWPOLYLINE
  5
17E
330
144
100
AcDbEntity
  8
C-MARK-EXT
100
AcDbPolyline
 90
2
 70
0
 10
-13.0
 20
-3.5
 10
13.0
 20
-3.5
  0
LWPOLYLINE
  5
17F
330
144
100
AcDbEntity
  8
C-MARK-EXT
100
AcDbPolyline
 90
2
 70
0
 10
-13.0
 20
7.0
 10
13.0
 20
7.0
  0
LWPOLYLINE
  5
180
330
144
100
AcDbEntity
  8
C-MARK-EXT
100
AcDbPolyline
 90
2
 70
0
 10
-13.0
 20
-7.0
 10
13.0
 20
-7.0
  0
LWPOLYLINE
  5
181
330
144
100
AcDbEntity
  8
C-MARK-EXT
100
AcDbPolyline
 90
2
 70
0
 10
4.5
 20
-12.0
 10
4.5
 20
12.0
  0
LWPOLYLINE
  5
182
330
144
100
AcDbEntity
  8
C-MARK-EXT
100
AcDbPolyline
 90
2
 70
0
 10
-4.5
 20
-12.0
 10
-4.5
 20
12.0
  0
LWPOLYLINE
  5
183
330
144
100
AcDbEntity
  8
C-MARK-EXT
100
AcDbPolyline
 90
2
 70
0
 10
8.0
 20
-12.0
 10
8.0
 20
12.0
  0
LWPOLYLINE
  5
184
330
144
100
AcDbEntity
  8
C-MARK-EXT
100
AcDbPolyline
 90
2
 70
0
 10
-8.0
 20
-12.0
 10
-8.0
 20
12.0
  0
LWPOLYLINE
  5
185
330
144
100
AcDbEntity
  8
C-MARK-STOP
100
AcDbPolyline
 90
4
 70
1
 10
-17.6
 20
-10.5
 10
-17.0
 20
-10.5
 10
-17.0
 20
-0.0
 10
-17.6
 20
-0.0
  0
HATCH
  5
186
330
144
100
AcDbEntity
  8
C-MARK-STOP
 62
7
100
AcDbHatch
 10
0.0
 20
0.0
 30
0.0
210
0.0
220
0.0
230
1.0
  2
SOLID
 70
1
 71
0
 91
1
 92
3
 72
0
 73
1
 93
4
 10
-17.6
 20
-10.5
 10
-17.0
 20
-10.5
 10
-17.0
 20
-0.0
 10
-17.6
 20
-0.0
 97
0
 75
0
 76
1
 98
0
  0
LWPOLYLINE
  5
187
330
144
100
AcDbEntity
  8
C-MARK-STOP
100
AcDbPolyline
 90
4
 70
1
 10
17.0
 20
0.0
 10
17.6
 20
0.0
 10
17.6
 20
10.5
 10
17.0
 20
10.5
  0
HATCH
  5
188
330
144
100
AcDbEntity
  8
C-MARK-STOP
 62
7
100
AcDbHatch
 10
0.0
 20
0.0
 30
0.0
210
0.0
220
0.0
230
1.0
  2
SOLID
 70
1
 71
0
 91
1
 92
3
 72
0
 73
1
 93
4
 10
17.0
 20
0.0
 10
17.6
 20
0.0
 10
17.6
 20
10.5
 10
17.0
 20
10.5
 97
0
 75
0
 76
1
 98
0
  0
LWPOLYLINE
  5
189
330
144
100
AcDbEntity
  8
C-MARK-STOP
100
AcDbPolyline
 90
4
 70
1
 10
1.0
 20
-16.6
 10
11.5
 20
-16.6
 10
11.5
 20
-16.0
 10
1.0
 20
-16.0
  0
HATCH
  5
18A
330
144
100
AcDbEntity
  8
C-MARK-STOP
 62
7
100
AcDbHatch
 10
0.0
 20
0.0
 30
0.0
210
0.0
220
0.0
230
1.0
  2
SOLID
 70
1
 71
0
 91
1
 92
3
 72
0
 73
1
 93
4
 10
1.0
 20
-16.6
 10
11.5
 20
-16.6
 10
11.5
 20
-16.0
 10
1.0
 20
-16.0
 97
0
 75
0
 76
1
 98
0
  0
LWPOLYLINE
  5
18B
330
144
100
AcDbEntity
  8
C-MARK-STOP
100
AcDbPolyline
 90
4
 70
1
 10
-11.5
 20
16.0
 10
-1.0
 20
16.0
 10
-1.0
 20
16.6
 10
-11.5
 20
16.6
  0
HATCH
  5
18C
330
144
100
AcDbEntity
  8
C-MARK-STOP
 62
7
100
AcDbHatch
 10
0.0
 20
0.0
 30
0.0
210
0.0
220
0.0
230
1.0
  2
SOLID
 70
1
 71
0
 91
1
 92
3
 72
0
 73
1
 93
4
 10
-11.5
 20
16.0
 10
-1.0
 20
16.0
 10
-1.0
 20
16.6
 10
-11.5
 20
16.6
 97
0
 75
0
 76
1
 98
0
  0
LWPOLYLINE
  5
18D
330
144
100
AcDbEntity
  8
C-MARK
100
AcDbPolyline
 90
2
 70
0
 10
-16.0
 20
-10.5
 10
-13.0
 20
-10.5
  0
LWPOLYLINE
  5
18E
330
144
100
AcDbEntity
  8
C-MARK
100
AcDbPolyline
 90
2
 70
0
 10
-16.0
 20
10.5
 10
-13.0
 20
10.5
  0
LWPOLYLINE
  5
18F
330
144
100
AcDbEntity
  8
C-MARK
100
AcDbPolyline
 90
4
 70
1
 10
-16.0
 20
-10.0
 10
-13.0
 20
-10.0
 10
-13.0
 20
-9.5
 10
-16.0
 20
-9.5
  0
LWPOLYLINE
  5
190
330
144
100
AcDbEntity
  8
C-MARK
100
AcDbPolyline
 90
4
 70
1
 10
-16.0
 20
-9.0
 10
-13.0
 20
-9.0
 10
-13.0
 20
-8.5
 10
-16.0
 20
-8.5
  0
LWPOLYLINE
  5
191
330
144
100
AcDbEntity
  8
C-MARK
100
AcDbPolyline
 90
4
 70
1
 10
-16.0
 20
-8.0
 10
-13.0
 20
-8.0
 10
-13.0
 20
-7.5
 10
-16.0
 20
-7.5
  0
LWPOLYLINE
  5
192
330
144
100
AcDbEntity
  8
C-MARK
100
AcDbPolyline
 90
4
 70
1
 10
-16.0
 20
-7.0
 10
-13.0
 20
-7.0
 10
-13.0
 20
-6.5
 10
-16.0
 20
-6.5
  0
LWPOLYLINE
  5
193
330
144
100
AcDbEntity
  8
C-MARK
100
AcDbPolyline
 90
4
 70
1
 10
-16.0
 20
-6.0
 10
-13.0
 20
-6.0
 10
-13.0
 20
-5.5
 10
-16.0
 20
-5.5
  0
LWPOLYLINE
  5
194
330
144
100
AcDbEntity
  8
C-MARK
100
AcDbPolyline
 90
4
 70
1
 10
-16.0
 20
-5.0
 10
-13.0
 20
-5.0
 10
-13.0
 20
-4.5
 10
-16.0
 20
-4.5
  0
LWPOLYLINE
  5
195
330
144
100
AcDbEntity
  8
C-MARK
100
AcDbPolyline
 90
4
 70
1
 10
-16.0
 20
-4.0
 10
-13.0
 20
-4.0
 10
-13.0
 20
-3.5
 10
-16.0
 20
-3.5
  0
LWPOLYLINE
  5
196
330
144
100
AcDbEntity
  8
C-MARK
100
AcDbPolyline
 90
4
 70
1
 10
-16.0
 20
-3.0
 10
-13.0
 20
-3.0
 10
-13.0
 20
-2.5
 10
-16.0
 20
-2.5
  0
LWPOLYLINE
  5
197
330
144
100
AcDbEntity
  8
C-MARK
100
AcDbPolyline
 90
4
 70
1
 10
-16.0
 20
-2.0
 10
-13.0
 20
-2.0
 10
-13.0
 20
-1.5
 10
-16.0
 20
-1.5
  0
LWPOLYLINE
  5
198
330
144
100
AcDbEntity
  8
C-MARK
100
AcDbPolyline
 90
4
 70
1
 10
-16.0
 20
-1.0
 10
-13.0
 20
-1.0
 10
-13.0
 20
-0.5
 10
-16.0
 20
-0.5
  0
LWPOLYLINE
  5
199
330
144
100
AcDbEntity
  8
C-MARK
100
AcDbPolyline
 90
4
 70
1
 10
-16.0
 20
0.0
 10
-13.0
 20
0.0
 10
-13.0
 20
0.5
 10
-16.0
 20
0.5
  0
LWPOLYLINE
  5
19A
330
144
100
AcDbEntity
  8
C-MARK
100
AcDbPolyline
 90
4
 70
1
 10
-16.0
 20
1.0
 10
-13.0
 20
1.0
 10
-13.0
 20
1.5
 10
-16.0
 20
1.5
  0
LWPOLYLINE
  5
19B
330
144
100
AcDbEntity
  8
C-MARK
100
AcDbPolyline
 90
4
 70
1
 10
-16.0
 20
2.0
 10
-13.0
 20
2.0
 10
-13.0
 20
2.5
 10
-16.0
 20
2.5
  0
LWPOLYLINE
  5
19C
330
144
100
AcDbEntity
  8
C-MARK
100
AcDbPolyline
 90
4
 70
1
 10
-16.0
 20
3.0
 10
-13.0
 20
3.0
 10
-13.0
 20
3.5
 10
-16.0
 20
3.5
  0
LWPOLYLINE
  5
19D
330
144
100
AcDbEntity
  8
C-MARK
100
AcDbPolyline
 90
4
 70
1
 10
-16.0
 20
4.0
 10
-13.0
 20
4.0
 10
-13.0
 20
4.5
 10
-16.0
 20
4.5
  0
LWPOLYLINE
  5
19E
330
144
100
AcDbEntity
  8
C-MARK
100
AcDbPolyline
 90
4
 70
1
 10
-16.0
 20
5.0
 10
-13.0
 20
5.0
 10
-13.0
 20
5.5
 10
-16.0
 20
5.5
  0
LWPOLYLINE
  5
19F
330
144
100
AcDbEntity
  8
C-MARK
100
AcDbPolyline
 90
4
 70
1
 10
-16.0
 20
6.0
 10
-13.0
 20
6.0
 10
-13.0
 20
6.5
 10
-16.0
 20
6.5
  0
LWPOLYLINE
  5
1A0
330
144
100
AcDbEntity
  8
C-MARK
100
AcDbPolyline
 90
4
 70
1
 10
-16.0
 20
7.0
 10
-13.0
 20
7.0
 10
-13.0
 20
7.5
 10
-16.0
 20
7.5
  0
LWPOLYLINE
  5
1A1
330
144
100
AcDbEntity
  8
C-MARK
100
AcDbPolyline
 90
4
 70
1
 10
-16.0
 20
8.0
 10
-13.0
 20
8.0
 10
-13.0
 20
8.5
 10
-16.0
 20
8.5
  0
LWPOLYLINE
  5
1A2
330
144
100
AcDbEntity
  8
C-MARK
100
AcDbPolyline
 90
4
 70
1
 10
-16.0
 20
9.0
 10
-13.0
 20
9.0
 10
-13.0
 20
9.5
 10
-16.0
 20
9.5
  0
LWPOLYLINE
  5
1A3
330
144
100
AcDbEntity
  8
C-MARK
100
AcDbPolyline
 90
2
 70
0
 10
13.0
 20
-10.5
 10
16.0
 20
-10.5
  0
LWPOLYLINE
  5
1A4
330
144
100
AcDbEntity
  8
C-MARK
100
AcDbPolyline
 90
2
 70
0
 10
13.0
 20
10.5
 10
16.0
 20
10.5
  0
LWPOLYLINE
  5
1A5
330
144
100
AcDbEntity
  8
C-MARK
100
AcDbPolyline
 90
4
 70
1
 10
13.0
 20
-10.0
 10
16.0
 20
-10.0
 10
16.0
 20
-9.5
 10
13.0
 20
-9.5
  0
LWPOLYLINE
  5
1A6
330
144
100
AcDbEntity
  8
C-MARK
100
AcDbPolyline
 90
4
 70
1
 10
13.0
 20
-9.0
 10
16.0
 20
-9.0
 10
16.0
 20
-8.5
 10
13.0
 20
-8.5
  0
LWPOLYLINE
  5
1A7
330
144
100
AcDbEntity
  8
C-MARK
100
AcDbPolyline
 90
4
 70
1
 10
13.0
 20
-8.0
 10
16.0
 20
-8.0
 10
16.0
 20
-7.5
 10
13.0
 20
-7.5
  0
LWPOLYLINE
  5
1A8
330
144
100
AcDbEntity
  8
C-MARK
100
AcDbPolyline
 90
4
 70
1
 10
13.0
 20
-7.0
 10
16.0
 20
-7.0
 10
16.0
 20
-6.5
 10
13.0
 20
-6.5
  0
LWPOLYLINE
  5
1A9
330
144
100
AcDbEntity
  8
C-MARK
100
AcDbPolyline
 90
4
 70
1
 10
13.0
 20
-6.0
 10
16.0
 20
-6.0
 10
16.0
 20
-5.5
 10
13.0
 20
-5.5
  0
LWPOLYLINE
  5
1AA
330
144
100
AcDbEntity
  8
C-MARK
100
AcDbPolyline
 90
4
 70
1
 10
13.0
 20
-5.0
 10
16.0
 20
-5.0
 10
16.0
 20
-4.5
 10
13.0
 20
-4.5
  0
LWPOLYLINE
  5
1AB
330
144
100
AcDbEntity
  8
C-MARK
100
AcDbPolyline
 90
4
 70
1
 10
13.0
 20
-4.0
 10
16.0
 20
-4.0
 10
16.0
 20
-3.5
 10
13.0
 20
-3.5
  0
LWPOLYLINE
  5
1AC
330
144
100
AcDbEntity
  8
C-MARK
100
AcDbPolyline
 90
4
 70
1
 10
13.0
 20
-3.0
 10
16.0
 20
-3.0
 10
16.0
 20
-2.5
 10
13.0
 20
-2.5
  0
LWPOLYLINE
  5
1AD
330
144
100
AcDbEntity
  8
C-MARK
100
AcDbPolyline
 90
4
 70
1
 10
13.0
 20
-2.0
 10
16.0
 20
-2.0
 10
16.0
 20
-1.5
 10
13.0
 20
-1.5
  0
LWPOLYLINE
  5
1AE
330
144
100
AcDbEntity
  8
C-MARK
100
AcDbPolyline
 90
4
 70
1
 10
13.0
 20
-1.0
 10
16.0
 20
-1.0
 10
16.0
 20
-0.5
 10
13.0
 20
-0.5
  0
LWPOLYLINE
  5
1AF
330
144
100
AcDbEntity
  8
C-MARK
100
AcDbPolyline
 90
4
 70
1
 10
13.0
 20
0.0
 10
16.0
 20
0.0
 10
16.0
 20
0.5
 10
13.0
 20
0.5
  0
LWPOLYLINE
  5
1B0
330
144
100
AcDbEntity
  8
C-MARK
100
AcDbPolyline
 90
4
 70
1
 10
13.0
 20
1.0
 10
16.0
 20
1.0
 10
16.0
 20
1.5
 10
13.0
 20
1.5
  0
LWPOLYLINE
  5
1B1
330
144
100
AcDbEntity
  8
C-MARK
100
AcDbPolyline
 90
4
 70
1
 10
13.0
 20
2.0
 10
16.0
 20
2.0
 10
16.0
 20
2.5
 10
13.0
 20
2.5
  0
LWPOLYLINE
  5
1B2
330
144
100
AcDbEntity
  8
C-MARK
100
AcDbPolyline
 90
4
 70
1
 10
13.0
 20
3.0
 10
16.0
 20
3.0
 10
16.0
 20
3.5
 10
13.0
 20
3.5
  0
LWPOLYLINE
  5
1B3
330
144
100
AcDbEntity
  8
C-MARK
100
AcDbPolyline
 90
4
 70
1
 10
13.0
 20
4.0
 10
16.0
 20
4.0
 10
16.0
 20
4.5
 10
13.0
 20
4.5
  0
LWPOLYLINE
  5
1B4
330
144
100
AcDbEntity
  8
C-MARK
100
AcDbPolyline
 90
4
 70
1
 10
13.0
 20
5.0
 10
16.0
 20
5.0
 10
16.0
 20
5.5
 10
13.0
 20
5.5
  0
LWPOLYLINE
  5
1B5
330
144
100
AcDbEntity
  8
C-MARK
100
AcDbPolyline
 90
4
 70
1
 10
13.0
 20
6.0
 10
16.0
 20
6.0
 10
16.0
 20
6.5
 10
13.0
 20
6.5
  0
LWPOLYLINE
  5
1B6
330
144
100
AcDbEntity
  8
C-MARK
100
AcDbPolyline
 90
4
 70
1
 10
13.0
 20
7.0
 10
16.0
 20
7.0
 10
16.0
 20
7.5
 10
13.0
 20
7.5
  0
LWPOLYLINE
  5
1B7
330
144
100
AcDbEntity
  8
C-MARK
100
AcDbPolyline
 90
4
 70
1
 10
13.0
 20
8.0
 10
16.0
 20
8.0
 10
16.0
 20
8.5
 10
13.0
 20
8.5
  0
LWPOLYLINE
  5
1B8
330
144
100
AcDbEntity
  8
C-MARK
100
AcDbPolyline
 90
4
 70
1
 10
13.0
 20
9.0
 10
16.0
 20
9.0
 10
16.0
 20
9.5
 10
13.0
 20
9.5
  0
LWPOLYLINE
  5
1B9
330
144
100
AcDbEntity
  8
C-MARK
100
AcDbPolyline
 90
2
 70
0
 10
-11.5
 20
-15.0
 10
11.5
 20
-15.0
  0
LWPOLYLINE
  5
1BA
330
144
100
AcDbEntity
  8
C-MARK
100
AcDbPolyline
 90
2
 70
0
 10
-11.5
 20
-12.0
 10
11.5
 20
-12.0
  0
LWPOLYLINE
  5
1BB
330
144
100
AcDbEntity
  8
C-MARK
100
AcDbPolyline
 90
4
 70
1
 10
-11.0
 20
-15.0
 10
-10.5
 20
-15.0
 10
-10.5
 20
-12.0
 10
-11.0
 20
-12.0
  0
LWPOLYLINE
  5
1BC
330
144
100
AcDbEntity
  8
C-MARK
100
AcDbPolyline
 90
4
 70
1
 10
-10.0
 20
-15.0
 10
-9.5
 20
-15.0
 10
-9.5
 20
-12.0
 10
-10.0
 20
-12.0
  0
LWPOLYLINE
  5
1BD
330
144
100
AcDbEntity
  8
C-MARK
100
AcDbPolyline
 90
4
 70
1
 10
-9.0
 20
-15.0
 10
-8.5
 20
-15.0
 10
-8.5
 20
-12.0
 10
-9.0
 20
-12.0
  0
LWPOLYLINE
  5
1BE
330
144
100
AcDbEntity
  8
C-MARK
100
AcDbPolyline
 90
4
 70
1
 10
-8.0
 20
-15.0
 10
-7.5
 20
-15.0
 10
-7.5
 20
-12.0
 10
-8.0
 20
-12.0
  0
LWPOLYLINE
  5
1BF
330
144
100
AcDbEntity
  8
C-MARK
100
AcDbPolyline
 90
4
 70
1
 10
-7.0
 20
-15.0
 10
-6.5
 20
-15.0
 10
-6.5
 20
-12.0
 10
-7.0
 20
-12.0
  0
LWPOLYLINE
  5
1C0
330
144
100
AcDbEntity
  8
C-MARK
100
AcDbPolyline
 90
4
 70
1
 10
-6.0
 20
-15.0
 10
-5.5
 20
-15.0
 10
-5.5
 20
-12.0
 10
-6.0
 20
-12.0
  0
LWPOLYLINE
  5
1C1
330
144
100
AcDbEntity
  8
C-MARK
100
AcDbPolyline
 90
4
 70
1
 10
-5.0
 20
-15.0
 10
-4.5
 20
-15.0
 10
-4.5
 20
-12.0
 10
-5.0
 20
-12.0
  0
LWPOLYLINE
  5
1C2
330
144
100
AcDbEntity
  8
C-MARK
100
AcDbPolyline
 90
4
 70
1
 10
-4.0
 20
-15.0
 10
-3.5
 20
-15.0
 10
-3.5
 20
-12.0
 10
-4.0
 20
-12.0
  0
LWPOLYLINE
  5
1C3
330
144
100
AcDbEntity
  8
C-MARK
100
AcDbPolyline
 90
4
 70
1
 10
-3.0
 20
-15.0
 10
-2.5
 20
-15.0
 10
-2.5
 20
-12.0
 10
-3.0
 20
-12.0
  0
LWPOLYLINE
  5
1C4
330
144
100
AcDbEntity
  8
C-MARK
100
AcDbPolyline
 90
4
 70
1
 10
-2.0
 20
-15.0
 10
-1.5
 20
-15.0
 10
-1.5
 20
-12.0
 10
-2.0
 20
-12.0
  0
LWPOLYLINE
  5
1C5
330
144
100
AcDbEntity
  8
C-MARK
100
AcDbPolyline
 90
4
 70
1
 10
-1.0
 20
-15.0
 10
-0.5
 20
-15.0
 10
-0.5
 20
-12.0
 10
-1.0
 20
-12.0
  0
LWPOLYLINE
  5
1C6
330
144
100
AcDbEntity
  8
C-MARK
100
AcDbPolyline
 90
4
 70
1
 10
0.0
 20
-15.0
 10
0.5
 20
-15.0
 10
0.5
 20
-12.0
 10
0.0
 20
-12.0
  0
LWPOLYLINE
  5
1C7
330
144
100
AcDbEntity
  8
C-MARK
100
AcDbPolyline
 90
4
 70
1
 10
1.0
 20
-15.0
 10
1.5
 20
-15.0
 10
1.5
 20
-12.0
 10
1.0
 20
-12.0
  0
LWPOLYLINE
  5
1C8
330
144
100
AcDbEntity
  8
C-MARK
100
AcDbPolyline
 90
4
 70
1
 10
2.0
 20
-15.0
 10
2.5
 20
-15.0
 10
2.5
 20
-12.0
 10
2.0
 20
-12.0
  0
LWPOLYLINE
  5
1C9
330
144
100
AcDbEntity
  8
C-MARK
100
AcDbPolyline
 90
4
 70
1
 10
3.0
 20
-15.0
 10
3.5
 20
-15.0
 10
3.5
 20
-12.0
 10
3.0
 20
-12.0
  0
LWPOLYLINE
  5
1CA
330
144
100
AcDbEntity
  8
C-MARK
100
AcDbPolyline
 90
4
 70
1
 10
4.0
 20
-15.0
 10
4.5
 20
-15.0
 10
4.5
 20
-12.0
 10
4.0
 20
-12.0
  0
LWPOLYLINE
  5
1CB
330
144
100
AcDbEntity
  8
C-MARK
100
AcDbPolyline
 90
4
 70
1
 10
5.0
 20
-15.0
 10
5.5
 20
-15.0
 10
5.5
 20
-12.0
 10
5.0
 20
-12.0
  0
LWPOLYLINE
  5
1CC
330
144
100
AcDbEntity
  8
C-MARK
100
AcDbPolyline
 90
4
 70
1
 10
6.0
 20
-15.0
 10
6.5
 20
-15.0
 10
6.5
 20
-12.0
 10
6.0
 20
-12.0
  0
LWPOLYLINE
  5
1CD
330
144
100
AcDbEntity
  8
C-MARK
100
AcDbPolyline
 90
4
 70
1
 10
7.0
 20
-15.0
 10
7.5
 20
-15.0
 10
7.5
 20
-12.0
 10
7.0
 20
-12.0
  0
LWPOLYLINE
  5
1CE
330
144
100
AcDbEntity
  8
C-MARK
100
AcDbPolyline
 90
4
 70
1
 10
8.0
 20
-15.0
 10
8.5
 20
-15.0
 10
8.5
 20
-12.0
 10
8.0
 20
-12.0
  0
LWPOLYLINE
  5
1CF
330
144
100
AcDbEntity
  8
C-MARK
100
AcDbPolyline
 90
4
 70
1
 10
9.0
 20
-15.0
 10
9.5
 20
-15.0
 10
9.5
 20
-12.0
 10
9.0
 20
-12.0
  0
LWPOLYLINE
  5
1D0
330
144
100
AcDbEntity
  8
C-MARK
100
AcDbPolyline
 90
4
 70
1
 10
10.0
 20
-15.0
 10
10.5
 20
-15.0
 10
10.5
 20
-12.0
 10
10.0
 20
-12.0
  0
LWPOLYLINE
  5
1D1
330
144
100
AcDbEntity
  8
C-MARK
100
AcDbPolyline
 90
2
 70
0
 10
-11.5
 20
12.0
 10
11.5
 20
12.0
  0
LWPOLYLINE
  5
1D2
330
144
100
AcDbEntity
  8
C-MARK
100
AcDbPolyline
 90
2
 70
0
 10
-11.5
 20
15.0
 10
11.5
 20
15.0
  0
LWPOLYLINE
  5
1D3
330
144
100
AcDbEntity
  8
C-MARK
100
AcDbPolyline
 90
4
 70
1
 10
-11.0
 20
12.0
 10
-10.5
 20
12.0
 10
-10.5
 20
15.0
 10
-11.0
 20
15.0
  0
LWPOLYLINE
  5
1D4
330
144
100
AcDbEntity
  8
C-MARK
100
AcDbPolyline
 90
4
 70
1
 10
-10.0
 20
12.0
 10
-9.5
 20
12.0
 10
-9.5
 20
15.0
 10
-10.0
 20
15.0
  0
LWPOLYLINE
  5
1D5
330
144
100
AcDbEntity
  8
C-MARK
100
AcDbPolyline
 90
4
 70
1
 10
-9.0
 20
12.0
 10
-8.5
 20
12.0
 10
-8.5
 20
15.0
 10
-9.0
 20
15.0
  0
LWPOLYLINE
  5
1D6
330
144
100
AcDbEntity
  8
C-MARK
100
AcDbPolyline
 90
4
 70
1
 10
-8.0
 20
12.0
 10
-7.5
 20
12.0
 10
-7.5
 20
15.0
 10
-8.0
 20
15.0
  0
LWPOLYLINE
  5
1D7
330
144
100
AcDbEntity
  8
C-MARK
100
AcDbPolyline
 90
4
 70
1
 10
-7.0
 20
12.0
 10
-6.5
 20
12.0
 10
-6.5
 20
15.0
 10
-7.0
 20
15.0
  0
LWPOLYLINE
  5
1D8
330
144
100
AcDbEntity
  8
C-MARK
100
AcDbPolyline
 90
4
 70
1
 10
-6.0
 20
12.0
 10
-5.5
 20
12.0
 10
-5.5
 20
15.0
 10
-6.0
 20
15.0
  0
LWPOLYLINE
  5
1D9
330
144
100
AcDbEntity
  8
C-MARK
100
AcDbPolyline
 90
4
 70
1
 10
-5.0
 20
12.0
 10
-4.5
 20
12.0
 10
-4.5
 20
15.0
 10
-5.0
 20
15.0
  0
LWPOLYLINE
  5
1DA
330
144
100
AcDbEntity
  8
C-MARK
100
AcDbPolyline
 90
4
 70
1
 10
-4.0
 20
12.0
 10
-3.5
 20
12.0
 10
-3.5
 20
15.0
 10
-4.0
 20
15.0
  0
LWPOLYLINE
  5
1DB
330
144
100
AcDbEntity
  8
C-MARK
100
AcDbPolyline
 90
4
 70
1
 10
-3.0
 20
12.0
 10
-2.5
 20
12.0
 10
-2.5
 20
15.0
 10
-3.0
 20
15.0
  0
LWPOLYLINE
  5
1DC
330
144
100
AcDbEntity
  8
C-MARK
100
AcDbPolyline
 90
4
 70
1
 10
-2.0
 20
12.0
 10
-1.5
 20
12.0
 10
-1.5
 20
15.0
 10
-2.0
 20
15.0
  0
LWPOLYLINE
  5
1DD
330
144
100
AcDbEntity
  8
C-MARK
100
AcDbPolyline
 90
4
 70
1
 10
-1.0
 20
12.0
 10
-0.5
 20
12.0
 10
-0.5
 20
15.0
 10
-1.0
 20
15.0
  0
LWPOLYLINE
  5
1DE
330
144
100
AcDbEntity
  8
C-MARK
100
AcDbPolyline
 90
4
 70
1
 10
0.0
 20
12.0
 10
0.5
 20
12.0
 10
0.5
 20
15.0
 10
0.0
 20
15.0
  0
LWPOLYLINE
  5
1DF
330
144
100
AcDbEntity
  8
C-MARK
100
AcDbPolyline
 90
4
 70
1
 10
1.0
 20
12.0
 10
1.5
 20
12.0
 10
1.5
 20
15.0
 10
1.0
 20
15.0
  0
LWPOLYLINE
  5
1E0
330
144
100
AcDbEntity
  8
C-MARK
100
AcDbPolyline
 90
4
 70
1
 10
2.0
 20
12.0
 10
2.5
 20
12.0
 10
2.5
 20
15.0
 10
2.0
 20
15.0
  0
LWPOLYLINE
  5
1E1
330
144
100
AcDbEntity
  8
C-MARK
100
AcDbPolyline
 90
4
 70
1
 10
3.0
 20
12.0
 10
3.5
 20
12.0
 10
3.5
 20
15.0
 10
3.0
 20
15.0
  0
LWPOLYLINE
  5
1E2
330
144
100
AcDbEntity
  8
C-MARK
100
AcDbPolyline
 90
4
 70
1
 10
4.0
 20
12.0
 10
4.5
 20
12.0
 10
4.5
 20
15.0
 10
4.0
 20
15.0
  0
LWPOLYLINE
  5
1E3
330
144
100
AcDbEntity
  8
C-MARK
100
AcDbPolyline
 90
4
 70
1
 10
5.0
 20
12.0
 10
5.5
 20
12.0
 10
5.5
 20
15.0
 10
5.0
 20
15.0
  0
LWPOLYLINE
  5
1E4
330
144
100
AcDbEntity
  8
C-MARK
100
AcDbPolyline
 90
4
 70
1
 10
6.0
 20
12.0
 10
6.5
 20
12.0
 10
6.5
 20
15.0
 10
6.0
 20
15.0
  0
LWPOLYLINE
  5
1E5
330
144
100
AcDbEntity
  8
C-MARK
100
AcDbPolyline
 90
4
 70
1
 10
7.0
 20
12.0
 10
7.5
 20
12.0
 10
7.5
 20
15.0
 10
7.0
 20
15.0
  0
LWPOLYLINE
  5
1E6
330
144
100
AcDbEntity
  8
C-MARK
100
AcDbPolyline
 90
4
 70
1
 10
8.0
 20
12.0
 10
8.5
 20
12.0
 10
8.5
 20
15.0
 10
8.0
 20
15.0
  0
LWPOLYLINE
  5
1E7
330
144
100
AcDbEntity
  8
C-MARK
100
AcDbPolyline
 90
4
 70
1
 10
9.0
 20
12.0
 10
9.5
 20
12.0
 10
9.5
 20
15.0
 10
9.0
 20
15.0
  0
LWPOLYLINE
  5
1E8
330
144
100
AcDbEntity
  8
C-MARK
100
AcDbPolyline
 90
4
 70
1
 10
10.0
 20
12.0
 10
10.5
 20
12.0
 10
10.5
 20
15.0
 10
10.0
 20
15.0
  0
INSERT
  5
1E9
330
144
100
AcDbEntity
  8
C-MARK
100
AcDbBlockReference
  2
ARROW-L
 10
-26.0
 20
-1.75
 30
0.0
 50
270.0
  0
INSERT
  5
1EB
330
144
100
AcDbEntity
  8
C-MARK
100
AcDbBlockReference
  2
ARROW-T
 10
-26.0
 20
-5.25
 30
0.0
 50
270.0
  0
INSERT
  5
1ED
330
144
100
AcDbEntity
  8
C-MARK
100
AcDbBlockReference
  2
ARROW-TR
 10
-26.0
 20
-8.75
 30
0.0
 50
270.0
  0
INSERT
  5
1EF
330
144
100
AcDbEntity
  8
C-MARK
100
AcDbBlockReference
  2
ARROW-L
 10
26.0
 20
1.75
 30
0.0
 50
90.0
  0
INSERT
  5
1F1
330
144
100
AcDbEntity
  8
C-MARK
100
AcDbBlockReference
  2
ARROW-T
 10
26.0
 20
5.25
 30
0.0
 50
90.0
  0
INSERT
  5
1F3
330
144
100
AcDbEntity
  8
C-MARK
100
AcDbBlockReference
  2
ARROW-TR
 10
26.0
 20
8.75
 30
0.0
 50
90.0
  0
INSERT
  5
1F5
330
144
100
AcDbEntity
  8
C-MARK
100
AcDbBlockReference
  2
ARROW-L
 10
2.75
 20
-25.0
 30
0.0
  0
INSERT
  5
1F7
330
144
100
AcDbEntity
  8
C-MARK
100
AcDbBlockReference
  2
ARROW-T
 10
6.25
 20
-25.0
 30
0.0
  0
INSERT
  5
1F9
330
144
100
AcDbEntity
  8
C-MARK
100
AcDbBlockReference
  2
ARROW-TR
 10
9.75
 20
-25.0
 30
0.0
  0
INSERT
  5
1FB
330
144
100
AcDbEntity
  8
C-MARK
100
AcDbBlockReference
  2
ARROW-L
 10
-2.75
 20
25.0
 30
0.0
 50
180.0
  0
INSERT
  5
1FD
330
144
100
AcDbEntity
  8
C-MARK
100
AcDbBlockReference
  2
ARROW-T
 10
-6.25
 20
25.0
 30
0.0
 50
180.0
  0
INSERT
  5
1FF
330
144
100
AcDbEntity
  8
C-MARK
100
AcDbBlockReference
  2
ARROW-TR
 10
-9.75
 20
25.0
 30
0.0
 50
180.0
  0
INSERT
  5
201
330
144
100
AcDbEntity
  8
C-MARK
100
AcDbBlockReference
  2
ARROW-L
 10
-42.0
 20
-1.75
 30
0.0
 50
270.0
  0
INSERT
  5
203
330
144
100
AcDbEntity
  8
C-MARK
100
AcDbBlockReference
  2
ARROW-T
 10
-42.0
 20
-5.25
 30
0.0
 50
270.0
  0
INSERT
  5
205
330
144
100
AcDbEntity
  8
C-MARK
100
AcDbBlockReference
  2
ARROW-TR
 10
-42.0
 20
-8.75
 30
0.0
 50
270.0
  0
INSERT
  5
207
330
144
100
AcDbEntity
  8
C-MARK
100
AcDbBlockReference
  2
ARROW-L
 10
42.0
 20
1.75
 30
0.0
 50
90.0
  0
INSERT
  5
209
330
144
100
AcDbEntity
  8
C-MARK
100
AcDbBlockReference
  2
ARROW-T
 10
42.0
 20
5.25
 30
0.0
 50
90.0
  0
INSERT
  5
20B
330
144
100
AcDbEntity
  8
C-MARK
100
AcDbBlockReference
  2
ARROW-TR
 10
42.0
 20
8.75
 30
0.0
 50
90.0
  0
INSERT
  5
20D
330
144
100
AcDbEntity
  8
C-MARK
100
AcDbBlockReference
  2
ARROW-L
 10
2.75
 20
-41.0
 30
0.0
  0
INSERT
  5
20F
330
144
100
AcDbEntity
  8
C-MARK
100
AcDbBlockReference
  2
ARROW-T
 10
6.25
 20
-41.0
 30
0.0
  0
INSERT
  5
211
330
144
100
AcDbEntity
  8
C-MARK
100
AcDbBlockReference
  2
ARROW-TR
 10
9.75
 20
-41.0
 30
0.0
  0
INSERT
  5
213
330
144
100
AcDbEntity
  8
C-MARK
100
AcDbBlockReference
  2
ARROW-L
 10
-2.75
 20
41.0
 30
0.0
 50
180.0
  0
INSERT
  5
215
330
144
100
AcDbEntity
  8
C-MARK
100
AcDbBlockReference
  2
ARROW-T
 10
-6.25
 20
41.0
 30
0.0
 50
180.0
  0
INSERT
  5
217
330
144
100
AcDbEntity
  8
C-MARK
100
AcDbBlockReference
  2
ARROW-TR
 10
-9.75
 20
41.0
 30
0.0
 50
180.0
  0
INSERT
  5
219
330
144
100
AcDbEntity
  8
C-SGNL
100
AcDbBlockReference
  2
SIG-MASTARM
 10
-16.5
 20
17.5
 30
0.0
  0
INSERT
  5
21B
330
144
100
AcDbEntity
  8
C-SGNL
100
AcDbBlockReference
  2
SIG-MASTARM
 10
16.5
 20
17.5
 30
0.0
 50
270.0
  0
INSERT
  5
21D
330
144
100
AcDbEntity
  8
C-SGNL
100
AcDbBlockReference
  2
SIG-MASTARM
 10
16.5
 20
-17.5
 30
0.0
 50
180.0
  0
INSERT
  5
21F
330
144
100
AcDbEntity
  8
C-SGNL
100
AcDbBlockReference
  2
SIG-MASTARM
 10
-16.5
 20
-17.5
 30
0.0
 50
90.0
  0
INSERT
  5
221
330
144
100
AcDbEntity
  8
C-SGNL
100
AcDbBlockReference
  2
SIG-3SEC
 10
2.75
 20
17.0
 30
0.0
 50
180.0
  0
INSERT
  5
223
330
144
100
AcDbEntity
  8
C-SGNL
100
AcDbBlockReference
  2
SIG-3SEC
 10
6.25
 20
17.0
 30
0.0
 50
180.0
  0
INSERT
  5
225
330
144
100
AcDbEntity
  8
C-SGNL
100
AcDbBlockReference
  2
SIG-3SEC
 10
9.75
 20
17.0
 30
0.0
 50
180.0
  0
INSERT
  5
227
330
144
100
AcDbEntity
  8
C-SGNL
100
AcDbBlockReference
  2
SIG-3SEC
 10
-2.75
 20
-17.0
 30
0.0
  0
INSERT
  5
229
330
144
100
AcDbEntity
  8
C-SGNL
100
AcDbBlockReference
  2
SIG-3SEC
 10
-6.25
 20
-17.0
 30
0.0
  0
INSERT
  5
22B
330
144
100
AcDbEntity
  8
C-SGNL
100
AcDbBlockReference
  2
SIG-3SEC
 10
-9.75
 20
-17.0
 30
0.0
  0
INSERT
  5
22D
330
144
100
AcDbEntity
  8
C-SGNL
100
AcDbBlockReference
  2
SIG-3SEC
 10
21.5
 20
-1.75
 30
0.0
 50
90.0
  0
INSERT
  5
22F
330
144
100
AcDbEntity
  8
C-SGNL
100
AcDbBlockReference
  2
SIG-3SEC
 10
21.5
 20
-5.25
 30
0.0
 50
90.0
  0
INSERT
  5
231
330
144
100
AcDbEntity
  8
C-SGNL
100
AcDbBlockReference
  2
SIG-3SEC
 10
21.5
 20
-8.75
 30
0.0
 50
90.0
  0
INSERT
  5
233
330
144
100
AcDbEntity
  8
C-SGNL
100
AcDbBlockReference
  2
SIG-3SEC
 10
-21.5
 20
1.75
 30
0.0
 50
270.0
  0
INSERT
  5
235
330
144
100
AcDbEntity
  8
C-SGNL
100
AcDbBlockReference
  2
SIG-3SEC
 10
-21.5
 20
5.25
 30
0.0
 50
270.0
  0
INSERT
  5
237
330
144
100
AcDbEntity
  8
C-SGNL
100
AcDbBlockReference
  2
SIG-3SEC
 10
-21.5
 20
8.75
 30
0.0
 50
270.0
  0
INSERT
  5
239
330
144
100
AcDbEntity
  8
C-SGNL
100
AcDbBlockReference
  2
SIG-PED
 10
-13.5
 20
18.0
 30
0.0
  0
INSERT
  5
23B
330
144
100
AcDbEntity
  8
C-SGNL
100
AcDbBlockReference
  2
SIG-PED
 10
-19.0
 20
12.5
 30
0.0
 50
270.0
  0
INSERT
  5
23D
330
144
100
AcDbEntity
  8
C-SGNL
100
AcDbBlockReference
  2
SIG-PB
 10
-13.5
 20
15.0
 30
0.0
  0
INSERT
  5
23F
330
144
100
AcDbEntity
  8
C-SGNL
100
AcDbBlockReference
  2
SIG-PB
 10
-16.0
 20
12.5
 30
0.0
  0
INSERT
  5
241
330
144
100
AcDbEntity
  8
C-PED
100
AcDbBlockReference
  2
CURB-RAMP-TWSI
 10
-15.325
 20
9.79
 30
0.0
  0
INSERT
  5
243
330
144
100
AcDbEntity
  8
C-PED
100
AcDbBlockReference
  2
CURB-RAMP-TWSI
 10
-10.79
 20
14.325
 30
0.0
 50
270.0
  0
INSERT
  5
245
330
144
100
AcDbEntity
  8
C-SGNL-UG
100
AcDbBlockReference
  2
SIG-JB
 10
-18.0
 20
16.0
 30
0.0
  0
INSERT
  5
247
330
144
100
AcDbEntity
  8
C-SGNL
100
AcDbBlockReference
  2
SIG-PED
 10
13.5
 20
18.0
 30
0.0
  0
INSERT
  5
249
330
144
100
AcDbEntity
  8
C-SGNL
100
AcDbBlockReference
  2
SIG-PED
 10
19.0
 20
12.5
 30
0.0
 50
90.0
  0
INSERT
  5
24B
330
144
100
AcDbEntity
  8
C-SGNL
100
AcDbBlockReference
  2
SIG-PB
 10
13.5
 20
15.0
 30
0.0
  0
INSERT
  5
24D
330
144
100
AcDbEntity
  8
C-SGNL
100
AcDbBlockReference
  2
SIG-PB
 10
16.0
 20
12.5
 30
0.0
  0
INSERT
  5
24F
330
144
100
AcDbEntity
  8
C-PED
100
AcDbBlockReference
  2
CURB-RAMP-TWSI
 10
13.675
 20
9.79
 30
0.0
  0
INSERT
  5
251
330
144
100
AcDbEntity
  8
C-PED
100
AcDbBlockReference
  2
CURB-RAMP-TWSI
 10
10.79
 20
14.325
 30
0.0
 50
270.0
  0
INSERT
  5
253
330
144
100
AcDbEntity
  8
C-SGNL-UG
100
AcDbBlockReference
  2
SIG-JB
 10
18.0
 20
16.0
 30
0.0
  0
INSERT
  5
255
330
144
100
AcDbEntity
  8
C-SGNL
100
AcDbBlockReference
  2
SIG-PED
 10
13.5
 20
-18.0
 30
0.0
 50
180.0
  0
INSERT
  5
257
330
144
100
AcDbEntity
  8
C-SGNL
100
AcDbBlockReference
  2
SIG-PED
 10
19.0
 20
-12.5
 30
0.0
 50
90.0
  0
INSERT
  5
259
330
144
100
AcDbEntity
  8
C-SGNL
100
AcDbBlockReference
  2
SIG-PB
 10
13.5
 20
-15.0
 30
0.0
  0
INSERT
  5
25B
330
144
100
AcDbEntity
  8
C-SGNL
100
AcDbBlockReference
  2
SIG-PB
 10
16.0
 20
-12.5
 30
0.0
  0
INSERT
  5
25D
330
144
100
AcDbEntity
  8
C-PED
100
AcDbBlockReference
  2
CURB-RAMP-TWSI
 10
13.675
 20
-9.79
 30
0.0
  0
INSERT
  5
25F
330
144
100
AcDbEntity
  8
C-PED
100
AcDbBlockReference
  2
CURB-RAMP-TWSI
 10
10.79
 20
-12.675
 30
0.0
 50
270.0
  0
INSERT
  5
261
330
144
100
AcDbEntity
  8
C-SGNL-UG
100
AcDbBlockReference
  2
SIG-JB
 10
18.0
 20
-16.0
 30
0.0
  0
INSERT
  5
263
330
144
100
AcDbEntity
  8
C-SGNL
100
AcDbBlockReference
  2
SIG-PED
 10
-13.5
 20
-18.0
 30
0.0
 50
180.0
  0
INSERT
  5
265
330
144
100
AcDbEntity
  8
C-SGNL
100
AcDbBlockReference
  2
SIG-PED
 10
-19.0
 20
-12.5
 30
0.0
 50
270.0
  0
INSERT
  5
267
330
144
100
AcDbEntity
  8
C-SGNL
100
AcDbBlockReference
  2
SIG-PB
 10
-13.5
 20
-15.0
 30
0.0
  0
INSERT
  5
269
330
144
100
AcDbEntity
  8
C-SGNL
100
AcDbBlockReference
  2
SIG-PB
 10
-16.0
 20
-12.5
 30
0.0
  0
INSERT
  5
26B
330
144
100
AcDbEntity
  8
C-PED
100
AcDbBlockReference
  2
CURB-RAMP-TWSI
 10
-15.325
 20
-9.79
 30
0.0
  0
INSERT
  5
26D
330
144
100
AcDbEntity
  8
C-PED
100
AcDbBlockReference
  2
CURB-RAMP-TWSI
 10
-10.79
 20
-12.675
 30
0.0
 50
270.0
  0
INSERT
  5
26F
330
144
100
AcDbEntity
  8
C-SGNL-UG
100
AcDbBlockReference
  2
SIG-JB
 10
-18.0
 20
-16.0
 30
0.0
  0
LWPOLYLINE
  5
271
330
144
100
AcDbEntity
  8
C-SGNL-UG
100
AcDbPolyline
 90
5
 70
0
 10
-18.0
 20
16.0
 10
18.0
 20
16.0
 10
18.0
 20
-16.0
 10
-18.0
 20
-16.0
 10
-18.0
 20
16.0
  0
INSERT
  5
272
330
144
100
AcDbEntity
  8
C-SGNL
100
AcDbBlockReference
  2
SIG-CABINET
 10
-21.0
 20
20.0
 30
0.0
  0
LWPOLYLINE
  5
274
330
144
100
AcDbEntity
  8
C-SGNL-UG
100
AcDbPolyline
 90
2
 70
0
 10
-21.0
 20
20.0
 10
-18.0
 20
16.0
  0
INSERT
  5
275
330
144
100
AcDbEntity
  8
C-SGNL-DET
100
AcDbBlockReference
  2
DET-LOOP
 10
-21.0
 20
-1.75
 30
0.0
  0
INSERT
  5
277
330
144
100
AcDbEntity
  8
C-SGNL-DET
100
AcDbBlockReference
  2
DET-LOOP
 10
-21.0
 20
-5.25
 30
0.0
  0
INSERT
  5
279
330
144
100
AcDbEntity
  8
C-SGNL-DET
100
AcDbBlockReference
  2
DET-LOOP
 10
-21.0
 20
-8.75
 30
0.0
  0
INSERT
  5
27B
330
144
100
AcDbEntity
  8
C-SGNL-DET
100
AcDbBlockReference
  2
DET-LOOP
 10
21.0
 20
1.75
 30
0.0
  0
INSERT
  5
27D
330
144
100
AcDbEntity
  8
C-SGNL-DET
100
AcDbBlockReference
  2
DET-LOOP
 10
21.0
 20
5.25
 30
0.0
  0
INSERT
  5
27F
330
144
100
AcDbEntity
  8
C-SGNL-DET
100
AcDbBlockReference
  2
DET-LOOP
 10
21.0
 20
8.75
 30
0.0
  0
INSERT
  5
281
330
144
100
AcDbEntity
  8
C-SGNL-DET
100
AcDbBlockReference
  2
DET-LOOP
 10
2.75
 20
-20.0
 30
0.0
  0
INSERT
  5
283
330
144
100
AcDbEntity
  8
C-SGNL-DET
100
AcDbBlockReference
  2
DET-LOOP
 10
6.25
 20
-20.0
 30
0.0
  0
INSERT
  5
285
330
144
100
AcDbEntity
  8
C-SGNL-DET
100
AcDbBlockReference
  2
DET-LOOP
 10
9.75
 20
-20.0
 30
0.0
  0
INSERT
  5
287
330
144
100
AcDbEntity
  8
C-SGNL-DET
100
AcDbBlockReference
  2
DET-LOOP
 10
-2.75
 20
20.0
 30
0.0
  0
INSERT
  5
289
330
144
100
AcDbEntity
  8
C-SGNL-DET
100
AcDbBlockReference
  2
DET-LOOP
 10
-6.25
 20
20.0
 30
0.0
  0
INSERT
  5
28B
330
144
100
AcDbEntity
  8
C-SGNL-DET
100
AcDbBlockReference
  2
DET-LOOP
 10
-9.75
 20
20.0
 30
0.0
  0
INSERT
  5
28D
330
144
100
AcDbEntity
  8
C-SIGN
100
AcDbBlockReference
 66
1
  2
SIGN-POST
 10
-22.0
 20
20.0
 30
0.0
  0
ATTRIB
  5
28F
330
144
100
AcDbEntity
  8
0
100
AcDbText
 10
-22.0
 20
21.3
 30
0.0
 40
0.9
  1
Rb-11
  7
ANNO
 72
1
 11
-22.0
 21
21.3
 31
0.0
100
AcDbAttribute
  2
CODE
 70
0
 74
2
  0
SEQEND
  5
28E
330
28D
100
AcDbEntity
  8
C-SIGN
  0
INSERT
  5
290
330
144
100
AcDbEntity
  8
C-SIGN
100
AcDbBlockReference
 66
1
  2
SIGN-POST
 10
22.0
 20
20.0
 30
0.0
  0
ATTRIB
  5
292
330
144
100
AcDbEntity
  8
0
100
AcDbText
 10
22.0
 20
21.3
 30
0.0
 40
0.9
  1
Rb-11
  7
ANNO
 72
1
 11
22.0
 21
21.3
 31
0.0
100
AcDbAttribute
  2
CODE
 70
0
 74
2
  0
SEQEND
  5
291
330
290
100
AcDbEntity
  8
C-SIGN
  0
INSERT
  5
293
330
144
100
AcDbEntity
  8
C-SIGN
100
AcDbBlockReference
 66
1
  2
SIGN-POST
 10
22.0
 20
-20.0
 30
0.0
  0
ATTRIB
  5
295
330
144
100
AcDbEntity
  8
0
100
AcDbText
 10
22.0
 20
-18.7
 30
0.0
 40
0.9
  1
Rb-11
  7
ANNO
 72
1
 11
22.0
 21
-18.7
 31
0.0
100
AcDbAttribute
  2
CODE
 70
0
 74
2
  0
SEQEND
  5
294
330
293
100
AcDbEntity
  8
C-SIGN
  0
INSERT
  5
296
330
144
100
AcDbEntity
  8
C-SIGN
100
AcDbBlockReference
 66
1
  2
SIGN-POST
 10
-22.0
 20
-20.0
 30
0.0
  0
ATTRIB
  5
298
330
144
100
AcDbEntity
  8
0
100
AcDbText
 10
-22.0
 20
-18.7
 30
0.0
 40
0.9
  1
Rb-11
  7
ANNO
 72
1
 11
-22.0
 21
-18.7
 31
0.0
100
AcDbAttribute
  2
CODE
 70
0
 74
2
  0
SEQEND
  5
297
330
296
100
AcDbEntity
  8
C-SIGN
  0
ENDBLK
  5
146
330
144
100
AcDbEntity
  8
0
100
AcDbBlockEnd
  0
BLOCK
  5
29C
330
29B
100
AcDbEntity
  8
0
100
AcDbBlockBegin
  2
INT-1381
 70
0
 10
0.0
 20
0.0
 30
0.0
  3
INT-1381
  1

  0
LWPOLYLINE
  5
29E
330
29B
100
AcDbEntity
  8
C-CURB
100
AcDbPolyline
 90
2
 70
0
 10
-89.11181098827419
 20
3.5
 10
-18.5
 20
3.5
  0
LWPOLYLINE
  5
29F
330
29B
100
AcDbEntity
  8
C-CURB
100
AcDbPolyline
 90
2
 70
0
 10
-11.5
 20
89.11181098827419
 10
-11.5
 20
10.5
  0
ARC
  5
2A0
330
29B
100
AcDbEntity
  8
C-CURB
100
AcDbCircle
 10
-18.5
 20
10.5
 30
0.0
 40
7.0
100
AcDbArc
 50
270.0
 51
360.0
  0
LWPOLYLINE
  5
2A1
330
29B
100
AcDbEntity
  8
C-PED
100
AcDbPolyline
 90
2
 70
0
 10
-89.11181098827419
 20
6.0
 10
-18.5
 20
6.0
  0
LWPOLYLINE
  5
2A2
330
29B
100
AcDbEntity
  8
C-PED
100
AcDbPolyline
 90
2
 70
0
 10
-14.0
 20
89.11181098827419
 10
-14.0
 20
10.5
  0
ARC
  5
2A3
330
29B
100
AcDbEntity
  8
C-PED
100
AcDbCircle
 10
-18.5
 20
10.5
 30
0.0
 40
4.5
100
AcDbArc
 50
270.0
 51
360.0
  0
LWPOLYLINE
  5
2A4
330
29B
100
AcDbEntity
  8
C-PED
100
AcDbPolyline
 90
2
 70
0
 10
-89.11181098827419
 20
8.0
 10
-18.5
 20
8.0
  0
LWPOLYLINE
  5
2A5
330
29B
100
AcDbEntity
  8
C-PED
100
AcDbPolyline
 90
2
 70
0
 10
-16.0
 20
89.11181098827419
 10
-16.0
 20
10.5
  0
ARC
  5
2A6
330
29B
100
AcDbEntity
  8
C-PED
100
AcDbCircle
 10
-18.5
 20
10.5
 30
0.0
 40
2.5
100
AcDbArc
 50
270.0
 51
360.0
  0
LWPOLYLINE
  5
2A7
330
29B
100
AcDbEntity
  8
C-CURB
100
AcDbPolyline
 90
2
 70
0
 10
89.11181098827419
 20
3.5
 10
18.5
 20
3.5
  0
LWPOLYLINE
  5
2A8
330
29B
100
AcDbEntity
  8
C-CURB
100
AcDbPolyline
 90
2
 70
0
 10
11.5
 20
89.11181098827419
 10
11.5
 20
10.5
  0
ARC
  5
2A9
330
29B
100
AcDbEntity
  8
C-CURB
100
AcDbCircle
 10
18.5
 20
10.5
 30
0.0
 40
7.0
100
AcDbArc
 50
180.0
 51
270.0
  0
LWPOLYLINE
  5
2AA
330
29B
100
AcDbEntity
  8
C-PED
100
AcDbPolyline
 90
2
 70
0
 10
89.11181098827419
 20
6.0
 10
18.5
 20
6.0
  0
LWPOLYLINE
  5
2AB
330
29B
100
AcDbEntity
  8
C-PED
100
AcDbPolyline
 90
2
 70
0
 10
14.0
 20
89.11181098827419
 10
14.0
 20
10.5
  0
ARC
  5
2AC
330
29B
100
AcDbEntity
  8
C-PED
100
AcDbCircle
 10
18.5
 20
10.5
 30
0.0
 40
4.5
100
AcDbArc
 50
180.0
 51
270.0
  0
LWPOLYLINE
  5
2AD
330
29B
100
AcDbEntity
  8
C-PED
100
AcDbPolyline
 90
2
 70
0
 10
89.11181098827419
 20
8.0
 10
18.5
 20
8.0
  0
LWPOLYLINE
  5
2AE
330
29B
100
AcDbEntity
  8
C-PED
100
AcDbPolyline
 90
2
 70
0
 10
16.0
 20
89.11181098827419
 10
16.0
 20
10.5
  0
ARC
  5
2AF
330
29B
100
AcDbEntity
  8
C-PED
100
AcDbCircle
 10
18.5
 20
10.5
 30
0.0
 40
2.5
100
AcDbArc
 50
180.0
 51
270.0
  0
LWPOLYLINE
  5
2B0
330
29B
100
AcDbEntity
  8
C-CURB
100
AcDbPolyline
 90
2
 70
0
 10
89.11181098827419
 20
-3.5
 10
18.5
 20
-3.5
  0
LWPOLYLINE
  5
2B1
330
29B
100
AcDbEntity
  8
C-CURB
100
AcDbPolyline
 90
2
 70
0
 10
11.5
 20
-89.11181098827419
 10
11.5
 20
-10.5
  0
ARC
  5
2B2
330
29B
100
AcDbEntity
  8
C-CURB
100
AcDbCircle
 10
18.5
 20
-10.5
 30
0.0
 40
7.0
100
AcDbArc
 50
90.0
 51
180.0
  0
LWPOLYLINE
  5
2B3
330
29B
100
AcDbEntity
  8
C-PED
100
AcDbPolyline
 90
2
 70
0
 10
89.11181098827419
 20
-6.0
 10
18.5
 20
-6.0
  0
LWPOLYLINE
  5
2B4
330
29B
100
AcDbEntity
  8
C-PED
100
AcDbPolyline
 90
2
 70
0
 10
14.0
 20
-89.11181098827419
 10
14.0
 20
-10.5
  0
ARC
  5
2B5
330
29B
100
AcDbEntity
  8
C-PED
100
AcDbCircle
 10
18.5
 20
-10.5
 30
0.0
 40
4.5
100
AcDbArc
 50
90.0
 51
180.0
  0
LWPOLYLINE
  5
2B6
330
29B
100
AcDbEntity
  8
C-PED
100
AcDbPolyline
 90
2
 70
0
 10
89.11181098827419
 20
-8.0
 10
18.5
 20
-8.0
  0
LWPOLYLINE
  5
2B7
330
29B
100
AcDbEntity
  8
C-PED
100
AcDbPolyline
 90
2
 70
0
 10
16.0
 20
-89.11181098827419
 10
16.0
 20
-10.5
  0
ARC
  5
2B8
330
29B
100
AcDbEntity
  8
C-PED
100
AcDbCircle
 10
18.5
 20
-10.5
 30
0.0
 40
2.5
100
AcDbArc
 50
90.0
 51
180.0
  0
LWPOLYLINE
  5
2B9
330
29B
100
AcDbEntity
  8
C-CURB
100
AcDbPolyline
 90
2
 70
0
 10
-89.11181098827419
 20
-3.5
 10
-18.5
 20
-3.5
  0
LWPOLYLINE
  5
2BA
330
29B
100
AcDbEntity
  8
C-CURB
100
AcDbPolyline
 90
2
 70
0
 10
-11.5
 20
-89.11181098827419
 10
-11.5
 20
-10.5
  0
ARC
  5
2BB
330
29B
100
AcDbEntity
  8
C-CURB
100
AcDbCircle
 10
-18.5
 20
-10.5
 30
0.0
 40
7.0
100
AcDbArc
 50
0.0
 51
90.0
  0
LWPOLYLINE
  5
2BC
330
29B
100
AcDbEntity
  8
C-PED
100
AcDbPolyline
 90
2
 70
0
 10
-89.11181098827419
 20
-6.0
 10
-18.5
 20
-6.0
  0
LWPOLYLINE
  5
2BD
330
29B
100
AcDbEntity
  8
C-PED
100
AcDbPolyline
 90
2
 70
0
 10
-14.0
 20
-89.11181098827419
 10
-14.0
 20
-10.5
  0
ARC
  5
2BE
330
29B
100
AcDbEntity
  8
C-PED
100
AcDbCircle
 10
-18.5
 20
-10.5
 30
0.0
 40
4.5
100
AcDbArc
 50
0.0
 51
90.0
  0
LWPOLYLINE
  5
2BF
330
29B
100
AcDbEntity
  8
C-PED
100
AcDbPolyline
 90
2
 70
0
 10
-89.11181098827419
 20
-8.0
 10
-18.5
 20
-8.0
  0
LWPOLYLINE
  5
2C0
330
29B
100
AcDbEntity
  8
C-PED
100
AcDbPolyline
 90
2
 70
0
 10
-16.0
 20
-89.11181098827419
 10
-16.0
 20
-10.5
  0
ARC
  5
2C1
330
29B
100
AcDbEntity
  8
C-PED
100
AcDbCircle
 10
-18.5
 20
-10.5
 30
0.0
 40
2.5
100
AcDbArc
 50
0.0
 51
90.0
  0
LWPOLYLINE
  5
2C2
330
29B
100
AcDbEntity
  8
C-MARK-YELW
100
AcDbPolyline
 90
2
 70
0
 10
-89.11181098827419
 20
0.0
 10
-17.6
 20
0.0
  0
LWPOLYLINE
  5
2C3
330
29B
100
AcDbEntity
  8
C-MARK-YELW
100
AcDbPolyline
 90
2
 70
0
 10
17.6
 20
0.0
 10
89.11181098827419
 20
0.0
  0
LWPOLYLINE
  5
2C4
330
29B
100
AcDbEntity
  8
C-MARK-LANE
100
AcDbPolyline
 90
2
 70
0
 10
4.5
 20
-89.11181098827419
 10
4.5
 20
-9.6
  0
LWPOLYLINE
  5
2C5
330
29B
100
AcDbEntity
  8
C-MARK-LANE
100
AcDbPolyline
 90
2
 70
0
 10
4.5
 20
9.6
 10
4.5
 20
89.11181098827419
  0
LWPOLYLINE
  5
2C6
330
29B
100
AcDbEntity
  8
C-MARK-LANE
100
AcDbPolyline
 90
2
 70
0
 10
-4.5
 20
-89.11181098827419
 10
-4.5
 20
-9.6
  0
LWPOLYLINE
  5
2C7
330
29B
100
AcDbEntity
  8
C-MARK-LANE
100
AcDbPolyline
 90
2
 70
0
 10
-4.5
 20
9.6
 10
-4.5
 20
89.11181098827419
  0
LWPOLYLINE
  5
2C8
330
29B
100
AcDbEntity
  8
C-MARK-LANE
100
AcDbPolyline
 90
2
 70
0
 10
8.0
 20
-89.11181098827419
 10
8.0
 20
-9.6
  0
LWPOLYLINE
  5
2C9
330
29B
100
AcDbEntity
  8
C-MARK-LANE
100
AcDbPolyline
 90
2
 70
0
 10
8.0
 20
9.6
 10
8.0
 20
89.11181098827419
  0
LWPOLYLINE
  5
2CA
330
29B
100
AcDbEntity
  8
C-MARK-LANE
100
AcDbPolyline
 90
2
 70
0
 10
-8.0
 20
-89.11181098827419
 10
-8.0
 20
-9.6
  0
LWPOLYLINE
  5
2CB
330
29B
100
AcDbEntity
  8
C-MARK-LANE
100
AcDbPolyline
 90
2
 70
0
 10
-8.0
 20
9.6
 10
-8.0
 20
89.11181098827419
  0
LWPOLYLINE
  5
2CC
330
29B
100
AcDbEntity
  8
C-MARK-EXT
100
AcDbPolyline
 90
2
 70
0
 10
4.5
 20
-5.0
 10
4.5
 20
5.0
  0
LWPOLYLINE
  5
2CD
330
29B
100
AcDbEntity
  8
C-MARK-EXT
100
AcDbPolyline
 90
2
 70
0
 10
-4.5
 20
-5.0
 10
-4.5
 20
5.0
  0
LWPOLYLINE
  5
2CE
330
29B
100
AcDbEntity
  8
C-MARK-EXT
100
AcDbPolyline
 90
2
 70
0
 10
8.0
 20
-5.0
 10
8.0
 20
5.0
  0
LWPOLYLINE
  5
2CF
330
29B
100
AcDbEntity
  8
C-MARK-EXT
100
AcDbPolyline
 90
2
 70
0
 10
-8.0
 20
-5.0
 10
-8.0
 20
5.0
  0
LWPOLYLINE
  5
2D0
330
29B
100
AcDbEntity
  8
C-MARK-STOP
100
AcDbPolyline
 90
4
 70
1
 10
-17.6
 20
-3.5
 10
-17.0
 20
-3.5
 10
-17.0
 20
-0.0
 10
-17.6
 20
-0.0
  0
HATCH
  5
2D1
330
29B
100
AcDbEntity
  8
C-MARK-STOP
 62
7
100
AcDbHatch
 10
0.0
 20
0.0
 30
0.0
210
0.0
220
0.0
230
1.0
  2
SOLID
 70
1
 71
0
 91
1
 92
3
 72
0
 73
1
 93
4
 10
-17.6
 20
-3.5
 10
-17.0
 20
-3.5
 10
-17.0
 20
-0.0
 10
-17.6
 20
-0.0
 97
0
 75
0
 76
1
 98
0
  0
LWPOLYLINE
  5
2D2
330
29B
100
AcDbEntity
  8
C-MARK-STOP
100
AcDbPolyline
 90
4
 70
1
 10
17.0
 20
0.0
 10
17.6
 20
0.0
 10
17.6
 20
3.5
 10
17.0
 20
3.5
  0
HATCH
  5
2D3
330
29B
100
AcDbEntity
  8
C-MARK-STOP
 62
7
100
AcDbHatch
 10
0.0
 20
0.0
 30
0.0
210
0.0
220
0.0
230
1.0
  2
SOLID
 70
1
 71
0
 91
1
 92
3
 72
0
 73
1
 93
4
 10
17.0
 20
0.0
 10
17.6
 20
0.0
 10
17.6
 20
3.5
 10
17.0
 20
3.5
 97
0
 75
0
 76
1
 98
0
  0
LWPOLYLINE
  5
2D4
330
29B
100
AcDbEntity
  8
C-MARK-STOP
100
AcDbPolyline
 90
4
 70
1
 10
1.0
 20
-9.6
 10
11.5
 20
-9.6
 10
11.5
 20
-9.0
 10
1.0
 20
-9.0
  0
HATCH
  5
2D5
330
29B
100
AcDbEntity
  8
C-MARK-STOP
 62
7
100
AcDbHatch
 10
0.0
 20
0.0
 30
0.0
210
0.0
220
0.0
230
1.0
  2
SOLID
 70
1
 71
0
 91
1
 92
3
 72
0
 73
1
 93
4
 10
1.0
 20
-9.6
 10
11.5
 20
-9.6
 10
11.5
 20
-9.0
 10
1.0
 20
-9.0
 97
0
 75
0
 76
1
 98
0
  0
LWPOLYLINE
  5
2D6
330
29B
100
AcDbEntity
  8
C-MARK-STOP
100
AcDbPolyline
 90
4
 70
1
 10
-11.5
 20
9.0
 10
-1.0
 20
9.0
 10
-1.0
 20
9.6
 10
-11.5
 20
9.6
  0
HATCH
  5
2D7
330
29B
100
AcDbEntity
  8
C-MARK-STOP
 62
7
100
AcDbHatch
 10
0.0
 20
0.0
 30
0.0
210
0.0
220
0.0
230
1.0
  2
SOLID
 70
1
 71
0
 91
1
 92
3
 72
0
 73
1
 93
4
 10
-11.5
 20
9.0
 10
-1.0
 20
9.0
 10
-1.0
 20
9.6
 10
-11.5
 20
9.6
 97
0
 75
0
 76
1
 98
0
  0
LWPOLYLINE
  5
2D8
330
29B
100
AcDbEntity
  8
C-MARK
100
AcDbPolyline
 90
2
 70
0
 10
-16.0
 20
-3.5
 10
-13.0
 20
-3.5
  0
LWPOLYLINE
  5
2D9
330
29B
100
AcDbEntity
  8
C-MARK
100
AcDbPolyline
 90
2
 70
0
 10
-16.0
 20
3.5
 10
-13.0
 20
3.5
  0
LWPOLYLINE
  5
2DA
330
29B
100
AcDbEntity
  8
C-MARK
100
AcDbPolyline
 90
4
 70
1
 10
-16.0
 20
-3.0
 10
-13.0
 20
-3.0
 10
-13.0
 20
-2.5
 10
-16.0
 20
-2.5
  0
LWPOLYLINE
  5
2DB
330
29B
100
AcDbEntity
  8
C-MARK
100
AcDbPolyline
 90
4
 70
1
 10
-16.0
 20
-2.0
 10
-13.0
 20
-2.0
 10
-13.0
 20
-1.5
 10
-16.0
 20
-1.5
  0
LWPOLYLINE
  5
2DC
330
29B
100
AcDbEntity
  8
C-MARK
100
AcDbPolyline
 90
4
 70
1
 10
-16.0
 20
-1.0
 10
-13.0
 20
-1.0
 10
-13.0
 20
-0.5
 10
-16.0
 20
-0.5
  0
LWPOLYLINE
  5
2DD
330
29B
100
AcDbEntity
  8
C-MARK
100
AcDbPolyline
 90
4
 70
1
 10
-16.0
 20
0.0
 10
-13.0
 20
0.0
 10
-13.0
 20
0.5
 10
-16.0
 20
0.5
  0
LWPOLYLINE
  5
2DE
330
29B
100
AcDbEntity
  8
C-MARK
100
AcDbPolyline
 90
4
 70
1
 10
-16.0
 20
1.0
 10
-13.0
 20
1.0
 10
-13.0
 20
1.5
 10
-16.0
 20
1.5
  0
LWPOLYLINE
  5
2DF
330
29B
100
AcDbEntity
  8
C-MARK
100
AcDbPolyline
 90
4
 70
1
 10
-16.0
 20
2.0
 10
-13.0
 20
2.0
 10
-13.0
 20
2.5
 10
-16.0
 20
2.5
  0
LWPOLYLINE
  5
2E0
330
29B
100
AcDbEntity
  8
C-MARK
100
AcDbPolyline
 90
2
 70
0
 10
13.0
 20
-3.5
 10
16.0
 20
-3.5
  0
LWPOLYLINE
  5
2E1
330
29B
100
AcDbEntity
  8
C-MARK
100
AcDbPolyline
 90
2
 70
0
 10
13.0
 20
3.5
 10
16.0
 20
3.5
  0
LWPOLYLINE
  5
2E2
330
29B
100
AcDbEntity
  8
C-MARK
100
AcDbPolyline
 90
4
 70
1
 10
13.0
 20
-3.0
 10
16.0
 20
-3.0
 10
16.0
 20
-2.5
 10
13.0
 20
-2.5
  0
LWPOLYLINE
  5
2E3
330
29B
100
AcDbEntity
  8
C-MARK
100
AcDbPolyline
 90
4
 70
1
 10
13.0
 20
-2.0
 10
16.0
 20
-2.0
 10
16.0
 20
-1.5
 10
13.0
 20
-1.5
  0
LWPOLYLINE
  5
2E4
330
29B
100
AcDbEntity
  8
C-MARK
100
AcDbPolyline
 90
4
 70
1
 10
13.0
 20
-1.0
 10
16.0
 20
-1.0
 10
16.0
 20
-0.5
 10
13.0
 20
-0.5
  0
LWPOLYLINE
  5
2E5
330
29B
100
AcDbEntity
  8
C-MARK
100
AcDbPolyline
 90
4
 70
1
 10
13.0
 20
0.0
 10
16.0
 20
0.0
 10
16.0
 20
0.5
 10
13.0
 20
0.5
  0
LWPOLYLINE
  5
2E6
330
29B
100
AcDbEntity
  8
C-MARK
100
AcDbPolyline
 90
4
 70
1
 10
13.0
 20
1.0
 10
16.0
 20
1.0
 10
16.0
 20
1.5
 10
13.0
 20
1.5
  0
LWPOLYLINE
  5
2E7
330
29B
100
AcDbEntity
  8
C-MARK
100
AcDbPolyline
 90
4
 70
1
 10
13.0
 20
2.0
 10
16.0
 20
2.0
 10
16.0
 20
2.5
 10
13.0
 20
2.5
  0
LWPOLYLINE
  5
2E8
330
29B
100
AcDbEntity
  8
C-MARK
100
AcDbPolyline
 90
2
 70
0
 10
-11.5
 20
-8.0
 10
11.5
 20
-8.0
  0
LWPOLYLINE
  5
2E9
330
29B
100
AcDbEntity
  8
C-MARK
100
AcDbPolyline
 90
2
 70
0
 10
-11.5
 20
-5.0
 10
11.5
 20
-5.0
  0
LWPOLYLINE
  5
2EA
330
29B
100
AcDbEntity
  8
C-MARK
100
AcDbPolyline
 90
4
 70
1
 10
-11.0
 20
-8.0
 10
-10.5
 20
-8.0
 10
-10.5
 20
-5.0
 10
-11.0
 20
-5.0
  0
LWPOLYLINE
  5
2EB
330
29B
100
AcDbEntity
  8
C-MARK
100
AcDbPolyline
 90
4
 70
1
 10
-10.0
 20
-8.0
 10
-9.5
 20
-8.0
 10
-9.5
 20
-5.0
 10
-10.0
 20
-5.0
  0
LWPOLYLINE
  5
2EC
330
29B
100
AcDbEntity
  8
C-MARK
100
AcDbPolyline
 90
4
 70
1
 10
-9.0
 20
-8.0
 10
-8.5
 20
-8.0
 10
-8.5
 20
-5.0
 10
-9.0
 20
-5.0
  0
LWPOLYLINE
  5
2ED
330
29B
100
AcDbEntity
  8
C-MARK
100
AcDbPolyline
 90
4
 70
1
 10
-8.0
 20
-8.0
 10
-7.5
 20
-8.0
 10
-7.5
 20
-5.0
 10
-8.0
 20
-5.0
  0
LWPOLYLINE
  5
2EE
330
29B
100
AcDbEntity
  8
C-MARK
100
AcDbPolyline
 90
4
 70
1
 10
-7.0
 20
-8.0
 10
-6.5
 20
-8.0
 10
-6.5
 20
-5.0
 10
-7.0
 20
-5.0
  0
LWPOLYLINE
  5
2EF
330
29B
100
AcDbEntity
  8
C-MARK
100
AcDbPolyline
 90
4
 70
1
 10
-6.0
 20
-8.0
 10
-5.5
 20
-8.0
 10
-5.5
 20
-5.0
 10
-6.0
 20
-5.0
  0
LWPOLYLINE
  5
2F0
330
29B
100
AcDbEntity
  8
C-MARK
100
AcDbPolyline
 90
4
 70
1
 10
-5.0
 20
-8.0
 10
-4.5
 20
-8.0
 10
-4.5
 20
-5.0
 10
-5.0
 20
-5.0
  0
LWPOLYLINE
  5
2F1
330
29B
100
AcDbEntity
  8
C-MARK
100
AcDbPolyline
 90
4
 70
1
 10
-4.0
 20
-8.0
 10
-3.5
 20
-8.0
 10
-3.5
 20
-5.0
 10
-4.0
 20
-5.0
  0
LWPOLYLINE
  5
2F2
330
29B
100
AcDbEntity
  8
C-MARK
100
AcDbPolyline
 90
4
 70
1
 10
-3.0
 20
-8.0
 10
-2.5
 20
-8.0
 10
-2.5
 20
-5.0
 10
-3.0
 20
-5.0
  0
LWPOLYLINE
  5
2F3
330
29B
100
AcDbEntity
  8
C-MARK
100
AcDbPolyline
 90
4
 70
1
 10
-2.0
 20
-8.0
 10
-1.5
 20
-8.0
 10
-1.5
 20
-5.0
 10
-2.0
 20
-5.0
  0
LWPOLYLINE
  5
2F4
330
29B
100
AcDbEntity
  8
C-MARK
100
AcDbPolyline
 90
4
 70
1
 10
-1.0
 20
-8.0
 10
-0.5
 20
-8.0
 10
-0.5
 20
-5.0
 10
-1.0
 20
-5.0
  0
LWPOLYLINE
  5
2F5
330
29B
100
AcDbEntity
  8
C-MARK
100
AcDbPolyline
 90
4
 70
1
 10
0.0
 20
-8.0
 10
0.5
 20
-8.0
 10
0.5
 20
-5.0
 10
0.0
 20
-5.0
  0
LWPOLYLINE
  5
2F6
330
29B
100
AcDbEntity
  8
C-MARK
100
AcDbPolyline
 90
4
 70
1
 10
1.0
 20
-8.0
 10
1.5
 20
-8.0
 10
1.5
 20
-5.0
 10
1.0
 20
-5.0
  0
LWPOLYLINE
  5
2F7
330
29B
100
AcDbEntity
  8
C-MARK
100
AcDbPolyline
 90
4
 70
1
 10
2.0
 20
-8.0
 10
2.5
 20
-8.0
 10
2.5
 20
-5.0
 10
2.0
 20
-5.0
  0
LWPOLYLINE
  5
2F8
330
29B
100
AcDbEntity
  8
C-MARK
100
AcDbPolyline
 90
4
 70
1
 10
3.0
 20
-8.0
 10
3.5
 20
-8.0
 10
3.5
 20
-5.0
 10
3.0
 20
-5.0
  0
LWPOLYLINE
  5
2F9
330
29B
100
AcDbEntity
  8
C-MARK
100
AcDbPolyline
 90
4
 70
1
 10
4.0
 20
-8.0
 10
4.5
 20
-8.0
 10
4.5
 20
-5.0
 10
4.0
 20
-5.0
  0
LWPOLYLINE
  5
2FA
330
29B
100
AcDbEntity
  8
C-MARK
100
AcDbPolyline
 90
4
 70
1
 10
5.0
 20
-8.0
 10
5.5
 20
-8.0
 10
5.5
 20
-5.0
 10
5.0
 20
-5.0
  0
LWPOLYLINE
  5
2FB
330
29B
100
AcDbEntity
  8
C-MARK
100
AcDbPolyline
 90
4
 70
1
 10
6.0
 20
-8.0
 10
6.5
 20
-8.0
 10
6.5
 20
-5.0
 10
6.0
 20
-5.0
  0
LWPOLYLINE
  5
2FC
330
29B
100
AcDbEntity
  8
C-MARK
100
AcDbPolyline
 90
4
 70
1
 10
7.0
 20
-8.0
 10
7.5
 20
-8.0
 10
7.5
 20
-5.0
 10
7.0
 20
-5.0
  0
LWPOLYLINE
  5
2FD
330
29B
100
AcDbEntity
  8
C-MARK
100
AcDbPolyline
 90
4
 70
1
 10
8.0
 20
-8.0
 10
8.5
 20
-8.0
 10
8.5
 20
-5.0
 10
8.0
 20
-5.0
  0
LWPOLYLINE
  5
2FE
330
29B
100
AcDbEntity
  8
C-MARK
100
AcDbPolyline
 90
4
 70
1
 10
9.0
 20
-8.0
 10
9.5
 20
-8.0
 10
9.5
 20
-5.0
 10
9.0
 20
-5.0
  0
LWPOLYLINE
  5
2FF
330
29B
100
AcDbEntity
  8
C-MARK
100
AcDbPolyline
 90
4
 70
1
 10
10.0
 20
-8.0
 10
10.5
 20
-8.0
 10
10.5
 20
-5.0
 10
10.0
 20
-5.0
  0
LWPOLYLINE
  5
300
330
29B
100
AcDbEntity
  8
C-MARK
100
AcDbPolyline
 90
2
 70
0
 10
-11.5
 20
5.0
 10
11.5
 20
5.0
  0
LWPOLYLINE
  5
301
330
29B
100
AcDbEntity
  8
C-MARK
100
AcDbPolyline
 90
2
 70
0
 10
-11.5
 20
8.0
 10
11.5
 20
8.0
  0
LWPOLYLINE
  5
302
330
29B
100
AcDbEntity
  8
C-MARK
100
AcDbPolyline
 90
4
 70
1
 10
-11.0
 20
5.0
 10
-10.5
 20
5.0
 10
-10.5
 20
8.0
 10
-11.0
 20
8.0
  0
LWPOLYLINE
  5
303
330
29B
100
AcDbEntity
  8
C-MARK
100
AcDbPolyline
 90
4
 70
1
 10
-10.0
 20
5.0
 10
-9.5
 20
5.0
 10
-9.5
 20
8.0
 10
-10.0
 20
8.0
  0
LWPOLYLINE
  5
304
330
29B
100
AcDbEntity
  8
C-MARK
100
AcDbPolyline
 90
4
 70
1
 10
-9.0
 20
5.0
 10
-8.5
 20
5.0
 10
-8.5
 20
8.0
 10
-9.0
 20
8.0
  0
LWPOLYLINE
  5
305
330
29B
100
AcDbEntity
  8
C-MARK
100
AcDbPolyline
 90
4
 70
1
 10
-8.0
 20
5.0
 10
-7.5
 20
5.0
 10
-7.5
 20
8.0
 10
-8.0
 20
8.0
  0
LWPOLYLINE
  5
306
330
29B
100
AcDbEntity
  8
C-MARK
100
AcDbPolyline
 90
4
 70
1
 10
-7.0
 20
5.0
 10
-6.5
 20
5.0
 10
-6.5
 20
8.0
 10
-7.0
 20
8.0
  0
LWPOLYLINE
  5
307
330
29B
100
AcDbEntity
  8
C-MARK
100
AcDbPolyline
 90
4
 70
1
 10
-6.0
 20
5.0
 10
-5.5
 20
5.0
 10
-5.5
 20
8.0
 10
-6.0
 20
8.0
  0
LWPOLYLINE
  5
308
330
29B
100
AcDbEntity
  8
C-MARK
100
AcDbPolyline
 90
4
 70
1
 10
-5.0
 20
5.0
 10
-4.5
 20
5.0
 10
-4.5
 20
8.0
 10
-5.0
 20
8.0
  0
LWPOLYLINE
  5
309
330
29B
100
AcDbEntity
  8
C-MARK
100
AcDbPolyline
 90
4
 70
1
 10
-4.0
 20
5.0
 10
-3.5
 20
5.0
 10
-3.5
 20
8.0
 10
-4.0
 20
8.0
  0
LWPOLYLINE
  5
30A
330
29B
100
AcDbEntity
  8
C-MARK
100
AcDbPolyline
 90
4
 70
1
 10
-3.0
 20
5.0
 10
-2.5
 20
5.0
 10
-2.5
 20
8.0
 10
-3.0
 20
8.0
  0
LWPOLYLINE
  5
30B
330
29B
100
AcDbEntity
  8
C-MARK
100
AcDbPolyline
 90
4
 70
1
 10
-2.0
 20
5.0
 10
-1.5
 20
5.0
 10
-1.5
 20
8.0
 10
-2.0
 20
8.0
  0
LWPOLYLINE
  5
30C
330
29B
100
AcDbEntity
  8
C-MARK
100
AcDbPolyline
 90
4
 70
1
 10
-1.0
 20
5.0
 10
-0.5
 20
5.0
 10
-0.5
 20
8.0
 10
-1.0
 20
8.0
  0
LWPOLYLINE
  5
30D
330
29B
100
AcDbEntity
  8
C-MARK
100
AcDbPolyline
 90
4
 70
1
 10
0.0
 20
5.0
 10
0.5
 20
5.0
 10
0.5
 20
8.0
 10
0.0
 20
8.0
  0
LWPOLYLINE
  5
30E
330
29B
100
AcDbEntity
  8
C-MARK
100
AcDbPolyline
 90
4
 70
1
 10
1.0
 20
5.0
 10
1.5
 20
5.0
 10
1.5
 20
8.0
 10
1.0
 20
8.0
  0
LWPOLYLINE
  5
30F
330
29B
100
AcDbEntity
  8
C-MARK
100
AcDbPolyline
 90
4
 70
1
 10
2.0
 20
5.0
 10
2.5
 20
5.0
 10
2.5
 20
8.0
 10
2.0
 20
8.0
  0
LWPOLYLINE
  5
310
330
29B
100
AcDbEntity
  8
C-MARK
100
AcDbPolyline
 90
4
 70
1
 10
3.0
 20
5.0
 10
3.5
 20
5.0
 10
3.5
 20
8.0
 10
3.0
 20
8.0
  0
LWPOLYLINE
  5
311
330
29B
100
AcDbEntity
  8
C-MARK
100
AcDbPolyline
 90
4
 70
1
 10
4.0
 20
5.0
 10
4.5
 20
5.0
 10
4.5
 20
8.0
 10
4.0
 20
8.0
  0
LWPOLYLINE
  5
312
330
29B
100
AcDbEntity
  8
C-MARK
100
AcDbPolyline
 90
4
 70
1
 10
5.0
 20
5.0
 10
5.5
 20
5.0
 10
5.5
 20
8.0
 10
5.0
 20
8.0
  0
LWPOLYLINE
  5
313
330
29B
100
AcDbEntity
  8
C-MARK
100
AcDbPolyline
 90
4
 70
1
 10
6.0
 20
5.0
 10
6.5
 20
5.0
 10
6.5
 20
8.0
 10
6.0
 20
8.0
  0
LWPOLYLINE
  5
314
330
29B
100
AcDbEntity
  8
C-MARK
100
AcDbPolyline
 90
4
 70
1
 10
7.0
 20
5.0
 10
7.5
 20
5.0
 10
7.5
 20
8.0
 10
7.0
 20
8.0
  0
LWPOLYLINE
  5
315
330
29B
100
AcDbEntity
  8
C-MARK
100
AcDbPolyline
 90
4
 70
1
 10
8.0
 20
5.0
 10
8.5
 20
5.0
 10
8.5
 20
8.0
 10
8.0
 20
8.0
  0
LWPOLYLINE
  5
316
330
29B
100
AcDbEntity
  8
C-MARK
100
AcDbPolyline
 90
4
 70
1
 10
9.0
 20
5.0
 10
9.5
 20
5.0
 10
9.5
 20
8.0
 10
9.0
 20
8.0
  0
LWPOLYLINE
  5
317
330
29B
100
AcDbEntity
  8
C-MARK
100
AcDbPolyline
 90
4
 70
1
 10
10.0
 20
5.0
 10
10.5
 20
5.0
 10
10.5
 20
8.0
 10
10.0
 20
8.0
  0
INSERT
  5
318
330
29B
100
AcDbEntity
  8
C-MARK
100
AcDbBlockReference
  2
ARROW-LTR
 10
-26.0
 20
-1.75
 30
0.0
 50
270.0
  0
INSERT
  5
31A
330
29B
100
AcDbEntity
  8
C-MARK
100
AcDbBlockReference
  2
ARROW-LTR
 10
26.0
 20
1.75
 30
0.0
 50
90.0
  0
INSERT
  5
31C
330
29B
100
AcDbEntity
  8
C-MARK
100
AcDbBlockReference
  2
ARROW-L
 10
2.75
 20
-18.0
 30
0.0
  0
INSERT
  5
31E
330
29B
100
AcDbEntity
  8
C-MARK
100
AcDbBlockReference
  2
ARROW-T
 10
6.25
 20
-18.0
 30
0.0
  0
INSERT
  5
320
330
29B
100
AcDbEntity
  8
C-MARK
100
AcDbBlockReference
  2
ARROW-TR
 10
9.75
 20
-18.0
 30
0.0
  0
INSERT
  5
322
330
29B
100
AcDbEntity
  8
C-MARK
100
AcDbBlockReference
  2
ARROW-L
 10
-2.75
 20
18.0
 30
0.0
 50
180.0
  0
INSERT
  5
324
330
29B
100
AcDbEntity
  8
C-MARK
100
AcDbBlockReference
  2
ARROW-T
 10
-6.25
 20
18.0
 30
0.0
 50
180.0
  0
INSERT
  5
326
330
29B
100
AcDbEntity
  8
C-MARK
100
AcDbBlockReference
  2
ARROW-TR
 10
-9.75
 20
18.0
 30
0.0
 50
180.0
  0
INSERT
  5
328
330
29B
100
AcDbEntity
  8
C-MARK
100
AcDbBlockReference
  2
ARROW-LTR
 10
-42.0
 20
-1.75
 30
0.0
 50
270.0
  0
INSERT
  5
32A
330
29B
100
AcDbEntity
  8
C-MARK
100
AcDbBlockReference
  2
ARROW-LTR
 10
42.0
 20
1.75
 30
0.0
 50
90.0
  0
INSERT
  5
32C
330
29B
100
AcDbEntity
  8
C-MARK
100
AcDbBlockReference
  2
ARROW-L
 10
2.75
 20
-34.0
 30
0.0
  0
INSERT
  5
32E
330
29B
100
AcDbEntity
  8
C-MARK
100
AcDbBlockReference
  2
ARROW-T
 10
6.25
 20
-34.0
 30
0.0
  0
INSERT
  5
330
330
29B
100
AcDbEntity
  8
C-MARK
100
AcDbBlockReference
  2
ARROW-TR
 10
9.75
 20
-34.0
 30
0.0
  0
INSERT
  5
332
330
29B
100
AcDbEntity
  8
C-MARK
100
AcDbBlockReference
  2
ARROW-L
 10
-2.75
 20
34.0
 30
0.0
 50
180.0
  0
INSERT
  5
334
330
29B
100
AcDbEntity
  8
C-MARK
100
AcDbBlockReference
  2
ARROW-T
 10
-6.25
 20
34.0
 30
0.0
 50
180.0
  0
INSERT
  5
336
330
29B
100
AcDbEntity
  8
C-MARK
100
AcDbBlockReference
  2
ARROW-TR
 10
-9.75
 20
34.0
 30
0.0
 50
180.0
  0
INSERT
  5
338
330
29B
100
AcDbEntity
  8
C-SGNL
100
AcDbBlockReference
  2
SIG-MASTARM
 10
-16.5
 20
10.5
 30
0.0
  0
INSERT
  5
33A
330
29B
100
AcDbEntity
  8
C-SGNL
100
AcDbBlockReference
  2
SIG-MASTARM
 10
16.5
 20
10.5
 30
0.0
 50
270.0
  0
INSERT
  5
33C
330
29B
100
AcDbEntity
  8
C-SGNL
100
AcDbBlockReference
  2
SIG-MASTARM
 10
16.5
 20
-10.5
 30
0.0
 50
180.0
  0
INSERT
  5
33E
330
29B
100
AcDbEntity
  8
C-SGNL
100
AcDbBlockReference
  2
SIG-MASTARM
 10
-16.5
 20
-10.5
 30
0.0
 50
90.0
  0
INSERT
  5
340
330
29B
100
AcDbEntity
  8
C-SGNL
100
AcDbBlockReference
  2
SIG-3SEC
 10
2.75
 20
10.0
 30
0.0
 50
180.0
  0
INSERT
  5
342
330
29B
100
AcDbEntity
  8
C-SGNL
100
AcDbBlockReference
  2
SIG-3SEC
 10
6.25
 20
10.0
 30
0.0
 50
180.0
  0
INSERT
  5
344
330
29B
100
AcDbEntity
  8
C-SGNL
100
AcDbBlockReference
  2
SIG-3SEC
 10
9.75
 20
10.0
 30
0.0
 50
180.0
  0
INSERT
  5
346
330
29B
100
AcDbEntity
  8
C-SGNL
100
AcDbBlockReference
  2
SIG-3SEC
 10
-2.75
 20
-10.0
 30
0.0
  0
INSERT
  5
348
330
29B
100
AcDbEntity
  8
C-SGNL
100
AcDbBlockReference
  2
SIG-3SEC
 10
-6.25
 20
-10.0
 30
0.0
  0
INSERT
  5
34A
330
29B
100
AcDbEntity
  8
C-SGNL
100
AcDbBlockReference
  2
SIG-3SEC
 10
-9.75
 20
-10.0
 30
0.0
  0
INSERT
  5
34C
330
29B
100
AcDbEntity
  8
C-SGNL
100
AcDbBlockReference
  2
SIG-3SEC
 10
21.5
 20
-1.75
 30
0.0
 50
90.0
  0
INSERT
  5
34E
330
29B
100
AcDbEntity
  8
C-SGNL
100
AcDbBlockReference
  2
SIG-3SEC
 10
-21.5
 20
1.75
 30
0.0
 50
270.0
  0
INSERT
  5
350
330
29B
100
AcDbEntity
  8
C-SGNL
100
AcDbBlockReference
  2
SIG-PED
 10
-13.5
 20
11.0
 30
0.0
  0
INSERT
  5
352
330
29B
100
AcDbEntity
  8
C-SGNL
100
AcDbBlockReference
  2
SIG-PED
 10
-19.0
 20
5.5
 30
0.0
 50
270.0
  0
INSERT
  5
354
330
29B
100
AcDbEntity
  8
C-SGNL
100
AcDbBlockReference
  2
SIG-PB
 10
-13.5
 20
8.0
 30
0.0
  0
INSERT
  5
356
330
29B
100
AcDbEntity
  8
C-SGNL
100
AcDbBlockReference
  2
SIG-PB
 10
-16.0
 20
5.5
 30
0.0
  0
INSERT
  5
358
330
29B
100
AcDbEntity
  8
C-PED
100
AcDbBlockReference
  2
CURB-RAMP-TWSI
 10
-15.325
 20
2.79
 30
0.0
  0
INSERT
  5
35A
330
29B
100
AcDbEntity
  8
C-PED
100
AcDbBlockReference
  2
CURB-RAMP-TWSI
 10
-10.79
 20
7.325
 30
0.0
 50
270.0
  0
INSERT
  5
35C
330
29B
100
AcDbEntity
  8
C-SGNL-UG
100
AcDbBlockReference
  2
SIG-JB
 10
-18.0
 20
9.0
 30
0.0
  0
INSERT
  5
35E
330
29B
100
AcDbEntity
  8
C-SGNL
100
AcDbBlockReference
  2
SIG-PED
 10
13.5
 20
11.0
 30
0.0
  0
INSERT
  5
360
330
29B
100
AcDbEntity
  8
C-SGNL
100
AcDbBlockReference
  2
SIG-PED
 10
19.0
 20
5.5
 30
0.0
 50
90.0
  0
INSERT
  5
362
330
29B
100
AcDbEntity
  8
C-SGNL
100
AcDbBlockReference
  2
SIG-PB
 10
13.5
 20
8.0
 30
0.0
  0
INSERT
  5
364
330
29B
100
AcDbEntity
  8
C-SGNL
100
AcDbBlockReference
  2
SIG-PB
 10
16.0
 20
5.5
 30
0.0
  0
INSERT
  5
366
330
29B
100
AcDbEntity
  8
C-PED
100
AcDbBlockReference
  2
CURB-RAMP-TWSI
 10
13.675
 20
2.79
 30
0.0
  0
INSERT
  5
368
330
29B
100
AcDbEntity
  8
C-PED
100
AcDbBlockReference
  2
CURB-RAMP-TWSI
 10
10.79
 20
7.325
 30
0.0
 50
270.0
  0
INSERT
  5
36A
330
29B
100
AcDbEntity
  8
C-SGNL-UG
100
AcDbBlockReference
  2
SIG-JB
 10
18.0
 20
9.0
 30
0.0
  0
INSERT
  5
36C
330
29B
100
AcDbEntity
  8
C-SGNL
100
AcDbBlockReference
  2
SIG-PED
 10
13.5
 20
-11.0
 30
0.0
 50
180.0
  0
INSERT
  5
36E
330
29B
100
AcDbEntity
  8
C-SGNL
100
AcDbBlockReference
  2
SIG-PED
 10
19.0
 20
-5.5
 30
0.0
 50
90.0
  0
INSERT
  5
370
330
29B
100
AcDbEntity
  8
C-SGNL
100
AcDbBlockReference
  2
SIG-PB
 10
13.5
 20
-8.0
 30
0.0
  0
INSERT
  5
372
330
29B
100
AcDbEntity
  8
C-SGNL
100
AcDbBlockReference
  2
SIG-PB
 10
16.0
 20
-5.5
 30
0.0
  0
INSERT
  5
374
330
29B
100
AcDbEntity
  8
C-PED
100
AcDbBlockReference
  2
CURB-RAMP-TWSI
 10
13.675
 20
-2.79
 30
0.0
  0
INSERT
  5
376
330
29B
100
AcDbEntity
  8
C-PED
100
AcDbBlockReference
  2
CURB-RAMP-TWSI
 10
10.79
 20
-5.675
 30
0.0
 50
270.0
  0
INSERT
  5
378
330
29B
100
AcDbEntity
  8
C-SGNL-UG
100
AcDbBlockReference
  2
SIG-JB
 10
18.0
 20
-9.0
 30
0.0
  0
INSERT
  5
37A
330
29B
100
AcDbEntity
  8
C-SGNL
100
AcDbBlockReference
  2
SIG-PED
 10
-13.5
 20
-11.0
 30
0.0
 50
180.0
  0
INSERT
  5
37C
330
29B
100
AcDbEntity
  8
C-SGNL
100
AcDbBlockReference
  2
SIG-PED
 10
-19.0
 20
-5.5
 30
0.0
 50
270.0
  0
INSERT
  5
37E
330
29B
100
AcDbEntity
  8
C-SGNL
100
AcDbBlockReference
  2
SIG-PB
 10
-13.5
 20
-8.0
 30
0.0
  0
INSERT
  5
380
330
29B
100
AcDbEntity
  8
C-SGNL
100
AcDbBlockReference
  2
SIG-PB
 10
-16.0
 20
-5.5
 30
0.0
  0
INSERT
  5
382
330
29B
100
AcDbEntity
  8
C-PED
100
AcDbBlockReference
  2
CURB-RAMP-TWSI
 10
-15.325
 20
-2.79
 30
0.0
  0
INSERT
  5
384
330
29B
100
AcDbEntity
  8
C-PED
100
AcDbBlockReference
  2
CURB-RAMP-TWSI
 10
-10.79
 20
-5.675
 30
0.0
 50
270.0
  0
INSERT
  5
386
330
29B
100
AcDbEntity
  8
C-SGNL-UG
100
AcDbBlockReference
  2
SIG-JB
 10
-18.0
 20
-9.0
 30
0.0
  0
LWPOLYLINE
  5
388
330
29B
100
AcDbEntity
  8
C-SGNL-UG
100
AcDbPolyline
 90
5
 70
0
 10
-18.0
 20
9.0
 10
18.0
 20
9.0
 10
18.0
 20
-9.0
 10
-18.0
 20
-9.0
 10
-18.0
 20
9.0
  0
INSERT
  5
389
330
29B
100
AcDbEntity
  8
C-SGNL
100
AcDbBlockReference
  2
SIG-CABINET
 10
-21.0
 20
13.0
 30
0.0
  0
LWPOLYLINE
  5
38B
330
29B
100
AcDbEntity
  8
C-SGNL-UG
100
AcDbPolyline
 90
2
 70
0
 10
-21.0
 20
13.0
 10
-18.0
 20
9.0
  0
INSERT
  5
38C
330
29B
100
AcDbEntity
  8
C-SGNL-DET
100
AcDbBlockReference
  2
DET-LOOP
 10
-21.0
 20
-1.75
 30
0.0
  0
INSERT
  5
38E
330
29B
100
AcDbEntity
  8
C-SGNL-DET
100
AcDbBlockReference
  2
DET-LOOP
 10
21.0
 20
1.75
 30
0.0
  0
INSERT
  5
390
330
29B
100
AcDbEntity
  8
C-SGNL-DET
100
AcDbBlockReference
  2
DET-LOOP
 10
2.75
 20
-13.0
 30
0.0
  0
INSERT
  5
392
330
29B
100
AcDbEntity
  8
C-SGNL-DET
100
AcDbBlockReference
  2
DET-LOOP
 10
6.25
 20
-13.0
 30
0.0
  0
INSERT
  5
394
330
29B
100
AcDbEntity
  8
C-SGNL-DET
100
AcDbBlockReference
  2
DET-LOOP
 10
9.75
 20
-13.0
 30
0.0
  0
INSERT
  5
396
330
29B
100
AcDbEntity
  8
C-SGNL-DET
100
AcDbBlockReference
  2
DET-LOOP
 10
-2.75
 20
13.0
 30
0.0
  0
INSERT
  5
398
330
29B
100
AcDbEntity
  8
C-SGNL-DET
100
AcDbBlockReference
  2
DET-LOOP
 10
-6.25
 20
13.0
 30
0.0
  0
INSERT
  5
39A
330
29B
100
AcDbEntity
  8
C-SGNL-DET
100
AcDbBlockReference
  2
DET-LOOP
 10
-9.75
 20
13.0
 30
0.0
  0
INSERT
  5
39C
330
29B
100
AcDbEntity
  8
C-SIGN
100
AcDbBlockReference
 66
1
  2
SIGN-POST
 10
-22.0
 20
13.0
 30
0.0
  0
ATTRIB
  5
39E
330
29B
100
AcDbEntity
  8
0
100
AcDbText
 10
-22.0
 20
14.3
 30
0.0
 40
0.9
  1
Rb-11
  7
ANNO
 72
1
 11
-22.0
 21
14.3
 31
0.0
100
AcDbAttribute
  2
CODE
 70
0
 74
2
  0
SEQEND
  5
39D
330
39C
100
AcDbEntity
  8
C-SIGN
  0
INSERT
  5
39F
330
29B
100
AcDbEntity
  8
C-SIGN
100
AcDbBlockReference
 66
1
  2
SIGN-POST
 10
22.0
 20
13.0
 30
0.0
  0
ATTRIB
  5
3A1
330
29B
100
AcDbEntity
  8
0
100
AcDbText
 10
22.0
 20
14.3
 30
0.0
 40
0.9
  1
Rb-11
  7
ANNO
 72
1
 11
22.0
 21
14.3
 31
0.0
100
AcDbAttribute
  2
CODE
 70
0
 74
2
  0
SEQEND
  5
3A0
330
39F
100
AcDbEntity
  8
C-SIGN
  0
INSERT
  5
3A2
330
29B
100
AcDbEntity
  8
C-SIGN
100
AcDbBlockReference
 66
1
  2
SIGN-POST
 10
22.0
 20
-13.0
 30
0.0
  0
ATTRIB
  5
3A4
330
29B
100
AcDbEntity
  8
0
100
AcDbText
 10
22.0
 20
-11.7
 30
0.0
 40
0.9
  1
Rb-11
  7
ANNO
 72
1
 11
22.0
 21
-11.7
 31
0.0
100
AcDbAttribute
  2
CODE
 70
0
 74
2
  0
SEQEND
  5
3A3
330
3A2
100
AcDbEntity
  8
C-SIGN
  0
INSERT
  5
3A5
330
29B
100
AcDbEntity
  8
C-SIGN
100
AcDbBlockReference
 66
1
  2
SIGN-POST
 10
-22.0
 20
-13.0
 30
0.0
  0
ATTRIB
  5
3A7
330
29B
100
AcDbEntity
  8
0
100
AcDbText
 10
-22.0
 20
-11.7
 30
0.0
 40
0.9
  1
Rb-11
  7
ANNO
 72
1
 11
-22.0
 21
-11.7
 31
0.0
100
AcDbAttribute
  2
CODE
 70
0
 74
2
  0
SEQEND
  5
3A6
330
3A5
100
AcDbEntity
  8
C-SIGN
  0
ENDBLK
  5
29D
330
29B
100
AcDbEntity
  8
0
100
AcDbBlockEnd
  0
BLOCK
  5
3AB
330
3AA
100
AcDbEntity
  8
0
100
AcDbBlockBegin
  2
INT-130
 70
0
 10
0.0
 20
0.0
 30
0.0
  3
INT-130
  1

  0
LWPOLYLINE
  5
3AD
330
3AA
100
AcDbEntity
  8
C-CURB
100
AcDbPolyline
 90
2
 70
0
 10
-89.11181098827419
 20
3.5
 10
-18.5
 20
3.5
  0
LWPOLYLINE
  5
3AE
330
3AA
100
AcDbEntity
  8
C-CURB
100
AcDbPolyline
 90
2
 70
0
 10
-11.5
 20
89.11181098827419
 10
-11.5
 20
10.5
  0
ARC
  5
3AF
330
3AA
100
AcDbEntity
  8
C-CURB
100
AcDbCircle
 10
-18.5
 20
10.5
 30
0.0
 40
7.0
100
AcDbArc
 50
270.0
 51
360.0
  0
LWPOLYLINE
  5
3B0
330
3AA
100
AcDbEntity
  8
C-PED
100
AcDbPolyline
 90
2
 70
0
 10
-89.11181098827419
 20
6.0
 10
-18.5
 20
6.0
  0
LWPOLYLINE
  5
3B1
330
3AA
100
AcDbEntity
  8
C-PED
100
AcDbPolyline
 90
2
 70
0
 10
-14.0
 20
89.11181098827419
 10
-14.0
 20
10.5
  0
ARC
  5
3B2
330
3AA
100
AcDbEntity
  8
C-PED
100
AcDbCircle
 10
-18.5
 20
10.5
 30
0.0
 40
4.5
100
AcDbArc
 50
270.0
 51
360.0
  0
LWPOLYLINE
  5
3B3
330
3AA
100
AcDbEntity
  8
C-PED
100
AcDbPolyline
 90
2
 70
0
 10
-89.11181098827419
 20
8.0
 10
-18.5
 20
8.0
  0
LWPOLYLINE
  5
3B4
330
3AA
100
AcDbEntity
  8
C-PED
100
AcDbPolyline
 90
2
 70
0
 10
-16.0
 20
89.11181098827419
 10
-16.0
 20
10.5
  0
ARC
  5
3B5
330
3AA
100
AcDbEntity
  8
C-PED
100
AcDbCircle
 10
-18.5
 20
10.5
 30
0.0
 40
2.5
100
AcDbArc
 50
270.0
 51
360.0
  0
LWPOLYLINE
  5
3B6
330
3AA
100
AcDbEntity
  8
C-CURB
100
AcDbPolyline
 90
2
 70
0
 10
89.11181098827419
 20
3.5
 10
18.5
 20
3.5
  0
LWPOLYLINE
  5
3B7
330
3AA
100
AcDbEntity
  8
C-CURB
100
AcDbPolyline
 90
2
 70
0
 10
11.5
 20
89.11181098827419
 10
11.5
 20
10.5
  0
ARC
  5
3B8
330
3AA
100
AcDbEntity
  8
C-CURB
100
AcDbCircle
 10
18.5
 20
10.5
 30
0.0
 40
7.0
100
AcDbArc
 50
180.0
 51
270.0
  0
LWPOLYLINE
  5
3B9
330
3AA
100
AcDbEntity
  8
C-PED
100
AcDbPolyline
 90
2
 70
0
 10
89.11181098827419
 20
6.0
 10
18.5
 20
6.0
  0
LWPOLYLINE
  5
3BA
330
3AA
100
AcDbEntity
  8
C-PED
100
AcDbPolyline
 90
2
 70
0
 10
14.0
 20
89.11181098827419
 10
14.0
 20
10.5
  0
ARC
  5
3BB
330
3AA
100
AcDbEntity
  8
C-PED
100
AcDbCircle
 10
18.5
 20
10.5
 30
0.0
 40
4.5
100
AcDbArc
 50
180.0
 51
270.0
  0
LWPOLYLINE
  5
3BC
330
3AA
100
AcDbEntity
  8
C-PED
100
AcDbPolyline
 90
2
 70
0
 10
89.11181098827419
 20
8.0
 10
18.5
 20
8.0
  0
LWPOLYLINE
  5
3BD
330
3AA
100
AcDbEntity
  8
C-PED
100
AcDbPolyline
 90
2
 70
0
 10
16.0
 20
89.11181098827419
 10
16.0
 20
10.5
  0
ARC
  5
3BE
330
3AA
100
AcDbEntity
  8
C-PED
100
AcDbCircle
 10
18.5
 20
10.5
 30
0.0
 40
2.5
100
AcDbArc
 50
180.0
 51
270.0
  0
LWPOLYLINE
  5
3BF
330
3AA
100
AcDbEntity
  8
C-CURB
100
AcDbPolyline
 90
2
 70
0
 10
89.11181098827419
 20
-3.5
 10
18.5
 20
-3.5
  0
LWPOLYLINE
  5
3C0
330
3AA
100
AcDbEntity
  8
C-CURB
100
AcDbPolyline
 90
2
 70
0
 10
11.5
 20
-89.11181098827419
 10
11.5
 20
-10.5
  0
ARC
  5
3C1
330
3AA
100
AcDbEntity
  8
C-CURB
100
AcDbCircle
 10
18.5
 20
-10.5
 30
0.0
 40
7.0
100
AcDbArc
 50
90.0
 51
180.0
  0
LWPOLYLINE
  5
3C2
330
3AA
100
AcDbEntity
  8
C-PED
100
AcDbPolyline
 90
2
 70
0
 10
89.11181098827419
 20
-6.0
 10
18.5
 20
-6.0
  0
LWPOLYLINE
  5
3C3
330
3AA
100
AcDbEntity
  8
C-PED
100
AcDbPolyline
 90
2
 70
0
 10
14.0
 20
-89.11181098827419
 10
14.0
 20
-10.5
  0
ARC
  5
3C4
330
3AA
100
AcDbEntity
  8
C-PED
100
AcDbCircle
 10
18.5
 20
-10.5
 30
0.0
 40
4.5
100
AcDbArc
 50
90.0
 51
180.0
  0
LWPOLYLINE
  5
3C5
330
3AA
100
AcDbEntity
  8
C-PED
100
AcDbPolyline
 90
2
 70
0
 10
89.11181098827419
 20
-8.0
 10
18.5
 20
-8.0
  0
LWPOLYLINE
  5
3C6
330
3AA
100
AcDbEntity
  8
C-PED
100
AcDbPolyline
 90
2
 70
0
 10
16.0
 20
-89.11181098827419
 10
16.0
 20
-10.5
  0
ARC
  5
3C7
330
3AA
100
AcDbEntity
  8
C-PED
100
AcDbCircle
 10
18.5
 20
-10.5
 30
0.0
 40
2.5
100
AcDbArc
 50
90.0
 51
180.0
  0
LWPOLYLINE
  5
3C8
330
3AA
100
AcDbEntity
  8
C-CURB
100
AcDbPolyline
 90
2
 70
0
 10
-89.11181098827419
 20
-3.5
 10
-18.5
 20
-3.5
  0
LWPOLYLINE
  5
3C9
330
3AA
100
AcDbEntity
  8
C-CURB
100
AcDbPolyline
 90
2
 70
0
 10
-11.5
 20
-89.11181098827419
 10
-11.5
 20
-10.5
  0
ARC
  5
3CA
330
3AA
100
AcDbEntity
  8
C-CURB
100
AcDbCircle
 10
-18.5
 20
-10.5
 30
0.0
 40
7.0
100
AcDbArc
 50
0.0
 51
90.0
  0
LWPOLYLINE
  5
3CB
330
3AA
100
AcDbEntity
  8
C-PED
100
AcDbPolyline
 90
2
 70
0
 10
-89.11181098827419
 20
-6.0
 10
-18.5
 20
-6.0
  0
LWPOLYLINE
  5
3CC
330
3AA
100
AcDbEntity
  8
C-PED
100
AcDbPolyline
 90
2
 70
0
 10
-14.0
 20
-89.11181098827419
 10
-14.0
 20
-10.5
  0
ARC
  5
3CD
330
3AA
100
AcDbEntity
  8
C-PED
100
AcDbCircle
 10
-18.5
 20
-10.5
 30
0.0
 40
4.5
100
AcDbArc
 50
0.0
 51
90.0
  0
LWPOLYLINE
  5
3CE
330
3AA
100
AcDbEntity
  8
C-PED
100
AcDbPolyline
 90
2
 70
0
 10
-89.11181098827419
 20
-8.0
 10
-18.5
 20
-8.0
  0
LWPOLYLINE
  5
3CF
330
3AA
100
AcDbEntity
  8
C-PED
100
AcDbPolyline
 90
2
 70
0
 10
-16.0
 20
-89.11181098827419
 10
-16.0
 20
-10.5
  0
ARC
  5
3D0
330
3AA
100
AcDbEntity
  8
C-PED
100
AcDbCircle
 10
-18.5
 20
-10.5
 30
0.0
 40
2.5
100
AcDbArc
 50
0.0
 51
90.0
  0
LWPOLYLINE
  5
3D1
330
3AA
100
AcDbEntity
  8
C-MARK-YELW
100
AcDbPolyline
 90
2
 70
0
 10
-89.11181098827419
 20
0.0
 10
-17.6
 20
0.0
  0
LWPOLYLINE
  5
3D2
330
3AA
100
AcDbEntity
  8
C-MARK-YELW
100
AcDbPolyline
 90
2
 70
0
 10
17.6
 20
0.0
 10
89.11181098827419
 20
0.0
  0
LWPOLYLINE
  5
3D3
330
3AA
100
AcDbEntity
  8
C-MARK-LANE
100
AcDbPolyline
 90
2
 70
0
 10
4.5
 20
-89.11181098827419
 10
4.5
 20
-9.6
  0
LWPOLYLINE
  5
3D4
330
3AA
100
AcDbEntity
  8
C-MARK-LANE
100
AcDbPolyline
 90
2
 70
0
 10
4.5
 20
9.6
 10
4.5
 20
89.11181098827419
  0
LWPOLYLINE
  5
3D5
330
3AA
100
AcDbEntity
  8
C-MARK-LANE
100
AcDbPolyline
 90
2
 70
0
 10
-4.5
 20
-89.11181098827419
 10
-4.5
 20
-9.6
  0
LWPOLYLINE
  5
3D6
330
3AA
100
AcDbEntity
  8
C-MARK-LANE
100
AcDbPolyline
 90
2
 70
0
 10
-4.5
 20
9.6
 10
-4.5
 20
89.11181098827419
  0
LWPOLYLINE
  5
3D7
330
3AA
100
AcDbEntity
  8
C-MARK-LANE
100
AcDbPolyline
 90
2
 70
0
 10
8.0
 20
-89.11181098827419
 10
8.0
 20
-9.6
  0
LWPOLYLINE
  5
3D8
330
3AA
100
AcDbEntity
  8
C-MARK-LANE
100
AcDbPolyline
 90
2
 70
0
 10
8.0
 20
9.6
 10
8.0
 20
89.11181098827419
  0
LWPOLYLINE
  5
3D9
330
3AA
100
AcDbEntity
  8
C-MARK-LANE
100
AcDbPolyline
 90
2
 70
0
 10
-8.0
 20
-89.11181098827419
 10
-8.0
 20
-9.6
  0
LWPOLYLINE
  5
3DA
330
3AA
100
AcDbEntity
  8
C-MARK-LANE
100
AcDbPolyline
 90
2
 70
0
 10
-8.0
 20
9.6
 10
-8.0
 20
89.11181098827419
  0
LWPOLYLINE
  5
3DB
330
3AA
100
AcDbEntity
  8
C-MARK-EXT
100
AcDbPolyline
 90
2
 70
0
 10
4.5
 20
-5.0
 10
4.5
 20
5.0
  0
LWPOLYLINE
  5
3DC
330
3AA
100
AcDbEntity
  8
C-MARK-EXT
100
AcDbPolyline
 90
2
 70
0
 10
-4.5
 20
-5.0
 10
-4.5
 20
5.0
  0
LWPOLYLINE
  5
3DD
330
3AA
100
AcDbEntity
  8
C-MARK-EXT
100
AcDbPolyline
 90
2
 70
0
 10
8.0
 20
-5.0
 10
8.0
 20
5.0
  0
LWPOLYLINE
  5
3DE
330
3AA
100
AcDbEntity
  8
C-MARK-EXT
100
AcDbPolyline
 90
2
 70
0
 10
-8.0
 20
-5.0
 10
-8.0
 20
5.0
  0
LWPOLYLINE
  5
3DF
330
3AA
100
AcDbEntity
  8
C-MARK-STOP
100
AcDbPolyline
 90
4
 70
1
 10
-17.6
 20
-3.5
 10
-17.0
 20
-3.5
 10
-17.0
 20
-0.0
 10
-17.6
 20
-0.0
  0
HATCH
  5
3E0
330
3AA
100
AcDbEntity
  8
C-MARK-STOP
 62
7
100
AcDbHatch
 10
0.0
 20
0.0
 30
0.0
210
0.0
220
0.0
230
1.0
  2
SOLID
 70
1
 71
0
 91
1
 92
3
 72
0
 73
1
 93
4
 10
-17.6
 20
-3.5
 10
-17.0
 20
-3.5
 10
-17.0
 20
-0.0
 10
-17.6
 20
-0.0
 97
0
 75
0
 76
1
 98
0
  0
LWPOLYLINE
  5
3E1
330
3AA
100
AcDbEntity
  8
C-MARK-STOP
100
AcDbPolyline
 90
4
 70
1
 10
17.0
 20
0.0
 10
17.6
 20
0.0
 10
17.6
 20
3.5
 10
17.0
 20
3.5
  0
HATCH
  5
3E2
330
3AA
100
AcDbEntity
  8
C-MARK-STOP
 62
7
100
AcDbHatch
 10
0.0
 20
0.0
 30
0.0
210
0.0
220
0.0
230
1.0
  2
SOLID
 70
1
 71
0
 91
1
 92
3
 72
0
 73
1
 93
4
 10
17.0
 20
0.0
 10
17.6
 20
0.0
 10
17.6
 20
3.5
 10
17.0
 20
3.5
 97
0
 75
0
 76
1
 98
0
  0
LWPOLYLINE
  5
3E3
330
3AA
100
AcDbEntity
  8
C-MARK-STOP
100
AcDbPolyline
 90
4
 70
1
 10
1.0
 20
-9.6
 10
11.5
 20
-9.6
 10
11.5
 20
-9.0
 10
1.0
 20
-9.0
  0
HATCH
  5
3E4
330
3AA
100
AcDbEntity
  8
C-MARK-STOP
 62
7
100
AcDbHatch
 10
0.0
 20
0.0
 30
0.0
210
0.0
220
0.0
230
1.0
  2
SOLID
 70
1
 71
0
 91
1
 92
3
 72
0
 73
1
 93
4
 10
1.0
 20
-9.6
 10
11.5
 20
-9.6
 10
11.5
 20
-9.0
 10
1.0
 20
-9.0
 97
0
 75
0
 76
1
 98
0
  0
LWPOLYLINE
  5
3E5
330
3AA
100
AcDbEntity
  8
C-MARK-STOP
100
AcDbPolyline
 90
4
 70
1
 10
-11.5
 20
9.0
 10
-1.0
 20
9.0
 10
-1.0
 20
9.6
 10
-11.5
 20
9.6
  0
HATCH
  5
3E6
330
3AA
100
AcDbEntity
  8
C-MARK-STOP
 62
7
100
AcDbHatch
 10
0.0
 20
0.0
 30
0.0
210
0.0
220
0.0
230
1.0
  2
SOLID
 70
1
 71
0
 91
1
 92
3
 72
0
 73
1
 93
4
 10
-11.5
 20
9.0
 10
-1.0
 20
9.0
 10
-1.0
 20
9.6
 10
-11.5
 20
9.6
 97
0
 75
0
 76
1
 98
0
  0
LWPOLYLINE
  5
3E7
330
3AA
100
AcDbEntity
  8
C-MARK
100
AcDbPolyline
 90
2
 70
0
 10
-16.0
 20
-3.5
 10
-13.0
 20
-3.5
  0
LWPOLYLINE
  5
3E8
330
3AA
100
AcDbEntity
  8
C-MARK
100
AcDbPolyline
 90
2
 70
0
 10
-16.0
 20
3.5
 10
-13.0
 20
3.5
  0
LWPOLYLINE
  5
3E9
330
3AA
100
AcDbEntity
  8
C-MARK
100
AcDbPolyline
 90
4
 70
1
 10
-16.0
 20
-3.0
 10
-13.0
 20
-3.0
 10
-13.0
 20
-2.5
 10
-16.0
 20
-2.5
  0
LWPOLYLINE
  5
3EA
330
3AA
100
AcDbEntity
  8
C-MARK
100
AcDbPolyline
 90
4
 70
1
 10
-16.0
 20
-2.0
 10
-13.0
 20
-2.0
 10
-13.0
 20
-1.5
 10
-16.0
 20
-1.5
  0
LWPOLYLINE
  5
3EB
330
3AA
100
AcDbEntity
  8
C-MARK
100
AcDbPolyline
 90
4
 70
1
 10
-16.0
 20
-1.0
 10
-13.0
 20
-1.0
 10
-13.0
 20
-0.5
 10
-16.0
 20
-0.5
  0
LWPOLYLINE
  5
3EC
330
3AA
100
AcDbEntity
  8
C-MARK
100
AcDbPolyline
 90
4
 70
1
 10
-16.0
 20
0.0
 10
-13.0
 20
0.0
 10
-13.0
 20
0.5
 10
-16.0
 20
0.5
  0
LWPOLYLINE
  5
3ED
330
3AA
100
AcDbEntity
  8
C-MARK
100
AcDbPolyline
 90
4
 70
1
 10
-16.0
 20
1.0
 10
-13.0
 20
1.0
 10
-13.0
 20
1.5
 10
-16.0
 20
1.5
  0
LWPOLYLINE
  5
3EE
330
3AA
100
AcDbEntity
  8
C-MARK
100
AcDbPolyline
 90
4
 70
1
 10
-16.0
 20
2.0
 10
-13.0
 20
2.0
 10
-13.0
 20
2.5
 10
-16.0
 20
2.5
  0
LWPOLYLINE
  5
3EF
330
3AA
100
AcDbEntity
  8
C-MARK
100
AcDbPolyline
 90
2
 70
0
 10
13.0
 20
-3.5
 10
16.0
 20
-3.5
  0
LWPOLYLINE
  5
3F0
330
3AA
100
AcDbEntity
  8
C-MARK
100
AcDbPolyline
 90
2
 70
0
 10
13.0
 20
3.5
 10
16.0
 20
3.5
  0
LWPOLYLINE
  5
3F1
330
3AA
100
AcDbEntity
  8
C-MARK
100
AcDbPolyline
 90
4
 70
1
 10
13.0
 20
-3.0
 10
16.0
 20
-3.0
 10
16.0
 20
-2.5
 10
13.0
 20
-2.5
  0
LWPOLYLINE
  5
3F2
330
3AA
100
AcDbEntity
  8
C-MARK
100
AcDbPolyline
 90
4
 70
1
 10
13.0
 20
-2.0
 10
16.0
 20
-2.0
 10
16.0
 20
-1.5
 10
13.0
 20
-1.5
  0
LWPOLYLINE
  5
3F3
330
3AA
100
AcDbEntity
  8
C-MARK
100
AcDbPolyline
 90
4
 70
1
 10
13.0
 20
-1.0
 10
16.0
 20
-1.0
 10
16.0
 20
-0.5
 10
13.0
 20
-0.5
  0
LWPOLYLINE
  5
3F4
330
3AA
100
AcDbEntity
  8
C-MARK
100
AcDbPolyline
 90
4
 70
1
 10
13.0
 20
0.0
 10
16.0
 20
0.0
 10
16.0
 20
0.5
 10
13.0
 20
0.5
  0
LWPOLYLINE
  5
3F5
330
3AA
100
AcDbEntity
  8
C-MARK
100
AcDbPolyline
 90
4
 70
1
 10
13.0
 20
1.0
 10
16.0
 20
1.0
 10
16.0
 20
1.5
 10
13.0
 20
1.5
  0
LWPOLYLINE
  5
3F6
330
3AA
100
AcDbEntity
  8
C-MARK
100
AcDbPolyline
 90
4
 70
1
 10
13.0
 20
2.0
 10
16.0
 20
2.0
 10
16.0
 20
2.5
 10
13.0
 20
2.5
  0
LWPOLYLINE
  5
3F7
330
3AA
100
AcDbEntity
  8
C-MARK
100
AcDbPolyline
 90
2
 70
0
 10
-11.5
 20
-8.0
 10
11.5
 20
-8.0
  0
LWPOLYLINE
  5
3F8
330
3AA
100
AcDbEntity
  8
C-MARK
100
AcDbPolyline
 90
2
 70
0
 10
-11.5
 20
-5.0
 10
11.5
 20
-5.0
  0
LWPOLYLINE
  5
3F9
330
3AA
100
AcDbEntity
  8
C-MARK
100
AcDbPolyline
 90
4
 70
1
 10
-11.0
 20
-8.0
 10
-10.5
 20
-8.0
 10
-10.5
 20
-5.0
 10
-11.0
 20
-5.0
  0
LWPOLYLINE
  5
3FA
330
3AA
100
AcDbEntity
  8
C-MARK
100
AcDbPolyline
 90
4
 70
1
 10
-10.0
 20
-8.0
 10
-9.5
 20
-8.0
 10
-9.5
 20
-5.0
 10
-10.0
 20
-5.0
  0
LWPOLYLINE
  5
3FB
330
3AA
100
AcDbEntity
  8
C-MARK
100
AcDbPolyline
 90
4
 70
1
 10
-9.0
 20
-8.0
 10
-8.5
 20
-8.0
 10
-8.5
 20
-5.0
 10
-9.0
 20
-5.0
  0
LWPOLYLINE
  5
3FC
330
3AA
100
AcDbEntity
  8
C-MARK
100
AcDbPolyline
 90
4
 70
1
 10
-8.0
 20
-8.0
 10
-7.5
 20
-8.0
 10
-7.5
 20
-5.0
 10
-8.0
 20
-5.0
  0
LWPOLYLINE
  5
3FD
330
3AA
100
AcDbEntity
  8
C-MARK
100
AcDbPolyline
 90
4
 70
1
 10
-7.0
 20
-8.0
 10
-6.5
 20
-8.0
 10
-6.5
 20
-5.0
 10
-7.0
 20
-5.0
  0
LWPOLYLINE
  5
3FE
330
3AA
100
AcDbEntity
  8
C-MARK
100
AcDbPolyline
 90
4
 70
1
 10
-6.0
 20
-8.0
 10
-5.5
 20
-8.0
 10
-5.5
 20
-5.0
 10
-6.0
 20
-5.0
  0
LWPOLYLINE
  5
3FF
330
3AA
100
AcDbEntity
  8
C-MARK
100
AcDbPolyline
 90
4
 70
1
 10
-5.0
 20
-8.0
 10
-4.5
 20
-8.0
 10
-4.5
 20
-5.0
 10
-5.0
 20
-5.0
  0
LWPOLYLINE
  5
400
330
3AA
100
AcDbEntity
  8
C-MARK
100
AcDbPolyline
 90
4
 70
1
 10
-4.0
 20
-8.0
 10
-3.5
 20
-8.0
 10
-3.5
 20
-5.0
 10
-4.0
 20
-5.0
  0
LWPOLYLINE
  5
401
330
3AA
100
AcDbEntity
  8
C-MARK
100
AcDbPolyline
 90
4
 70
1
 10
-3.0
 20
-8.0
 10
-2.5
 20
-8.0
 10
-2.5
 20
-5.0
 10
-3.0
 20
-5.0
  0
LWPOLYLINE
  5
402
330
3AA
100
AcDbEntity
  8
C-MARK
100
AcDbPolyline
 90
4
 70
1
 10
-2.0
 20
-8.0
 10
-1.5
 20
-8.0
 10
-1.5
 20
-5.0
 10
-2.0
 20
-5.0
  0
LWPOLYLINE
  5
403
330
3AA
100
AcDbEntity
  8
C-MARK
100
AcDbPolyline
 90
4
 70
1
 10
-1.0
 20
-8.0
 10
-0.5
 20
-8.0
 10
-0.5
 20
-5.0
 10
-1.0
 20
-5.0
  0
LWPOLYLINE
  5
404
330
3AA
100
AcDbEntity
  8
C-MARK
100
AcDbPolyline
 90
4
 70
1
 10
0.0
 20
-8.0
 10
0.5
 20
-8.0
 10
0.5
 20
-5.0
 10
0.0
 20
-5.0
  0
LWPOLYLINE
  5
405
330
3AA
100
AcDbEntity
  8
C-MARK
100
AcDbPolyline
 90
4
 70
1
 10
1.0
 20
-8.0
 10
1.5
 20
-8.0
 10
1.5
 20
-5.0
 10
1.0
 20
-5.0
  0
LWPOLYLINE
  5
406
330
3AA
100
AcDbEntity
  8
C-MARK
100
AcDbPolyline
 90
4
 70
1
 10
2.0
 20
-8.0
 10
2.5
 20
-8.0
 10
2.5
 20
-5.0
 10
2.0
 20
-5.0
  0
LWPOLYLINE
  5
407
330
3AA
100
AcDbEntity
  8
C-MARK
100
AcDbPolyline
 90
4
 70
1
 10
3.0
 20
-8.0
 10
3.5
 20
-8.0
 10
3.5
 20
-5.0
 10
3.0
 20
-5.0
  0
LWPOLYLINE
  5
408
330
3AA
100
AcDbEntity
  8
C-MARK
100
AcDbPolyline
 90
4
 70
1
 10
4.0
 20
-8.0
 10
4.5
 20
-8.0
 10
4.5
 20
-5.0
 10
4.0
 20
-5.0
  0
LWPOLYLINE
  5
409
330
3AA
100
AcDbEntity
  8
C-MARK
100
AcDbPolyline
 90
4
 70
1
 10
5.0
 20
-8.0
 10
5.5
 20
-8.0
 10
5.5
 20
-5.0
 10
5.0
 20
-5.0
  0
LWPOLYLINE
  5
40A
330
3AA
100
AcDbEntity
  8
C-MARK
100
AcDbPolyline
 90
4
 70
1
 10
6.0
 20
-8.0
 10
6.5
 20
-8.0
 10
6.5
 20
-5.0
 10
6.0
 20
-5.0
  0
LWPOLYLINE
  5
40B
330
3AA
100
AcDbEntity
  8
C-MARK
100
AcDbPolyline
 90
4
 70
1
 10
7.0
 20
-8.0
 10
7.5
 20
-8.0
 10
7.5
 20
-5.0
 10
7.0
 20
-5.0
  0
LWPOLYLINE
  5
40C
330
3AA
100
AcDbEntity
  8
C-MARK
100
AcDbPolyline
 90
4
 70
1
 10
8.0
 20
-8.0
 10
8.5
 20
-8.0
 10
8.5
 20
-5.0
 10
8.0
 20
-5.0
  0
LWPOLYLINE
  5
40D
330
3AA
100
AcDbEntity
  8
C-MARK
100
AcDbPolyline
 90
4
 70
1
 10
9.0
 20
-8.0
 10
9.5
 20
-8.0
 10
9.5
 20
-5.0
 10
9.0
 20
-5.0
  0
LWPOLYLINE
  5
40E
330
3AA
100
AcDbEntity
  8
C-MARK
100
AcDbPolyline
 90
4
 70
1
 10
10.0
 20
-8.0
 10
10.5
 20
-8.0
 10
10.5
 20
-5.0
 10
10.0
 20
-5.0
  0
LWPOLYLINE
  5
40F
330
3AA
100
AcDbEntity
  8
C-MARK
100
AcDbPolyline
 90
2
 70
0
 10
-11.5
 20
5.0
 10
11.5
 20
5.0
  0
LWPOLYLINE
  5
410
330
3AA
100
AcDbEntity
  8
C-MARK
100
AcDbPolyline
 90
2
 70
0
 10
-11.5
 20
8.0
 10
11.5
 20
8.0
  0
LWPOLYLINE
  5
411
330
3AA
100
AcDbEntity
  8
C-MARK
100
AcDbPolyline
 90
4
 70
1
 10
-11.0
 20
5.0
 10
-10.5
 20
5.0
 10
-10.5
 20
8.0
 10
-11.0
 20
8.0
  0
LWPOLYLINE
  5
412
330
3AA
100
AcDbEntity
  8
C-MARK
100
AcDbPolyline
 90
4
 70
1
 10
-10.0
 20
5.0
 10
-9.5
 20
5.0
 10
-9.5
 20
8.0
 10
-10.0
 20
8.0
  0
LWPOLYLINE
  5
413
330
3AA
100
AcDbEntity
  8
C-MARK
100
AcDbPolyline
 90
4
 70
1
 10
-9.0
 20
5.0
 10
-8.5
 20
5.0
 10
-8.5
 20
8.0
 10
-9.0
 20
8.0
  0
LWPOLYLINE
  5
414
330
3AA
100
AcDbEntity
  8
C-MARK
100
AcDbPolyline
 90
4
 70
1
 10
-8.0
 20
5.0
 10
-7.5
 20
5.0
 10
-7.5
 20
8.0
 10
-8.0
 20
8.0
  0
LWPOLYLINE
  5
415
330
3AA
100
AcDbEntity
  8
C-MARK
100
AcDbPolyline
 90
4
 70
1
 10
-7.0
 20
5.0
 10
-6.5
 20
5.0
 10
-6.5
 20
8.0
 10
-7.0
 20
8.0
  0
LWPOLYLINE
  5
416
330
3AA
100
AcDbEntity
  8
C-MARK
100
AcDbPolyline
 90
4
 70
1
 10
-6.0
 20
5.0
 10
-5.5
 20
5.0
 10
-5.5
 20
8.0
 10
-6.0
 20
8.0
  0
LWPOLYLINE
  5
417
330
3AA
100
AcDbEntity
  8
C-MARK
100
AcDbPolyline
 90
4
 70
1
 10
-5.0
 20
5.0
 10
-4.5
 20
5.0
 10
-4.5
 20
8.0
 10
-5.0
 20
8.0
  0
LWPOLYLINE
  5
418
330
3AA
100
AcDbEntity
  8
C-MARK
100
AcDbPolyline
 90
4
 70
1
 10
-4.0
 20
5.0
 10
-3.5
 20
5.0
 10
-3.5
 20
8.0
 10
-4.0
 20
8.0
  0
LWPOLYLINE
  5
419
330
3AA
100
AcDbEntity
  8
C-MARK
100
AcDbPolyline
 90
4
 70
1
 10
-3.0
 20
5.0
 10
-2.5
 20
5.0
 10
-2.5
 20
8.0
 10
-3.0
 20
8.0
  0
LWPOLYLINE
  5
41A
330
3AA
100
AcDbEntity
  8
C-MARK
100
AcDbPolyline
 90
4
 70
1
 10
-2.0
 20
5.0
 10
-1.5
 20
5.0
 10
-1.5
 20
8.0
 10
-2.0
 20
8.0
  0
LWPOLYLINE
  5
41B
330
3AA
100
AcDbEntity
  8
C-MARK
100
AcDbPolyline
 90
4
 70
1
 10
-1.0
 20
5.0
 10
-0.5
 20
5.0
 10
-0.5
 20
8.0
 10
-1.0
 20
8.0
  0
LWPOLYLINE
  5
41C
330
3AA
100
AcDbEntity
  8
C-MARK
100
AcDbPolyline
 90
4
 70
1
 10
0.0
 20
5.0
 10
0.5
 20
5.0
 10
0.5
 20
8.0
 10
0.0
 20
8.0
  0
LWPOLYLINE
  5
41D
330
3AA
100
AcDbEntity
  8
C-MARK
100
AcDbPolyline
 90
4
 70
1
 10
1.0
 20
5.0
 10
1.5
 20
5.0
 10
1.5
 20
8.0
 10
1.0
 20
8.0
  0
LWPOLYLINE
  5
41E
330
3AA
100
AcDbEntity
  8
C-MARK
100
AcDbPolyline
 90
4
 70
1
 10
2.0
 20
5.0
 10
2.5
 20
5.0
 10
2.5
 20
8.0
 10
2.0
 20
8.0
  0
LWPOLYLINE
  5
41F
330
3AA
100
AcDbEntity
  8
C-MARK
100
AcDbPolyline
 90
4
 70
1
 10
3.0
 20
5.0
 10
3.5
 20
5.0
 10
3.5
 20
8.0
 10
3.0
 20
8.0
  0
LWPOLYLINE
  5
420
330
3AA
100
AcDbEntity
  8
C-MARK
100
AcDbPolyline
 90
4
 70
1
 10
4.0
 20
5.0
 10
4.5
 20
5.0
 10
4.5
 20
8.0
 10
4.0
 20
8.0
  0
LWPOLYLINE
  5
421
330
3AA
100
AcDbEntity
  8
C-MARK
100
AcDbPolyline
 90
4
 70
1
 10
5.0
 20
5.0
 10
5.5
 20
5.0
 10
5.5
 20
8.0
 10
5.0
 20
8.0
  0
LWPOLYLINE
  5
422
330
3AA
100
AcDbEntity
  8
C-MARK
100
AcDbPolyline
 90
4
 70
1
 10
6.0
 20
5.0
 10
6.5
 20
5.0
 10
6.5
 20
8.0
 10
6.0
 20
8.0
  0
LWPOLYLINE
  5
423
330
3AA
100
AcDbEntity
  8
C-MARK
100
AcDbPolyline
 90
4
 70
1
 10
7.0
 20
5.0
 10
7.5
 20
5.0
 10
7.5
 20
8.0
 10
7.0
 20
8.0
  0
LWPOLYLINE
  5
424
330
3AA
100
AcDbEntity
  8
C-MARK
100
AcDbPolyline
 90
4
 70
1
 10
8.0
 20
5.0
 10
8.5
 20
5.0
 10
8.5
 20
8.0
 10
8.0
 20
8.0
  0
LWPOLYLINE
  5
425
330
3AA
100
AcDbEntity
  8
C-MARK
100
AcDbPolyline
 90
4
 70
1
 10
9.0
 20
5.0
 10
9.5
 20
5.0
 10
9.5
 20
8.0
 10
9.0
 20
8.0
  0
LWPOLYLINE
  5
426
330
3AA
100
AcDbEntity
  8
C-MARK
100
AcDbPolyline
 90
4
 70
1
 10
10.0
 20
5.0
 10
10.5
 20
5.0
 10
10.5
 20
8.0
 10
10.0
 20
8.0
  0
INSERT
  5
427
330
3AA
100
AcDbEntity
  8
C-MARK
100
AcDbBlockReference
  2
ARROW-LTR
 10
-26.0
 20
-1.75
 30
0.0
 50
270.0
  0
INSERT
  5
429
330
3AA
100
AcDbEntity
  8
C-MARK
100
AcDbBlockReference
  2
ARROW-LTR
 10
26.0
 20
1.75
 30
0.0
 50
90.0
  0
INSERT
  5
42B
330
3AA
100
AcDbEntity
  8
C-MARK
100
AcDbBlockReference
  2
ARROW-L
 10
2.75
 20
-18.0
 30
0.0
  0
INSERT
  5
42D
330
3AA
100
AcDbEntity
  8
C-MARK
100
AcDbBlockReference
  2
ARROW-T
 10
6.25
 20
-18.0
 30
0.0
  0
INSERT
  5
42F
330
3AA
100
AcDbEntity
  8
C-MARK
100
AcDbBlockReference
  2
ARROW-TR
 10
9.75
 20
-18.0
 30
0.0
  0
INSERT
  5
431
330
3AA
100
AcDbEntity
  8
C-MARK
100
AcDbBlockReference
  2
ARROW-L
 10
-2.75
 20
18.0
 30
0.0
 50
180.0
  0
INSERT
  5
433
330
3AA
100
AcDbEntity
  8
C-MARK
100
AcDbBlockReference
  2
ARROW-T
 10
-6.25
 20
18.0
 30
0.0
 50
180.0
  0
INSERT
  5
435
330
3AA
100
AcDbEntity
  8
C-MARK
100
AcDbBlockReference
  2
ARROW-TR
 10
-9.75
 20
18.0
 30
0.0
 50
180.0
  0
INSERT
  5
437
330
3AA
100
AcDbEntity
  8
C-MARK
100
AcDbBlockReference
  2
ARROW-LTR
 10
-42.0
 20
-1.75
 30
0.0
 50
270.0
  0
INSERT
  5
439
330
3AA
100
AcDbEntity
  8
C-MARK
100
AcDbBlockReference
  2
ARROW-LTR
 10
42.0
 20
1.75
 30
0.0
 50
90.0
  0
INSERT
  5
43B
330
3AA
100
AcDbEntity
  8
C-MARK
100
AcDbBlockReference
  2
ARROW-L
 10
2.75
 20
-34.0
 30
0.0
  0
INSERT
  5
43D
330
3AA
100
AcDbEntity
  8
C-MARK
100
AcDbBlockReference
  2
ARROW-T
 10
6.25
 20
-34.0
 30
0.0
  0
INSERT
  5
43F
330
3AA
100
AcDbEntity
  8
C-MARK
100
AcDbBlockReference
  2
ARROW-TR
 10
9.75
 20
-34.0
 30
0.0
  0
INSERT
  5
441
330
3AA
100
AcDbEntity
  8
C-MARK
100
AcDbBlockReference
  2
ARROW-L
 10
-2.75
 20
34.0
 30
0.0
 50
180.0
  0
INSERT
  5
443
330
3AA
100
AcDbEntity
  8
C-MARK
100
AcDbBlockReference
  2
ARROW-T
 10
-6.25
 20
34.0
 30
0.0
 50
180.0
  0
INSERT
  5
445
330
3AA
100
AcDbEntity
  8
C-MARK
100
AcDbBlockReference
  2
ARROW-TR
 10
-9.75
 20
34.0
 30
0.0
 50
180.0
  0
INSERT
  5
447
330
3AA
100
AcDbEntity
  8
C-SGNL
100
AcDbBlockReference
  2
SIG-MASTARM
 10
-16.5
 20
10.5
 30
0.0
  0
INSERT
  5
449
330
3AA
100
AcDbEntity
  8
C-SGNL
100
AcDbBlockReference
  2
SIG-MASTARM
 10
16.5
 20
10.5
 30
0.0
 50
270.0
  0
INSERT
  5
44B
330
3AA
100
AcDbEntity
  8
C-SGNL
100
AcDbBlockReference
  2
SIG-MASTARM
 10
16.5
 20
-10.5
 30
0.0
 50
180.0
  0
INSERT
  5
44D
330
3AA
100
AcDbEntity
  8
C-SGNL
100
AcDbBlockReference
  2
SIG-MASTARM
 10
-16.5
 20
-10.5
 30
0.0
 50
90.0
  0
INSERT
  5
44F
330
3AA
100
AcDbEntity
  8
C-SGNL
100
AcDbBlockReference
  2
SIG-3SEC
 10
2.75
 20
10.0
 30
0.0
 50
180.0
  0
INSERT
  5
451
330
3AA
100
AcDbEntity
  8
C-SGNL
100
AcDbBlockReference
  2
SIG-3SEC
 10
6.25
 20
10.0
 30
0.0
 50
180.0
  0
INSERT
  5
453
330
3AA
100
AcDbEntity
  8
C-SGNL
100
AcDbBlockReference
  2
SIG-3SEC
 10
9.75
 20
10.0
 30
0.0
 50
180.0
  0
INSERT
  5
455
330
3AA
100
AcDbEntity
  8
C-SGNL
100
AcDbBlockReference
  2
SIG-3SEC
 10
-2.75
 20
-10.0
 30
0.0
  0
INSERT
  5
457
330
3AA
100
AcDbEntity
  8
C-SGNL
100
AcDbBlockReference
  2
SIG-3SEC
 10
-6.25
 20
-10.0
 30
0.0
  0
INSERT
  5
459
330
3AA
100
AcDbEntity
  8
C-SGNL
100
AcDbBlockReference
  2
SIG-3SEC
 10
-9.75
 20
-10.0
 30
0.0
  0
INSERT
  5
45B
330
3AA
100
AcDbEntity
  8
C-SGNL
100
AcDbBlockReference
  2
SIG-3SEC
 10
21.5
 20
-1.75
 30
0.0
 50
90.0
  0
INSERT
  5
45D
330
3AA
100
AcDbEntity
  8
C-SGNL
100
AcDbBlockReference
  2
SIG-3SEC
 10
-21.5
 20
1.75
 30
0.0
 50
270.0
  0
INSERT
  5
45F
330
3AA
100
AcDbEntity
  8
C-SGNL
100
AcDbBlockReference
  2
SIG-PED
 10
-13.5
 20
11.0
 30
0.0
  0
INSERT
  5
461
330
3AA
100
AcDbEntity
  8
C-SGNL
100
AcDbBlockReference
  2
SIG-PED
 10
-19.0
 20
5.5
 30
0.0
 50
270.0
  0
INSERT
  5
463
330
3AA
100
AcDbEntity
  8
C-SGNL
100
AcDbBlockReference
  2
SIG-PB
 10
-13.5
 20
8.0
 30
0.0
  0
INSERT
  5
465
330
3AA
100
AcDbEntity
  8
C-SGNL
100
AcDbBlockReference
  2
SIG-PB
 10
-16.0
 20
5.5
 30
0.0
  0
INSERT
  5
467
330
3AA
100
AcDbEntity
  8
C-PED
100
AcDbBlockReference
  2
CURB-RAMP-TWSI
 10
-15.325
 20
2.79
 30
0.0
  0
INSERT
  5
469
330
3AA
100
AcDbEntity
  8
C-PED
100
AcDbBlockReference
  2
CURB-RAMP-TWSI
 10
-10.79
 20
7.325
 30
0.0
 50
270.0
  0
INSERT
  5
46B
330
3AA
100
AcDbEntity
  8
C-SGNL-UG
100
AcDbBlockReference
  2
SIG-JB
 10
-18.0
 20
9.0
 30
0.0
  0
INSERT
  5
46D
330
3AA
100
AcDbEntity
  8
C-SGNL
100
AcDbBlockReference
  2
SIG-PED
 10
13.5
 20
11.0
 30
0.0
  0
INSERT
  5
46F
330
3AA
100
AcDbEntity
  8
C-SGNL
100
AcDbBlockReference
  2
SIG-PED
 10
19.0
 20
5.5
 30
0.0
 50
90.0
  0
INSERT
  5
471
330
3AA
100
AcDbEntity
  8
C-SGNL
100
AcDbBlockReference
  2
SIG-PB
 10
13.5
 20
8.0
 30
0.0
  0
INSERT
  5
473
330
3AA
100
AcDbEntity
  8
C-SGNL
100
AcDbBlockReference
  2
SIG-PB
 10
16.0
 20
5.5
 30
0.0
  0
INSERT
  5
475
330
3AA
100
AcDbEntity
  8
C-PED
100
AcDbBlockReference
  2
CURB-RAMP-TWSI
 10
13.675
 20
2.79
 30
0.0
  0
INSERT
  5
477
330
3AA
100
AcDbEntity
  8
C-PED
100
AcDbBlockReference
  2
CURB-RAMP-TWSI
 10
10.79
 20
7.325
 30
0.0
 50
270.0
  0
INSERT
  5
479
330
3AA
100
AcDbEntity
  8
C-SGNL-UG
100
AcDbBlockReference
  2
SIG-JB
 10
18.0
 20
9.0
 30
0.0
  0
INSERT
  5
47B
330
3AA
100
AcDbEntity
  8
C-SGNL
100
AcDbBlockReference
  2
SIG-PED
 10
13.5
 20
-11.0
 30
0.0
 50
180.0
  0
INSERT
  5
47D
330
3AA
100
AcDbEntity
  8
C-SGNL
100
AcDbBlockReference
  2
SIG-PED
 10
19.0
 20
-5.5
 30
0.0
 50
90.0
  0
INSERT
  5
47F
330
3AA
100
AcDbEntity
  8
C-SGNL
100
AcDbBlockReference
  2
SIG-PB
 10
13.5
 20
-8.0
 30
0.0
  0
INSERT
  5
481
330
3AA
100
AcDbEntity
  8
C-SGNL
100
AcDbBlockReference
  2
SIG-PB
 10
16.0
 20
-5.5
 30
0.0
  0
INSERT
  5
483
330
3AA
100
AcDbEntity
  8
C-PED
100
AcDbBlockReference
  2
CURB-RAMP-TWSI
 10
13.675
 20
-2.79
 30
0.0
  0
INSERT
  5
485
330
3AA
100
AcDbEntity
  8
C-PED
100
AcDbBlockReference
  2
CURB-RAMP-TWSI
 10
10.79
 20
-5.675
 30
0.0
 50
270.0
  0
INSERT
  5
487
330
3AA
100
AcDbEntity
  8
C-SGNL-UG
100
AcDbBlockReference
  2
SIG-JB
 10
18.0
 20
-9.0
 30
0.0
  0
INSERT
  5
489
330
3AA
100
AcDbEntity
  8
C-SGNL
100
AcDbBlockReference
  2
SIG-PED
 10
-13.5
 20
-11.0
 30
0.0
 50
180.0
  0
INSERT
  5
48B
330
3AA
100
AcDbEntity
  8
C-SGNL
100
AcDbBlockReference
  2
SIG-PED
 10
-19.0
 20
-5.5
 30
0.0
 50
270.0
  0
INSERT
  5
48D
330
3AA
100
AcDbEntity
  8
C-SGNL
100
AcDbBlockReference
  2
SIG-PB
 10
-13.5
 20
-8.0
 30
0.0
  0
INSERT
  5
48F
330
3AA
100
AcDbEntity
  8
C-SGNL
100
AcDbBlockReference
  2
SIG-PB
 10
-16.0
 20
-5.5
 30
0.0
  0
INSERT
  5
491
330
3AA
100
AcDbEntity
  8
C-PED
100
AcDbBlockReference
  2
CURB-RAMP-TWSI
 10
-15.325
 20
-2.79
 30
0.0
  0
INSERT
  5
493
330
3AA
100
AcDbEntity
  8
C-PED
100
AcDbBlockReference
  2
CURB-RAMP-TWSI
 10
-10.79
 20
-5.675
 30
0.0
 50
270.0
  0
INSERT
  5
495
330
3AA
100
AcDbEntity
  8
C-SGNL-UG
100
AcDbBlockReference
  2
SIG-JB
 10
-18.0
 20
-9.0
 30
0.0
  0
LWPOLYLINE
  5
497
330
3AA
100
AcDbEntity
  8
C-SGNL-UG
100
AcDbPolyline
 90
5
 70
0
 10
-18.0
 20
9.0
 10
18.0
 20
9.0
 10
18.0
 20
-9.0
 10
-18.0
 20
-9.0
 10
-18.0
 20
9.0
  0
INSERT
  5
498
330
3AA
100
AcDbEntity
  8
C-SGNL
100
AcDbBlockReference
  2
SIG-CABINET
 10
-21.0
 20
13.0
 30
0.0
  0
LWPOLYLINE
  5
49A
330
3AA
100
AcDbEntity
  8
C-SGNL-UG
100
AcDbPolyline
 90
2
 70
0
 10
-21.0
 20
13.0
 10
-18.0
 20
9.0
  0
INSERT
  5
49B
330
3AA
100
AcDbEntity
  8
C-SGNL-DET
100
AcDbBlockReference
  2
DET-LOOP
 10
-21.0
 20
-1.75
 30
0.0
  0
INSERT
  5
49D
330
3AA
100
AcDbEntity
  8
C-SGNL-DET
100
AcDbBlockReference
  2
DET-LOOP
 10
21.0
 20
1.75
 30
0.0
  0
INSERT
  5
49F
330
3AA
100
AcDbEntity
  8
C-SGNL-DET
100
AcDbBlockReference
  2
DET-LOOP
 10
2.75
 20
-13.0
 30
0.0
  0
INSERT
  5
4A1
330
3AA
100
AcDbEntity
  8
C-SGNL-DET
100
AcDbBlockReference
  2
DET-LOOP
 10
6.25
 20
-13.0
 30
0.0
  0
INSERT
  5
4A3
330
3AA
100
AcDbEntity
  8
C-SGNL-DET
100
AcDbBlockReference
  2
DET-LOOP
 10
9.75
 20
-13.0
 30
0.0
  0
INSERT
  5
4A5
330
3AA
100
AcDbEntity
  8
C-SGNL-DET
100
AcDbBlockReference
  2
DET-LOOP
 10
-2.75
 20
13.0
 30
0.0
  0
INSERT
  5
4A7
330
3AA
100
AcDbEntity
  8
C-SGNL-DET
100
AcDbBlockReference
  2
DET-LOOP
 10
-6.25
 20
13.0
 30
0.0
  0
INSERT
  5
4A9
330
3AA
100
AcDbEntity
  8
C-SGNL-DET
100
AcDbBlockReference
  2
DET-LOOP
 10
-9.75
 20
13.0
 30
0.0
  0
INSERT
  5
4AB
330
3AA
100
AcDbEntity
  8
C-SIGN
100
AcDbBlockReference
 66
1
  2
SIGN-POST
 10
-22.0
 20
13.0
 30
0.0
  0
ATTRIB
  5
4AD
330
3AA
100
AcDbEntity
  8
0
100
AcDbText
 10
-22.0
 20
14.3
 30
0.0
 40
0.9
  1
Rb-11
  7
ANNO
 72
1
 11
-22.0
 21
14.3
 31
0.0
100
AcDbAttribute
  2
CODE
 70
0
 74
2
  0
SEQEND
  5
4AC
330
4AB
100
AcDbEntity
  8
C-SIGN
  0
INSERT
  5
4AE
330
3AA
100
AcDbEntity
  8
C-SIGN
100
AcDbBlockReference
 66
1
  2
SIGN-POST
 10
22.0
 20
13.0
 30
0.0
  0
ATTRIB
  5
4B0
330
3AA
100
AcDbEntity
  8
0
100
AcDbText
 10
22.0
 20
14.3
 30
0.0
 40
0.9
  1
Rb-11
  7
ANNO
 72
1
 11
22.0
 21
14.3
 31
0.0
100
AcDbAttribute
  2
CODE
 70
0
 74
2
  0
SEQEND
  5
4AF
330
4AE
100
AcDbEntity
  8
C-SIGN
  0
INSERT
  5
4B1
330
3AA
100
AcDbEntity
  8
C-SIGN
100
AcDbBlockReference
 66
1
  2
SIGN-POST
 10
22.0
 20
-13.0
 30
0.0
  0
ATTRIB
  5
4B3
330
3AA
100
AcDbEntity
  8
0
100
AcDbText
 10
22.0
 20
-11.7
 30
0.0
 40
0.9
  1
Rb-11
  7
ANNO
 72
1
 11
22.0
 21
-11.7
 31
0.0
100
AcDbAttribute
  2
CODE
 70
0
 74
2
  0
SEQEND
  5
4B2
330
4B1
100
AcDbEntity
  8
C-SIGN
  0
INSERT
  5
4B4
330
3AA
100
AcDbEntity
  8
C-SIGN
100
AcDbBlockReference
 66
1
  2
SIGN-POST
 10
-22.0
 20
-13.0
 30
0.0
  0
ATTRIB
  5
4B6
330
3AA
100
AcDbEntity
  8
0
100
AcDbText
 10
-22.0
 20
-11.7
 30
0.0
 40
0.9
  1
Rb-11
  7
ANNO
 72
1
 11
-22.0
 21
-11.7
 31
0.0
100
AcDbAttribute
  2
CODE
 70
0
 74
2
  0
SEQEND
  5
4B5
330
4B4
100
AcDbEntity
  8
C-SIGN
  0
ENDBLK
  5
3AC
330
3AA
100
AcDbEntity
  8
0
100
AcDbBlockEnd
  0
BLOCK
  5
4BA
330
4B9
100
AcDbEntity
  8
0
100
AcDbBlockBegin
  2
INT-856
 70
0
 10
0.0
 20
0.0
 30
0.0
  3
INT-856
  1

  0
LWPOLYLINE
  5
4BC
330
4B9
100
AcDbEntity
  8
C-CURB
100
AcDbPolyline
 90
2
 70
0
 10
-174.79737614877178
 20
3.5
 10
-18.5
 20
3.5
  0
LWPOLYLINE
  5
4BD
330
4B9
100
AcDbEntity
  8
C-CURB
100
AcDbPolyline
 90
2
 70
0
 10
-11.5
 20
174.79737614877178
 10
-11.5
 20
10.5
  0
ARC
  5
4BE
330
4B9
100
AcDbEntity
  8
C-CURB
100
AcDbCircle
 10
-18.5
 20
10.5
 30
0.0
 40
7.0
100
AcDbArc
 50
270.0
 51
360.0
  0
LWPOLYLINE
  5
4BF
330
4B9
100
AcDbEntity
  8
C-PED
100
AcDbPolyline
 90
2
 70
0
 10
-174.79737614877178
 20
6.0
 10
-18.5
 20
6.0
  0
LWPOLYLINE
  5
4C0
330
4B9
100
AcDbEntity
  8
C-PED
100
AcDbPolyline
 90
2
 70
0
 10
-14.0
 20
174.79737614877178
 10
-14.0
 20
10.5
  0
ARC
  5
4C1
330
4B9
100
AcDbEntity
  8
C-PED
100
AcDbCircle
 10
-18.5
 20
10.5
 30
0.0
 40
4.5
100
AcDbArc
 50
270.0
 51
360.0
  0
LWPOLYLINE
  5
4C2
330
4B9
100
AcDbEntity
  8
C-PED
100
AcDbPolyline
 90
2
 70
0
 10
-174.79737614877178
 20
8.0
 10
-18.5
 20
8.0
  0
LWPOLYLINE
  5
4C3
330
4B9
100
AcDbEntity
  8
C-PED
100
AcDbPolyline
 90
2
 70
0
 10
-16.0
 20
174.79737614877178
 10
-16.0
 20
10.5
  0
ARC
  5
4C4
330
4B9
100
AcDbEntity
  8
C-PED
100
AcDbCircle
 10
-18.5
 20
10.5
 30
0.0
 40
2.5
100
AcDbArc
 50
270.0
 51
360.0
  0
LWPOLYLINE
  5
4C5
330
4B9
100
AcDbEntity
  8
C-CURB
100
AcDbPolyline
 90
2
 70
0
 10
174.79737614877178
 20
3.5
 10
18.5
 20
3.5
  0
LWPOLYLINE
  5
4C6
330
4B9
100
AcDbEntity
  8
C-CURB
100
AcDbPolyline
 90
2
 70
0
 10
11.5
 20
174.79737614877178
 10
11.5
 20
10.5
  0
ARC
  5
4C7
330
4B9
100
AcDbEntity
  8
C-CURB
100
AcDbCircle
 10
18.5
 20
10.5
 30
0.0
 40
7.0
100
AcDbArc
 50
180.0
 51
270.0
  0
LWPOLYLINE
  5
4C8
330
4B9
100
AcDbEntity
  8
C-PED
100
AcDbPolyline
 90
2
 70
0
 10
174.79737614877178
 20
6.0
 10
18.5
 20
6.0
  0
LWPOLYLINE
  5
4C9
330
4B9
100
AcDbEntity
  8
C-PED
100
AcDbPolyline
 90
2
 70
0
 10
14.0
 20
174.79737614877178
 10
14.0
 20
10.5
  0
ARC
  5
4CA
330
4B9
100
AcDbEntity
  8
C-PED
100
AcDbCircle
 10
18.5
 20
10.5
 30
0.0
 40
4.5
100
AcDbArc
 50
180.0
 51
270.0
  0
LWPOLYLINE
  5
4CB
330
4B9
100
AcDbEntity
  8
C-PED
100
AcDbPolyline
 90
2
 70
0
 10
174.79737614877178
 20
8.0
 10
18.5
 20
8.0
  0
LWPOLYLINE
  5
4CC
330
4B9
100
AcDbEntity
  8
C-PED
100
AcDbPolyline
 90
2
 70
0
 10
16.0
 20
174.79737614877178
 10
16.0
 20
10.5
  0
ARC
  5
4CD
330
4B9
100
AcDbEntity
  8
C-PED
100
AcDbCircle
 10
18.5
 20
10.5
 30
0.0
 40
2.5
100
AcDbArc
 50
180.0
 51
270.0
  0
LWPOLYLINE
  5
4CE
330
4B9
100
AcDbEntity
  8
C-CURB
100
AcDbPolyline
 90
2
 70
0
 10
174.79737614877178
 20
-3.5
 10
18.5
 20
-3.5
  0
LWPOLYLINE
  5
4CF
330
4B9
100
AcDbEntity
  8
C-CURB
100
AcDbPolyline
 90
2
 70
0
 10
11.5
 20
-174.79737614877178
 10
11.5
 20
-10.5
  0
ARC
  5
4D0
330
4B9
100
AcDbEntity
  8
C-CURB
100
AcDbCircle
 10
18.5
 20
-10.5
 30
0.0
 40
7.0
100
AcDbArc
 50
90.0
 51
180.0
  0
LWPOLYLINE
  5
4D1
330
4B9
100
AcDbEntity
  8
C-PED
100
AcDbPolyline
 90
2
 70
0
 10
174.79737614877178
 20
-6.0
 10
18.5
 20
-6.0
  0
LWPOLYLINE
  5
4D2
330
4B9
100
AcDbEntity
  8
C-PED
100
AcDbPolyline
 90
2
 70
0
 10
14.0
 20
-174.79737614877178
 10
14.0
 20
-10.5
  0
ARC
  5
4D3
330
4B9
100
AcDbEntity
  8
C-PED
100
AcDbCircle
 10
18.5
 20
-10.5
 30
0.0
 40
4.5
100
AcDbArc
 50
90.0
 51
180.0
  0
LWPOLYLINE
  5
4D4
330
4B9
100
AcDbEntity
  8
C-PED
100
AcDbPolyline
 90
2
 70
0
 10
174.79737614877178
 20
-8.0
 10
18.5
 20
-8.0
  0
LWPOLYLINE
  5
4D5
330
4B9
100
AcDbEntity
  8
C-PED
100
AcDbPolyline
 90
2
 70
0
 10
16.0
 20
-174.79737614877178
 10
16.0
 20
-10.5
  0
ARC
  5
4D6
330
4B9
100
AcDbEntity
  8
C-PED
100
AcDbCircle
 10
18.5
 20
-10.5
 30
0.0
 40
2.5
100
AcDbArc
 50
90.0
 51
180.0
  0
LWPOLYLINE
  5
4D7
330
4B9
100
AcDbEntity
  8
C-CURB
100
AcDbPolyline
 90
2
 70
0
 10
-174.79737614877178
 20
-3.5
 10
-18.5
 20
-3.5
  0
LWPOLYLINE
  5
4D8
330
4B9
100
AcDbEntity
  8
C-CURB
100
AcDbPolyline
 90
2
 70
0
 10
-11.5
 20
-174.79737614877178
 10
-11.5
 20
-10.5
  0
ARC
  5
4D9
330
4B9
100
AcDbEntity
  8
C-CURB
100
AcDbCircle
 10
-18.5
 20
-10.5
 30
0.0
 40
7.0
100
AcDbArc
 50
0.0
 51
90.0
  0
LWPOLYLINE
  5
4DA
330
4B9
100
AcDbEntity
  8
C-PED
100
AcDbPolyline
 90
2
 70
0
 10
-174.79737614877178
 20
-6.0
 10
-18.5
 20
-6.0
  0
LWPOLYLINE
  5
4DB
330
4B9
100
AcDbEntity
  8
C-PED
100
AcDbPolyline
 90
2
 70
0
 10
-14.0
 20
-174.79737614877178
 10
-14.0
 20
-10.5
  0
ARC
  5
4DC
330
4B9
100
AcDbEntity
  8
C-PED
100
AcDbCircle
 10
-18.5
 20
-10.5
 30
0.0
 40
4.5
100
AcDbArc
 50
0.0
 51
90.0
  0
LWPOLYLINE
  5
4DD
330
4B9
100
AcDbEntity
  8
C-PED
100
AcDbPolyline
 90
2
 70
0
 10
-174.79737614877178
 20
-8.0
 10
-18.5
 20
-8.0
  0
LWPOLYLINE
  5
4DE
330
4B9
100
AcDbEntity
  8
C-PED
100
AcDbPolyline
 90
2
 70
0
 10
-16.0
 20
-174.79737614877178
 10
-16.0
 20
-10.5
  0
ARC
  5
4DF
330
4B9
100
AcDbEntity
  8
C-PED
100
AcDbCircle
 10
-18.5
 20
-10.5
 30
0.0
 40
2.5
100
AcDbArc
 50
0.0
 51
90.0
  0
LWPOLYLINE
  5
4E0
330
4B9
100
AcDbEntity
  8
C-MARK-YELW
100
AcDbPolyline
 90
2
 70
0
 10
-174.79737614877178
 20
0.0
 10
-17.6
 20
0.0
  0
LWPOLYLINE
  5
4E1
330
4B9
100
AcDbEntity
  8
C-MARK-YELW
100
AcDbPolyline
 90
2
 70
0
 10
17.6
 20
0.0
 10
174.79737614877178
 20
0.0
  0
LWPOLYLINE
  5
4E2
330
4B9
100
AcDbEntity
  8
C-MARK-LANE
100
AcDbPolyline
 90
2
 70
0
 10
4.5
 20
-174.79737614877178
 10
4.5
 20
-9.6
  0
LWPOLYLINE
  5
4E3
330
4B9
100
AcDbEntity
  8
C-MARK-LANE
100
AcDbPolyline
 90
2
 70
0
 10
4.5
 20
9.6
 10
4.5
 20
174.79737614877178
  0
LWPOLYLINE
  5
4E4
330
4B9
100
AcDbEntity
  8
C-MARK-LANE
100
AcDbPolyline
 90
2
 70
0
 10
-4.5
 20
-174.79737614877178
 10
-4.5
 20
-9.6
  0
LWPOLYLINE
  5
4E5
330
4B9
100
AcDbEntity
  8
C-MARK-LANE
100
AcDbPolyline
 90
2
 70
0
 10
-4.5
 20
9.6
 10
-4.5
 20
174.79737614877178
  0
LWPOLYLINE
  5
4E6
330
4B9
100
AcDbEntity
  8
C-MARK-LANE
100
AcDbPolyline
 90
2
 70
0
 10
8.0
 20
-174.79737614877178
 10
8.0
 20
-9.6
  0
LWPOLYLINE
  5
4E7
330
4B9
100
AcDbEntity
  8
C-MARK-LANE
100
AcDbPolyline
 90
2
 70
0
 10
8.0
 20
9.6
 10
8.0
 20
174.79737614877178
  0
LWPOLYLINE
  5
4E8
330
4B9
100
AcDbEntity
  8
C-MARK-LANE
100
AcDbPolyline
 90
2
 70
0
 10
-8.0
 20
-174.79737614877178
 10
-8.0
 20
-9.6
  0
LWPOLYLINE
  5
4E9
330
4B9
100
AcDbEntity
  8
C-MARK-LANE
100
AcDbPolyline
 90
2
 70
0
 10
-8.0
 20
9.6
 10
-8.0
 20
174.79737614877178
  0
LWPOLYLINE
  5
4EA
330
4B9
100
AcDbEntity
  8
C-MARK-EXT
100
AcDbPolyline
 90
2
 70
0
 10
4.5
 20
-5.0
 10
4.5
 20
5.0
  0
LWPOLYLINE
  5
4EB
330
4B9
100
AcDbEntity
  8
C-MARK-EXT
100
AcDbPolyline
 90
2
 70
0
 10
-4.5
 20
-5.0
 10
-4.5
 20
5.0
  0
LWPOLYLINE
  5
4EC
330
4B9
100
AcDbEntity
  8
C-MARK-EXT
100
AcDbPolyline
 90
2
 70
0
 10
8.0
 20
-5.0
 10
8.0
 20
5.0
  0
LWPOLYLINE
  5
4ED
330
4B9
100
AcDbEntity
  8
C-MARK-EXT
100
AcDbPolyline
 90
2
 70
0
 10
-8.0
 20
-5.0
 10
-8.0
 20
5.0
  0
LWPOLYLINE
  5
4EE
330
4B9
100
AcDbEntity
  8
C-MARK-STOP
100
AcDbPolyline
 90
4
 70
1
 10
-17.6
 20
-3.5
 10
-17.0
 20
-3.5
 10
-17.0
 20
-0.0
 10
-17.6
 20
-0.0
  0
HATCH
  5
4EF
330
4B9
100
AcDbEntity
  8
C-MARK-STOP
 62
7
100
AcDbHatch
 10
0.0
 20
0.0
 30
0.0
210
0.0
220
0.0
230
1.0
  2
SOLID
 70
1
 71
0
 91
1
 92
3
 72
0
 73
1
 93
4
 10
-17.6
 20
-3.5
 10
-17.0
 20
-3.5
 10
-17.0
 20
-0.0
 10
-17.6
 20
-0.0
 97
0
 75
0
 76
1
 98
0
  0
LWPOLYLINE
  5
4F0
330
4B9
100
AcDbEntity
  8
C-MARK-STOP
100
AcDbPolyline
 90
4
 70
1
 10
17.0
 20
0.0
 10
17.6
 20
0.0
 10
17.6
 20
3.5
 10
17.0
 20
3.5
  0
HATCH
  5
4F1
330
4B9
100
AcDbEntity
  8
C-MARK-STOP
 62
7
100
AcDbHatch
 10
0.0
 20
0.0
 30
0.0
210
0.0
220
0.0
230
1.0
  2
SOLID
 70
1
 71
0
 91
1
 92
3
 72
0
 73
1
 93
4
 10
17.0
 20
0.0
 10
17.6
 20
0.0
 10
17.6
 20
3.5
 10
17.0
 20
3.5
 97
0
 75
0
 76
1
 98
0
  0
LWPOLYLINE
  5
4F2
330
4B9
100
AcDbEntity
  8
C-MARK-STOP
100
AcDbPolyline
 90
4
 70
1
 10
1.0
 20
-9.6
 10
11.5
 20
-9.6
 10
11.5
 20
-9.0
 10
1.0
 20
-9.0
  0
HATCH
  5
4F3
330
4B9
100
AcDbEntity
  8
C-MARK-STOP
 62
7
100
AcDbHatch
 10
0.0
 20
0.0
 30
0.0
210
0.0
220
0.0
230
1.0
  2
SOLID
 70
1
 71
0
 91
1
 92
3
 72
0
 73
1
 93
4
 10
1.0
 20
-9.6
 10
11.5
 20
-9.6
 10
11.5
 20
-9.0
 10
1.0
 20
-9.0
 97
0
 75
0
 76
1
 98
0
  0
LWPOLYLINE
  5
4F4
330
4B9
100
AcDbEntity
  8
C-MARK-STOP
100
AcDbPolyline
 90
4
 70
1
 10
-11.5
 20
9.0
 10
-1.0
 20
9.0
 10
-1.0
 20
9.6
 10
-11.5
 20
9.6
  0
HATCH
  5
4F5
330
4B9
100
AcDbEntity
  8
C-MARK-STOP
 62
7
100
AcDbHatch
 10
0.0
 20
0.0
 30
0.0
210
0.0
220
0.0
230
1.0
  2
SOLID
 70
1
 71
0
 91
1
 92
3
 72
0
 73
1
 93
4
 10
-11.5
 20
9.0
 10
-1.0
 20
9.0
 10
-1.0
 20
9.6
 10
-11.5
 20
9.6
 97
0
 75
0
 76
1
 98
0
  0
LWPOLYLINE
  5
4F6
330
4B9
100
AcDbEntity
  8
C-MARK
100
AcDbPolyline
 90
2
 70
0
 10
-16.0
 20
-3.5
 10
-13.0
 20
-3.5
  0
LWPOLYLINE
  5
4F7
330
4B9
100
AcDbEntity
  8
C-MARK
100
AcDbPolyline
 90
2
 70
0
 10
-16.0
 20
3.5
 10
-13.0
 20
3.5
  0
LWPOLYLINE
  5
4F8
330
4B9
100
AcDbEntity
  8
C-MARK
100
AcDbPolyline
 90
4
 70
1
 10
-16.0
 20
-3.0
 10
-13.0
 20
-3.0
 10
-13.0
 20
-2.5
 10
-16.0
 20
-2.5
  0
LWPOLYLINE
  5
4F9
330
4B9
100
AcDbEntity
  8
C-MARK
100
AcDbPolyline
 90
4
 70
1
 10
-16.0
 20
-2.0
 10
-13.0
 20
-2.0
 10
-13.0
 20
-1.5
 10
-16.0
 20
-1.5
  0
LWPOLYLINE
  5
4FA
330
4B9
100
AcDbEntity
  8
C-MARK
100
AcDbPolyline
 90
4
 70
1
 10
-16.0
 20
-1.0
 10
-13.0
 20
-1.0
 10
-13.0
 20
-0.5
 10
-16.0
 20
-0.5
  0
LWPOLYLINE
  5
4FB
330
4B9
100
AcDbEntity
  8
C-MARK
100
AcDbPolyline
 90
4
 70
1
 10
-16.0
 20
0.0
 10
-13.0
 20
0.0
 10
-13.0
 20
0.5
 10
-16.0
 20
0.5
  0
LWPOLYLINE
  5
4FC
330
4B9
100
AcDbEntity
  8
C-MARK
100
AcDbPolyline
 90
4
 70
1
 10
-16.0
 20
1.0
 10
-13.0
 20
1.0
 10
-13.0
 20
1.5
 10
-16.0
 20
1.5
  0
LWPOLYLINE
  5
4FD
330
4B9
100
AcDbEntity
  8
C-MARK
100
AcDbPolyline
 90
4
 70
1
 10
-16.0
 20
2.0
 10
-13.0
 20
2.0
 10
-13.0
 20
2.5
 10
-16.0
 20
2.5
  0
LWPOLYLINE
  5
4FE
330
4B9
100
AcDbEntity
  8
C-MARK
100
AcDbPolyline
 90
2
 70
0
 10
13.0
 20
-3.5
 10
16.0
 20
-3.5
  0
LWPOLYLINE
  5
4FF
330
4B9
100
AcDbEntity
  8
C-MARK
100
AcDbPolyline
 90
2
 70
0
 10
13.0
 20
3.5
 10
16.0
 20
3.5
  0
LWPOLYLINE
  5
500
330
4B9
100
AcDbEntity
  8
C-MARK
100
AcDbPolyline
 90
4
 70
1
 10
13.0
 20
-3.0
 10
16.0
 20
-3.0
 10
16.0
 20
-2.5
 10
13.0
 20
-2.5
  0
LWPOLYLINE
  5
501
330
4B9
100
AcDbEntity
  8
C-MARK
100
AcDbPolyline
 90
4
 70
1
 10
13.0
 20
-2.0
 10
16.0
 20
-2.0
 10
16.0
 20
-1.5
 10
13.0
 20
-1.5
  0
LWPOLYLINE
  5
502
330
4B9
100
AcDbEntity
  8
C-MARK
100
AcDbPolyline
 90
4
 70
1
 10
13.0
 20
-1.0
 10
16.0
 20
-1.0
 10
16.0
 20
-0.5
 10
13.0
 20
-0.5
  0
LWPOLYLINE
  5
503
330
4B9
100
AcDbEntity
  8
C-MARK
100
AcDbPolyline
 90
4
 70
1
 10
13.0
 20
0.0
 10
16.0
 20
0.0
 10
16.0
 20
0.5
 10
13.0
 20
0.5
  0
LWPOLYLINE
  5
504
330
4B9
100
AcDbEntity
  8
C-MARK
100
AcDbPolyline
 90
4
 70
1
 10
13.0
 20
1.0
 10
16.0
 20
1.0
 10
16.0
 20
1.5
 10
13.0
 20
1.5
  0
LWPOLYLINE
  5
505
330
4B9
100
AcDbEntity
  8
C-MARK
100
AcDbPolyline
 90
4
 70
1
 10
13.0
 20
2.0
 10
16.0
 20
2.0
 10
16.0
 20
2.5
 10
13.0
 20
2.5
  0
LWPOLYLINE
  5
506
330
4B9
100
AcDbEntity
  8
C-MARK
100
AcDbPolyline
 90
2
 70
0
 10
-11.5
 20
-8.0
 10
11.5
 20
-8.0
  0
LWPOLYLINE
  5
507
330
4B9
100
AcDbEntity
  8
C-MARK
100
AcDbPolyline
 90
2
 70
0
 10
-11.5
 20
-5.0
 10
11.5
 20
-5.0
  0
LWPOLYLINE
  5
508
330
4B9
100
AcDbEntity
  8
C-MARK
100
AcDbPolyline
 90
4
 70
1
 10
-11.0
 20
-8.0
 10
-10.5
 20
-8.0
 10
-10.5
 20
-5.0
 10
-11.0
 20
-5.0
  0
LWPOLYLINE
  5
509
330
4B9
100
AcDbEntity
  8
C-MARK
100
AcDbPolyline
 90
4
 70
1
 10
-10.0
 20
-8.0
 10
-9.5
 20
-8.0
 10
-9.5
 20
-5.0
 10
-10.0
 20
-5.0
  0
LWPOLYLINE
  5
50A
330
4B9
100
AcDbEntity
  8
C-MARK
100
AcDbPolyline
 90
4
 70
1
 10
-9.0
 20
-8.0
 10
-8.5
 20
-8.0
 10
-8.5
 20
-5.0
 10
-9.0
 20
-5.0
  0
LWPOLYLINE
  5
50B
330
4B9
100
AcDbEntity
  8
C-MARK
100
AcDbPolyline
 90
4
 70
1
 10
-8.0
 20
-8.0
 10
-7.5
 20
-8.0
 10
-7.5
 20
-5.0
 10
-8.0
 20
-5.0
  0
LWPOLYLINE
  5
50C
330
4B9
100
AcDbEntity
  8
C-MARK
100
AcDbPolyline
 90
4
 70
1
 10
-7.0
 20
-8.0
 10
-6.5
 20
-8.0
 10
-6.5
 20
-5.0
 10
-7.0
 20
-5.0
  0
LWPOLYLINE
  5
50D
330
4B9
100
AcDbEntity
  8
C-MARK
100
AcDbPolyline
 90
4
 70
1
 10
-6.0
 20
-8.0
 10
-5.5
 20
-8.0
 10
-5.5
 20
-5.0
 10
-6.0
 20
-5.0
  0
LWPOLYLINE
  5
50E
330
4B9
100
AcDbEntity
  8
C-MARK
100
AcDbPolyline
 90
4
 70
1
 10
-5.0
 20
-8.0
 10
-4.5
 20
-8.0
 10
-4.5
 20
-5.0
 10
-5.0
 20
-5.0
  0
LWPOLYLINE
  5
50F
330
4B9
100
AcDbEntity
  8
C-MARK
100
AcDbPolyline
 90
4
 70
1
 10
-4.0
 20
-8.0
 10
-3.5
 20
-8.0
 10
-3.5
 20
-5.0
 10
-4.0
 20
-5.0
  0
LWPOLYLINE
  5
510
330
4B9
100
AcDbEntity
  8
C-MARK
100
AcDbPolyline
 90
4
 70
1
 10
-3.0
 20
-8.0
 10
-2.5
 20
-8.0
 10
-2.5
 20
-5.0
 10
-3.0
 20
-5.0
  0
LWPOLYLINE
  5
511
330
4B9
100
AcDbEntity
  8
C-MARK
100
AcDbPolyline
 90
4
 70
1
 10
-2.0
 20
-8.0
 10
-1.5
 20
-8.0
 10
-1.5
 20
-5.0
 10
-2.0
 20
-5.0
  0
LWPOLYLINE
  5
512
330
4B9
100
AcDbEntity
  8
C-MARK
100
AcDbPolyline
 90
4
 70
1
 10
-1.0
 20
-8.0
 10
-0.5
 20
-8.0
 10
-0.5
 20
-5.0
 10
-1.0
 20
-5.0
  0
LWPOLYLINE
  5
513
330
4B9
100
AcDbEntity
  8
C-MARK
100
AcDbPolyline
 90
4
 70
1
 10
0.0
 20
-8.0
 10
0.5
 20
-8.0
 10
0.5
 20
-5.0
 10
0.0
 20
-5.0
  0
LWPOLYLINE
  5
514
330
4B9
100
AcDbEntity
  8
C-MARK
100
AcDbPolyline
 90
4
 70
1
 10
1.0
 20
-8.0
 10
1.5
 20
-8.0
 10
1.5
 20
-5.0
 10
1.0
 20
-5.0
  0
LWPOLYLINE
  5
515
330
4B9
100
AcDbEntity
  8
C-MARK
100
AcDbPolyline
 90
4
 70
1
 10
2.0
 20
-8.0
 10
2.5
 20
-8.0
 10
2.5
 20
-5.0
 10
2.0
 20
-5.0
  0
LWPOLYLINE
  5
516
330
4B9
100
AcDbEntity
  8
C-MARK
100
AcDbPolyline
 90
4
 70
1
 10
3.0
 20
-8.0
 10
3.5
 20
-8.0
 10
3.5
 20
-5.0
 10
3.0
 20
-5.0
  0
LWPOLYLINE
  5
517
330
4B9
100
AcDbEntity
  8
C-MARK
100
AcDbPolyline
 90
4
 70
1
 10
4.0
 20
-8.0
 10
4.5
 20
-8.0
 10
4.5
 20
-5.0
 10
4.0
 20
-5.0
  0
LWPOLYLINE
  5
518
330
4B9
100
AcDbEntity
  8
C-MARK
100
AcDbPolyline
 90
4
 70
1
 10
5.0
 20
-8.0
 10
5.5
 20
-8.0
 10
5.5
 20
-5.0
 10
5.0
 20
-5.0
  0
LWPOLYLINE
  5
519
330
4B9
100
AcDbEntity
  8
C-MARK
100
AcDbPolyline
 90
4
 70
1
 10
6.0
 20
-8.0
 10
6.5
 20
-8.0
 10
6.5
 20
-5.0
 10
6.0
 20
-5.0
  0
LWPOLYLINE
  5
51A
330
4B9
100
AcDbEntity
  8
C-MARK
100
AcDbPolyline
 90
4
 70
1
 10
7.0
 20
-8.0
 10
7.5
 20
-8.0
 10
7.5
 20
-5.0
 10
7.0
 20
-5.0
  0
LWPOLYLINE
  5
51B
330
4B9
100
AcDbEntity
  8
C-MARK
100
AcDbPolyline
 90
4
 70
1
 10
8.0
 20
-8.0
 10
8.5
 20
-8.0
 10
8.5
 20
-5.0
 10
8.0
 20
-5.0
  0
LWPOLYLINE
  5
51C
330
4B9
100
AcDbEntity
  8
C-MARK
100
AcDbPolyline
 90
4
 70
1
 10
9.0
 20
-8.0
 10
9.5
 20
-8.0
 10
9.5
 20
-5.0
 10
9.0
 20
-5.0
  0
LWPOLYLINE
  5
51D
330
4B9
100
AcDbEntity
  8
C-MARK
100
AcDbPolyline
 90
4
 70
1
 10
10.0
 20
-8.0
 10
10.5
 20
-8.0
 10
10.5
 20
-5.0
 10
10.0
 20
-5.0
  0
LWPOLYLINE
  5
51E
330
4B9
100
AcDbEntity
  8
C-MARK
100
AcDbPolyline
 90
2
 70
0
 10
-11.5
 20
5.0
 10
11.5
 20
5.0
  0
LWPOLYLINE
  5
51F
330
4B9
100
AcDbEntity
  8
C-MARK
100
AcDbPolyline
 90
2
 70
0
 10
-11.5
 20
8.0
 10
11.5
 20
8.0
  0
LWPOLYLINE
  5
520
330
4B9
100
AcDbEntity
  8
C-MARK
100
AcDbPolyline
 90
4
 70
1
 10
-11.0
 20
5.0
 10
-10.5
 20
5.0
 10
-10.5
 20
8.0
 10
-11.0
 20
8.0
  0
LWPOLYLINE
  5
521
330
4B9
100
AcDbEntity
  8
C-MARK
100
AcDbPolyline
 90
4
 70
1
 10
-10.0
 20
5.0
 10
-9.5
 20
5.0
 10
-9.5
 20
8.0
 10
-10.0
 20
8.0
  0
LWPOLYLINE
  5
522
330
4B9
100
AcDbEntity
  8
C-MARK
100
AcDbPolyline
 90
4
 70
1
 10
-9.0
 20
5.0
 10
-8.5
 20
5.0
 10
-8.5
 20
8.0
 10
-9.0
 20
8.0
  0
LWPOLYLINE
  5
523
330
4B9
100
AcDbEntity
  8
C-MARK
100
AcDbPolyline
 90
4
 70
1
 10
-8.0
 20
5.0
 10
-7.5
 20
5.0
 10
-7.5
 20
8.0
 10
-8.0
 20
8.0
  0
LWPOLYLINE
  5
524
330
4B9
100
AcDbEntity
  8
C-MARK
100
AcDbPolyline
 90
4
 70
1
 10
-7.0
 20
5.0
 10
-6.5
 20
5.0
 10
-6.5
 20
8.0
 10
-7.0
 20
8.0
  0
LWPOLYLINE
  5
525
330
4B9
100
AcDbEntity
  8
C-MARK
100
AcDbPolyline
 90
4
 70
1
 10
-6.0
 20
5.0
 10
-5.5
 20
5.0
 10
-5.5
 20
8.0
 10
-6.0
 20
8.0
  0
LWPOLYLINE
  5
526
330
4B9
100
AcDbEntity
  8
C-MARK
100
AcDbPolyline
 90
4
 70
1
 10
-5.0
 20
5.0
 10
-4.5
 20
5.0
 10
-4.5
 20
8.0
 10
-5.0
 20
8.0
  0
LWPOLYLINE
  5
527
330
4B9
100
AcDbEntity
  8
C-MARK
100
AcDbPolyline
 90
4
 70
1
 10
-4.0
 20
5.0
 10
-3.5
 20
5.0
 10
-3.5
 20
8.0
 10
-4.0
 20
8.0
  0
LWPOLYLINE
  5
528
330
4B9
100
AcDbEntity
  8
C-MARK
100
AcDbPolyline
 90
4
 70
1
 10
-3.0
 20
5.0
 10
-2.5
 20
5.0
 10
-2.5
 20
8.0
 10
-3.0
 20
8.0
  0
LWPOLYLINE
  5
529
330
4B9
100
AcDbEntity
  8
C-MARK
100
AcDbPolyline
 90
4
 70
1
 10
-2.0
 20
5.0
 10
-1.5
 20
5.0
 10
-1.5
 20
8.0
 10
-2.0
 20
8.0
  0
LWPOLYLINE
  5
52A
330
4B9
100
AcDbEntity
  8
C-MARK
100
AcDbPolyline
 90
4
 70
1
 10
-1.0
 20
5.0
 10
-0.5
 20
5.0
 10
-0.5
 20
8.0
 10
-1.0
 20
8.0
  0
LWPOLYLINE
  5
52B
330
4B9
100
AcDbEntity
  8
C-MARK
100
AcDbPolyline
 90
4
 70
1
 10
0.0
 20
5.0
 10
0.5
 20
5.0
 10
0.5
 20
8.0
 10
0.0
 20
8.0
  0
LWPOLYLINE
  5
52C
330
4B9
100
AcDbEntity
  8
C-MARK
100
AcDbPolyline
 90
4
 70
1
 10
1.0
 20
5.0
 10
1.5
 20
5.0
 10
1.5
 20
8.0
 10
1.0
 20
8.0
  0
LWPOLYLINE
  5
52D
330
4B9
100
AcDbEntity
  8
C-MARK
100
AcDbPolyline
 90
4
 70
1
 10
2.0
 20
5.0
 10
2.5
 20
5.0
 10
2.5
 20
8.0
 10
2.0
 20
8.0
  0
LWPOLYLINE
  5
52E
330
4B9
100
AcDbEntity
  8
C-MARK
100
AcDbPolyline
 90
4
 70
1
 10
3.0
 20
5.0
 10
3.5
 20
5.0
 10
3.5
 20
8.0
 10
3.0
 20
8.0
  0
LWPOLYLINE
  5
52F
330
4B9
100
AcDbEntity
  8
C-MARK
100
AcDbPolyline
 90
4
 70
1
 10
4.0
 20
5.0
 10
4.5
 20
5.0
 10
4.5
 20
8.0
 10
4.0
 20
8.0
  0
LWPOLYLINE
  5
530
330
4B9
100
AcDbEntity
  8
C-MARK
100
AcDbPolyline
 90
4
 70
1
 10
5.0
 20
5.0
 10
5.5
 20
5.0
 10
5.5
 20
8.0
 10
5.0
 20
8.0
  0
LWPOLYLINE
  5
531
330
4B9
100
AcDbEntity
  8
C-MARK
100
AcDbPolyline
 90
4
 70
1
 10
6.0
 20
5.0
 10
6.5
 20
5.0
 10
6.5
 20
8.0
 10
6.0
 20
8.0
  0
LWPOLYLINE
  5
532
330
4B9
100
AcDbEntity
  8
C-MARK
100
AcDbPolyline
 90
4
 70
1
 10
7.0
 20
5.0
 10
7.5
 20
5.0
 10
7.5
 20
8.0
 10
7.0
 20
8.0
  0
LWPOLYLINE
  5
533
330
4B9
100
AcDbEntity
  8
C-MARK
100
AcDbPolyline
 90
4
 70
1
 10
8.0
 20
5.0
 10
8.5
 20
5.0
 10
8.5
 20
8.0
 10
8.0
 20
8.0
  0
LWPOLYLINE
  5
534
330
4B9
100
AcDbEntity
  8
C-MARK
100
AcDbPolyline
 90
4
 70
1
 10
9.0
 20
5.0
 10
9.5
 20
5.0
 10
9.5
 20
8.0
 10
9.0
 20
8.0
  0
LWPOLYLINE
  5
535
330
4B9
100
AcDbEntity
  8
C-MARK
100
AcDbPolyline
 90
4
 70
1
 10
10.0
 20
5.0
 10
10.5
 20
5.0
 10
10.5
 20
8.0
 10
10.0
 20
8.0
  0
INSERT
  5
536
330
4B9
100
AcDbEntity
  8
C-MARK
100
AcDbBlockReference
  2
ARROW-LTR
 10
-26.0
 20
-1.75
 30
0.0
 50
270.0
  0
INSERT
  5
538
330
4B9
100
AcDbEntity
  8
C-MARK
100
AcDbBlockReference
  2
ARROW-LTR
 10
26.0
 20
1.75
 30
0.0
 50
90.0
  0
INSERT
  5
53A
330
4B9
100
AcDbEntity
  8
C-MARK
100
AcDbBlockReference
  2
ARROW-L
 10
2.75
 20
-18.0
 30
0.0
  0
INSERT
  5
53C
330
4B9
100
AcDbEntity
  8
C-MARK
100
AcDbBlockReference
  2
ARROW-T
 10
6.25
 20
-18.0
 30
0.0
  0
INSERT
  5
53E
330
4B9
100
AcDbEntity
  8
C-MARK
100
AcDbBlockReference
  2
ARROW-TR
 10
9.75
 20
-18.0
 30
0.0
  0
INSERT
  5
540
330
4B9
100
AcDbEntity
  8
C-MARK
100
AcDbBlockReference
  2
ARROW-L
 10
-2.75
 20
18.0
 30
0.0
 50
180.0
  0
INSERT
  5
542
330
4B9
100
AcDbEntity
  8
C-MARK
100
AcDbBlockReference
  2
ARROW-T
 10
-6.25
 20
18.0
 30
0.0
 50
180.0
  0
INSERT
  5
544
330
4B9
100
AcDbEntity
  8
C-MARK
100
AcDbBlockReference
  2
ARROW-TR
 10
-9.75
 20
18.0
 30
0.0
 50
180.0
  0
INSERT
  5
546
330
4B9
100
AcDbEntity
  8
C-MARK
100
AcDbBlockReference
  2
ARROW-LTR
 10
-42.0
 20
-1.75
 30
0.0
 50
270.0
  0
INSERT
  5
548
330
4B9
100
AcDbEntity
  8
C-MARK
100
AcDbBlockReference
  2
ARROW-LTR
 10
42.0
 20
1.75
 30
0.0
 50
90.0
  0
INSERT
  5
54A
330
4B9
100
AcDbEntity
  8
C-MARK
100
AcDbBlockReference
  2
ARROW-L
 10
2.75
 20
-34.0
 30
0.0
  0
INSERT
  5
54C
330
4B9
100
AcDbEntity
  8
C-MARK
100
AcDbBlockReference
  2
ARROW-T
 10
6.25
 20
-34.0
 30
0.0
  0
INSERT
  5
54E
330
4B9
100
AcDbEntity
  8
C-MARK
100
AcDbBlockReference
  2
ARROW-TR
 10
9.75
 20
-34.0
 30
0.0
  0
INSERT
  5
550
330
4B9
100
AcDbEntity
  8
C-MARK
100
AcDbBlockReference
  2
ARROW-L
 10
-2.75
 20
34.0
 30
0.0
 50
180.0
  0
INSERT
  5
552
330
4B9
100
AcDbEntity
  8
C-MARK
100
AcDbBlockReference
  2
ARROW-T
 10
-6.25
 20
34.0
 30
0.0
 50
180.0
  0
INSERT
  5
554
330
4B9
100
AcDbEntity
  8
C-MARK
100
AcDbBlockReference
  2
ARROW-TR
 10
-9.75
 20
34.0
 30
0.0
 50
180.0
  0
INSERT
  5
556
330
4B9
100
AcDbEntity
  8
C-SGNL
100
AcDbBlockReference
  2
SIG-MASTARM
 10
-16.5
 20
10.5
 30
0.0
  0
INSERT
  5
558
330
4B9
100
AcDbEntity
  8
C-SGNL
100
AcDbBlockReference
  2
SIG-MASTARM
 10
16.5
 20
10.5
 30
0.0
 50
270.0
  0
INSERT
  5
55A
330
4B9
100
AcDbEntity
  8
C-SGNL
100
AcDbBlockReference
  2
SIG-MASTARM
 10
16.5
 20
-10.5
 30
0.0
 50
180.0
  0
INSERT
  5
55C
330
4B9
100
AcDbEntity
  8
C-SGNL
100
AcDbBlockReference
  2
SIG-MASTARM
 10
-16.5
 20
-10.5
 30
0.0
 50
90.0
  0
INSERT
  5
55E
330
4B9
100
AcDbEntity
  8
C-SGNL
100
AcDbBlockReference
  2
SIG-3SEC
 10
2.75
 20
10.0
 30
0.0
 50
180.0
  0
INSERT
  5
560
330
4B9
100
AcDbEntity
  8
C-SGNL
100
AcDbBlockReference
  2
SIG-3SEC
 10
6.25
 20
10.0
 30
0.0
 50
180.0
  0
INSERT
  5
562
330
4B9
100
AcDbEntity
  8
C-SGNL
100
AcDbBlockReference
  2
SIG-3SEC
 10
9.75
 20
10.0
 30
0.0
 50
180.0
  0
INSERT
  5
564
330
4B9
100
AcDbEntity
  8
C-SGNL
100
AcDbBlockReference
  2
SIG-3SEC
 10
-2.75
 20
-10.0
 30
0.0
  0
INSERT
  5
566
330
4B9
100
AcDbEntity
  8
C-SGNL
100
AcDbBlockReference
  2
SIG-3SEC
 10
-6.25
 20
-10.0
 30
0.0
  0
INSERT
  5
568
330
4B9
100
AcDbEntity
  8
C-SGNL
100
AcDbBlockReference
  2
SIG-3SEC
 10
-9.75
 20
-10.0
 30
0.0
  0
INSERT
  5
56A
330
4B9
100
AcDbEntity
  8
C-SGNL
100
AcDbBlockReference
  2
SIG-3SEC
 10
21.5
 20
-1.75
 30
0.0
 50
90.0
  0
INSERT
  5
56C
330
4B9
100
AcDbEntity
  8
C-SGNL
100
AcDbBlockReference
  2
SIG-3SEC
 10
-21.5
 20
1.75
 30
0.0
 50
270.0
  0
INSERT
  5
56E
330
4B9
100
AcDbEntity
  8
C-SGNL
100
AcDbBlockReference
  2
SIG-PED
 10
-13.5
 20
11.0
 30
0.0
  0
INSERT
  5
570
330
4B9
100
AcDbEntity
  8
C-SGNL
100
AcDbBlockReference
  2
SIG-PED
 10
-19.0
 20
5.5
 30
0.0
 50
270.0
  0
INSERT
  5
572
330
4B9
100
AcDbEntity
  8
C-SGNL
100
AcDbBlockReference
  2
SIG-PB
 10
-13.5
 20
8.0
 30
0.0
  0
INSERT
  5
574
330
4B9
100
AcDbEntity
  8
C-SGNL
100
AcDbBlockReference
  2
SIG-PB
 10
-16.0
 20
5.5
 30
0.0
  0
INSERT
  5
576
330
4B9
100
AcDbEntity
  8
C-PED
100
AcDbBlockReference
  2
CURB-RAMP-TWSI
 10
-15.325
 20
2.79
 30
0.0
  0
INSERT
  5
578
330
4B9
100
AcDbEntity
  8
C-PED
100
AcDbBlockReference
  2
CURB-RAMP-TWSI
 10
-10.79
 20
7.325
 30
0.0
 50
270.0
  0
INSERT
  5
57A
330
4B9
100
AcDbEntity
  8
C-SGNL-UG
100
AcDbBlockReference
  2
SIG-JB
 10
-18.0
 20
9.0
 30
0.0
  0
INSERT
  5
57C
330
4B9
100
AcDbEntity
  8
C-SGNL
100
AcDbBlockReference
  2
SIG-PED
 10
13.5
 20
11.0
 30
0.0
  0
INSERT
  5
57E
330
4B9
100
AcDbEntity
  8
C-SGNL
100
AcDbBlockReference
  2
SIG-PED
 10
19.0
 20
5.5
 30
0.0
 50
90.0
  0
INSERT
  5
580
330
4B9
100
AcDbEntity
  8
C-SGNL
100
AcDbBlockReference
  2
SIG-PB
 10
13.5
 20
8.0
 30
0.0
  0
INSERT
  5
582
330
4B9
100
AcDbEntity
  8
C-SGNL
100
AcDbBlockReference
  2
SIG-PB
 10
16.0
 20
5.5
 30
0.0
  0
INSERT
  5
584
330
4B9
100
AcDbEntity
  8
C-PED
100
AcDbBlockReference
  2
CURB-RAMP-TWSI
 10
13.675
 20
2.79
 30
0.0
  0
INSERT
  5
586
330
4B9
100
AcDbEntity
  8
C-PED
100
AcDbBlockReference
  2
CURB-RAMP-TWSI
 10
10.79
 20
7.325
 30
0.0
 50
270.0
  0
INSERT
  5
588
330
4B9
100
AcDbEntity
  8
C-SGNL-UG
100
AcDbBlockReference
  2
SIG-JB
 10
18.0
 20
9.0
 30
0.0
  0
INSERT
  5
58A
330
4B9
100
AcDbEntity
  8
C-SGNL
100
AcDbBlockReference
  2
SIG-PED
 10
13.5
 20
-11.0
 30
0.0
 50
180.0
  0
INSERT
  5
58C
330
4B9
100
AcDbEntity
  8
C-SGNL
100
AcDbBlockReference
  2
SIG-PED
 10
19.0
 20
-5.5
 30
0.0
 50
90.0
  0
INSERT
  5
58E
330
4B9
100
AcDbEntity
  8
C-SGNL
100
AcDbBlockReference
  2
SIG-PB
 10
13.5
 20
-8.0
 30
0.0
  0
INSERT
  5
590
330
4B9
100
AcDbEntity
  8
C-SGNL
100
AcDbBlockReference
  2
SIG-PB
 10
16.0
 20
-5.5
 30
0.0
  0
INSERT
  5
592
330
4B9
100
AcDbEntity
  8
C-PED
100
AcDbBlockReference
  2
CURB-RAMP-TWSI
 10
13.675
 20
-2.79
 30
0.0
  0
INSERT
  5
594
330
4B9
100
AcDbEntity
  8
C-PED
100
AcDbBlockReference
  2
CURB-RAMP-TWSI
 10
10.79
 20
-5.675
 30
0.0
 50
270.0
  0
INSERT
  5
596
330
4B9
100
AcDbEntity
  8
C-SGNL-UG
100
AcDbBlockReference
  2
SIG-JB
 10
18.0
 20
-9.0
 30
0.0
  0
INSERT
  5
598
330
4B9
100
AcDbEntity
  8
C-SGNL
100
AcDbBlockReference
  2
SIG-PED
 10
-13.5
 20
-11.0
 30
0.0
 50
180.0
  0
INSERT
  5
59A
330
4B9
100
AcDbEntity
  8
C-SGNL
100
AcDbBlockReference
  2
SIG-PED
 10
-19.0
 20
-5.5
 30
0.0
 50
270.0
  0
INSERT
  5
59C
330
4B9
100
AcDbEntity
  8
C-SGNL
100
AcDbBlockReference
  2
SIG-PB
 10
-13.5
 20
-8.0
 30
0.0
  0
INSERT
  5
59E
330
4B9
100
AcDbEntity
  8
C-SGNL
100
AcDbBlockReference
  2
SIG-PB
 10
-16.0
 20
-5.5
 30
0.0
  0
INSERT
  5
5A0
330
4B9
100
AcDbEntity
  8
C-PED
100
AcDbBlockReference
  2
CURB-RAMP-TWSI
 10
-15.325
 20
-2.79
 30
0.0
  0
INSERT
  5
5A2
330
4B9
100
AcDbEntity
  8
C-PED
100
AcDbBlockReference
  2
CURB-RAMP-TWSI
 10
-10.79
 20
-5.675
 30
0.0
 50
270.0
  0
INSERT
  5
5A4
330
4B9
100
AcDbEntity
  8
C-SGNL-UG
100
AcDbBlockReference
  2
SIG-JB
 10
-18.0
 20
-9.0
 30
0.0
  0
LWPOLYLINE
  5
5A6
330
4B9
100
AcDbEntity
  8
C-SGNL-UG
100
AcDbPolyline
 90
5
 70
0
 10
-18.0
 20
9.0
 10
18.0
 20
9.0
 10
18.0
 20
-9.0
 10
-18.0
 20
-9.0
 10
-18.0
 20
9.0
  0
INSERT
  5
5A7
330
4B9
100
AcDbEntity
  8
C-SGNL
100
AcDbBlockReference
  2
SIG-CABINET
 10
-21.0
 20
13.0
 30
0.0
  0
LWPOLYLINE
  5
5A9
330
4B9
100
AcDbEntity
  8
C-SGNL-UG
100
AcDbPolyline
 90
2
 70
0
 10
-21.0
 20
13.0
 10
-18.0
 20
9.0
  0
INSERT
  5
5AA
330
4B9
100
AcDbEntity
  8
C-SGNL-DET
100
AcDbBlockReference
  2
DET-LOOP
 10
-21.0
 20
-1.75
 30
0.0
  0
INSERT
  5
5AC
330
4B9
100
AcDbEntity
  8
C-SGNL-DET
100
AcDbBlockReference
  2
DET-LOOP
 10
21.0
 20
1.75
 30
0.0
  0
INSERT
  5
5AE
330
4B9
100
AcDbEntity
  8
C-SGNL-DET
100
AcDbBlockReference
  2
DET-LOOP
 10
2.75
 20
-13.0
 30
0.0
  0
INSERT
  5
5B0
330
4B9
100
AcDbEntity
  8
C-SGNL-DET
100
AcDbBlockReference
  2
DET-LOOP
 10
6.25
 20
-13.0
 30
0.0
  0
INSERT
  5
5B2
330
4B9
100
AcDbEntity
  8
C-SGNL-DET
100
AcDbBlockReference
  2
DET-LOOP
 10
9.75
 20
-13.0
 30
0.0
  0
INSERT
  5
5B4
330
4B9
100
AcDbEntity
  8
C-SGNL-DET
100
AcDbBlockReference
  2
DET-LOOP
 10
-2.75
 20
13.0
 30
0.0
  0
INSERT
  5
5B6
330
4B9
100
AcDbEntity
  8
C-SGNL-DET
100
AcDbBlockReference
  2
DET-LOOP
 10
-6.25
 20
13.0
 30
0.0
  0
INSERT
  5
5B8
330
4B9
100
AcDbEntity
  8
C-SGNL-DET
100
AcDbBlockReference
  2
DET-LOOP
 10
-9.75
 20
13.0
 30
0.0
  0
INSERT
  5
5BA
330
4B9
100
AcDbEntity
  8
C-SIGN
100
AcDbBlockReference
 66
1
  2
SIGN-POST
 10
-22.0
 20
13.0
 30
0.0
  0
ATTRIB
  5
5BC
330
4B9
100
AcDbEntity
  8
0
100
AcDbText
 10
-22.0
 20
14.3
 30
0.0
 40
0.9
  1
Rb-11
  7
ANNO
 72
1
 11
-22.0
 21
14.3
 31
0.0
100
AcDbAttribute
  2
CODE
 70
0
 74
2
  0
SEQEND
  5
5BB
330
5BA
100
AcDbEntity
  8
C-SIGN
  0
INSERT
  5
5BD
330
4B9
100
AcDbEntity
  8
C-SIGN
100
AcDbBlockReference
 66
1
  2
SIGN-POST
 10
22.0
 20
13.0
 30
0.0
  0
ATTRIB
  5
5BF
330
4B9
100
AcDbEntity
  8
0
100
AcDbText
 10
22.0
 20
14.3
 30
0.0
 40
0.9
  1
Rb-11
  7
ANNO
 72
1
 11
22.0
 21
14.3
 31
0.0
100
AcDbAttribute
  2
CODE
 70
0
 74
2
  0
SEQEND
  5
5BE
330
5BD
100
AcDbEntity
  8
C-SIGN
  0
INSERT
  5
5C0
330
4B9
100
AcDbEntity
  8
C-SIGN
100
AcDbBlockReference
 66
1
  2
SIGN-POST
 10
22.0
 20
-13.0
 30
0.0
  0
ATTRIB
  5
5C2
330
4B9
100
AcDbEntity
  8
0
100
AcDbText
 10
22.0
 20
-11.7
 30
0.0
 40
0.9
  1
Rb-11
  7
ANNO
 72
1
 11
22.0
 21
-11.7
 31
0.0
100
AcDbAttribute
  2
CODE
 70
0
 74
2
  0
SEQEND
  5
5C1
330
5C0
100
AcDbEntity
  8
C-SIGN
  0
INSERT
  5
5C3
330
4B9
100
AcDbEntity
  8
C-SIGN
100
AcDbBlockReference
 66
1
  2
SIGN-POST
 10
-22.0
 20
-13.0
 30
0.0
  0
ATTRIB
  5
5C5
330
4B9
100
AcDbEntity
  8
0
100
AcDbText
 10
-22.0
 20
-11.7
 30
0.0
 40
0.9
  1
Rb-11
  7
ANNO
 72
1
 11
-22.0
 21
-11.7
 31
0.0
100
AcDbAttribute
  2
CODE
 70
0
 74
2
  0
SEQEND
  5
5C4
330
5C3
100
AcDbEntity
  8
C-SIGN
  0
ENDBLK
  5
4BB
330
4B9
100
AcDbEntity
  8
0
100
AcDbBlockEnd
  0
BLOCK
  5
5C9
330
5C8
100
AcDbEntity
  8
0
100
AcDbBlockBegin
  2
INT-129
 70
0
 10
0.0
 20
0.0
 30
0.0
  3
INT-129
  1

  0
LWPOLYLINE
  5
5CB
330
5C8
100
AcDbEntity
  8
C-CURB
100
AcDbPolyline
 90
2
 70
0
 10
-139.82658933067853
 20
10.5
 10
-23.5
 20
10.5
  0
LWPOLYLINE
  5
5CC
330
5C8
100
AcDbEntity
  8
C-CURB
100
AcDbPolyline
 90
2
 70
0
 10
-11.5
 20
139.82658933067853
 10
-11.5
 20
22.5
  0
ARC
  5
5CD
330
5C8
100
AcDbEntity
  8
C-CURB
100
AcDbCircle
 10
-23.5
 20
22.5
 30
0.0
 40
12.0
100
AcDbArc
 50
270.0
 51
360.0
  0
LWPOLYLINE
  5
5CE
330
5C8
100
AcDbEntity
  8
C-PED
100
AcDbPolyline
 90
2
 70
0
 10
-139.82658933067853
 20
13.0
 10
-23.5
 20
13.0
  0
LWPOLYLINE
  5
5CF
330
5C8
100
AcDbEntity
  8
C-PED
100
AcDbPolyline
 90
2
 70
0
 10
-14.0
 20
139.82658933067853
 10
-14.0
 20
22.5
  0
ARC
  5
5D0
330
5C8
100
AcDbEntity
  8
C-PED
100
AcDbCircle
 10
-23.5
 20
22.5
 30
0.0
 40
9.5
100
AcDbArc
 50
270.0
 51
360.0
  0
LWPOLYLINE
  5
5D1
330
5C8
100
AcDbEntity
  8
C-PED
100
AcDbPolyline
 90
2
 70
0
 10
-139.82658933067853
 20
15.0
 10
-23.5
 20
15.0
  0
LWPOLYLINE
  5
5D2
330
5C8
100
AcDbEntity
  8
C-PED
100
AcDbPolyline
 90
2
 70
0
 10
-16.0
 20
139.82658933067853
 10
-16.0
 20
22.5
  0
ARC
  5
5D3
330
5C8
100
AcDbEntity
  8
C-PED
100
AcDbCircle
 10
-23.5
 20
22.5
 30
0.0
 40
7.5
100
AcDbArc
 50
270.0
 51
360.0
  0
LWPOLYLINE
  5
5D4
330
5C8
100
AcDbEntity
  8
C-CURB
100
AcDbPolyline
 90
2
 70
0
 10
139.82658933067853
 20
10.5
 10
23.5
 20
10.5
  0
LWPOLYLINE
  5
5D5
330
5C8
100
AcDbEntity
  8
C-CURB
100
AcDbPolyline
 90
2
 70
0
 10
11.5
 20
139.82658933067853
 10
11.5
 20
22.5
  0
ARC
  5
5D6
330
5C8
100
AcDbEntity
  8
C-CURB
100
AcDbCircle
 10
23.5
 20
22.5
 30
0.0
 40
12.0
100
AcDbArc
 50
180.0
 51
270.0
  0
LWPOLYLINE
  5
5D7
330
5C8
100
AcDbEntity
  8
C-PED
100
AcDbPolyline
 90
2
 70
0
 10
139.82658933067853
 20
13.0
 10
23.5
 20
13.0
  0
LWPOLYLINE
  5
5D8
330
5C8
100
AcDbEntity
  8
C-PED
100
AcDbPolyline
 90
2
 70
0
 10
14.0
 20
139.82658933067853
 10
14.0
 20
22.5
  0
ARC
  5
5D9
330
5C8
100
AcDbEntity
  8
C-PED
100
AcDbCircle
 10
23.5
 20
22.5
 30
0.0
 40
9.5
100
AcDbArc
 50
180.0
 51
270.0
  0
LWPOLYLINE
  5
5DA
330
5C8
100
AcDbEntity
  8
C-PED
100
AcDbPolyline
 90
2
 70
0
 10
139.82658933067853
 20
15.0
 10
23.5
 20
15.0
  0
LWPOLYLINE
  5
5DB
330
5C8
100
AcDbEntity
  8
C-PED
100
AcDbPolyline
 90
2
 70
0
 10
16.0
 20
139.82658933067853
 10
16.0
 20
22.5
  0
ARC
  5
5DC
330
5C8
100
AcDbEntity
  8
C-PED
100
AcDbCircle
 10
23.5
 20
22.5
 30
0.0
 40
7.5
100
AcDbArc
 50
180.0
 51
270.0
  0
LWPOLYLINE
  5
5DD
330
5C8
100
AcDbEntity
  8
C-CURB
100
AcDbPolyline
 90
2
 70
0
 10
139.82658933067853
 20
-10.5
 10
23.5
 20
-10.5
  0
LWPOLYLINE
  5
5DE
330
5C8
100
AcDbEntity
  8
C-CURB
100
AcDbPolyline
 90
2
 70
0
 10
11.5
 20
-139.82658933067853
 10
11.5
 20
-22.5
  0
ARC
  5
5DF
330
5C8
100
AcDbEntity
  8
C-CURB
100
AcDbCircle
 10
23.5
 20
-22.5
 30
0.0
 40
12.0
100
AcDbArc
 50
90.0
 51
180.0
  0
LWPOLYLINE
  5
5E0
330
5C8
100
AcDbEntity
  8
C-PED
100
AcDbPolyline
 90
2
 70
0
 10
139.82658933067853
 20
-13.0
 10
23.5
 20
-13.0
  0
LWPOLYLINE
  5
5E1
330
5C8
100
AcDbEntity
  8
C-PED
100
AcDbPolyline
 90
2
 70
0
 10
14.0
 20
-139.82658933067853
 10
14.0
 20
-22.5
  0
ARC
  5
5E2
330
5C8
100
AcDbEntity
  8
C-PED
100
AcDbCircle
 10
23.5
 20
-22.5
 30
0.0
 40
9.5
100
AcDbArc
 50
90.0
 51
180.0
  0
LWPOLYLINE
  5
5E3
330
5C8
100
AcDbEntity
  8
C-PED
100
AcDbPolyline
 90
2
 70
0
 10
139.82658933067853
 20
-15.0
 10
23.5
 20
-15.0
  0
LWPOLYLINE
  5
5E4
330
5C8
100
AcDbEntity
  8
C-PED
100
AcDbPolyline
 90
2
 70
0
 10
16.0
 20
-139.82658933067853
 10
16.0
 20
-22.5
  0
ARC
  5
5E5
330
5C8
100
AcDbEntity
  8
C-PED
100
AcDbCircle
 10
23.5
 20
-22.5
 30
0.0
 40
7.5
100
AcDbArc
 50
90.0
 51
180.0
  0
LWPOLYLINE
  5
5E6
330
5C8
100
AcDbEntity
  8
C-CURB
100
AcDbPolyline
 90
2
 70
0
 10
-139.82658933067853
 20
-10.5
 10
-23.5
 20
-10.5
  0
LWPOLYLINE
  5
5E7
330
5C8
100
AcDbEntity
  8
C-CURB
100
AcDbPolyline
 90
2
 70
0
 10
-11.5
 20
-139.82658933067853
 10
-11.5
 20
-22.5
  0
ARC
  5
5E8
330
5C8
100
AcDbEntity
  8
C-CURB
100
AcDbCircle
 10
-23.5
 20
-22.5
 30
0.0
 40
12.0
100
AcDbArc
 50
0.0
 51
90.0
  0
LWPOLYLINE
  5
5E9
330
5C8
100
AcDbEntity
  8
C-PED
100
AcDbPolyline
 90
2
 70
0
 10
-139.82658933067853
 20
-13.0
 10
-23.5
 20
-13.0
  0
LWPOLYLINE
  5
5EA
330
5C8
100
AcDbEntity
  8
C-PED
100
AcDbPolyline
 90
2
 70
0
 10
-14.0
 20
-139.82658933067853
 10
-14.0
 20
-22.5
  0
ARC
  5
5EB
330
5C8
100
AcDbEntity
  8
C-PED
100
AcDbCircle
 10
-23.5
 20
-22.5
 30
0.0
 40
9.5
100
AcDbArc
 50
0.0
 51
90.0
  0
LWPOLYLINE
  5
5EC
330
5C8
100
AcDbEntity
  8
C-PED
100
AcDbPolyline
 90
2
 70
0
 10
-139.82658933067853
 20
-15.0
 10
-23.5
 20
-15.0
  0
LWPOLYLINE
  5
5ED
330
5C8
100
AcDbEntity
  8
C-PED
100
AcDbPolyline
 90
2
 70
0
 10
-16.0
 20
-139.82658933067853
 10
-16.0
 20
-22.5
  0
ARC
  5
5EE
330
5C8
100
AcDbEntity
  8
C-PED
100
AcDbCircle
 10
-23.5
 20
-22.5
 30
0.0
 40
7.5
100
AcDbArc
 50
0.0
 51
90.0
  0
LWPOLYLINE
  5
5EF
330
5C8
100
AcDbEntity
  8
C-MARK-YELW
100
AcDbPolyline
 90
2
 70
0
 10
-139.82658933067853
 20
0.0
 10
-17.6
 20
0.0
  0
LWPOLYLINE
  5
5F0
330
5C8
100
AcDbEntity
  8
C-MARK-YELW
100
AcDbPolyline
 90
2
 70
0
 10
17.6
 20
0.0
 10
139.82658933067853
 20
0.0
  0
LWPOLYLINE
  5
5F1
330
5C8
100
AcDbEntity
  8
C-MARK-LANE
100
AcDbPolyline
 90
2
 70
0
 10
-139.82658933067853
 20
3.5
 10
-17.6
 20
3.5
  0
LWPOLYLINE
  5
5F2
330
5C8
100
AcDbEntity
  8
C-MARK-LANE
100
AcDbPolyline
 90
2
 70
0
 10
17.6
 20
3.5
 10
139.82658933067853
 20
3.5
  0
LWPOLYLINE
  5
5F3
330
5C8
100
AcDbEntity
  8
C-MARK-LANE
100
AcDbPolyline
 90
2
 70
0
 10
-139.82658933067853
 20
-3.5
 10
-17.6
 20
-3.5
  0
LWPOLYLINE
  5
5F4
330
5C8
100
AcDbEntity
  8
C-MARK-LANE
100
AcDbPolyline
 90
2
 70
0
 10
17.6
 20
-3.5
 10
139.82658933067853
 20
-3.5
  0
LWPOLYLINE
  5
5F5
330
5C8
100
AcDbEntity
  8
C-MARK-LANE
100
AcDbPolyline
 90
2
 70
0
 10
-139.82658933067853
 20
7.0
 10
-17.6
 20
7.0
  0
LWPOLYLINE
  5
5F6
330
5C8
100
AcDbEntity
  8
C-MARK-LANE
100
AcDbPolyline
 90
2
 70
0
 10
17.6
 20
7.0
 10
139.82658933067853
 20
7.0
  0
LWPOLYLINE
  5
5F7
330
5C8
100
AcDbEntity
  8
C-MARK-LANE
100
AcDbPolyline
 90
2
 70
0
 10
-139.82658933067853
 20
-7.0
 10
-17.6
 20
-7.0
  0
LWPOLYLINE
  5
5F8
330
5C8
100
AcDbEntity
  8
C-MARK-LANE
100
AcDbPolyline
 90
2
 70
0
 10
17.6
 20
-7.0
 10
139.82658933067853
 20
-7.0
  0
LWPOLYLINE
  5
5F9
330
5C8
100
AcDbEntity
  8
C-MARK-LANE
100
AcDbPolyline
 90
2
 70
0
 10
4.5
 20
-139.82658933067853
 10
4.5
 20
-16.6
  0
LWPOLYLINE
  5
5FA
330
5C8
100
AcDbEntity
  8
C-MARK-LANE
100
AcDbPolyline
 90
2
 70
0
 10
4.5
 20
16.6
 10
4.5
 20
139.82658933067853
  0
LWPOLYLINE
  5
5FB
330
5C8
100
AcDbEntity
  8
C-MARK-LANE
100
AcDbPolyline
 90
2
 70
0
 10
-4.5
 20
-139.82658933067853
 10
-4.5
 20
-16.6
  0
LWPOLYLINE
  5
5FC
330
5C8
100
AcDbEntity
  8
C-MARK-LANE
100
AcDbPolyline
 90
2
 70
0
 10
-4.5
 20
16.6
 10
-4.5
 20
139.82658933067853
  0
LWPOLYLINE
  5
5FD
330
5C8
100
AcDbEntity
  8
C-MARK-LANE
100
AcDbPolyline
 90
2
 70
0
 10
8.0
 20
-139.82658933067853
 10
8.0
 20
-16.6
  0
LWPOLYLINE
  5
5FE
330
5C8
100
AcDbEntity
  8
C-MARK-LANE
100
AcDbPolyline
 90
2
 70
0
 10
8.0
 20
16.6
 10
8.0
 20
139.82658933067853
  0
LWPOLYLINE
  5
5FF
330
5C8
100
AcDbEntity
  8
C-MARK-LANE
100
AcDbPolyline
 90
2
 70
0
 10
-8.0
 20
-139.82658933067853
 10
-8.0
 20
-16.6
  0
LWPOLYLINE
  5
600
330
5C8
100
AcDbEntity
  8
C-MARK-LANE
100
AcDbPolyline
 90
2
 70
0
 10
-8.0
 20
16.6
 10
-8.0
 20
139.82658933067853
  0
LWPOLYLINE
  5
601
330
5C8
100
AcDbEntity
  8
C-MARK-EXT
100
AcDbPolyline
 90
2
 70
0
 10
-13.0
 20
3.5
 10
13.0
 20
3.5
  0
LWPOLYLINE
  5
602
330
5C8
100
AcDbEntity
  8
C-MARK-EXT
100
AcDbPolyline
 90
2
 70
0
 10
-13.0
 20
-3.5
 10
13.0
 20
-3.5
  0
LWPOLYLINE
  5
603
330
5C8
100
AcDbEntity
  8
C-MARK-EXT
100
AcDbPolyline
 90
2
 70
0
 10
-13.0
 20
7.0
 10
13.0
 20
7.0
  0
LWPOLYLINE
  5
604
330
5C8
100
AcDbEntity
  8
C-MARK-EXT
100
AcDbPolyline
 90
2
 70
0
 10
-13.0
 20
-7.0
 10
13.0
 20
-7.0
  0
LWPOLYLINE
  5
605
330
5C8
100
AcDbEntity
  8
C-MARK-EXT
100
AcDbPolyline
 90
2
 70
0
 10
4.5
 20
-12.0
 10
4.5
 20
12.0
  0
LWPOLYLINE
  5
606
330
5C8
100
AcDbEntity
  8
C-MARK-EXT
100
AcDbPolyline
 90
2
 70
0
 10
-4.5
 20
-12.0
 10
-4.5
 20
12.0
  0
LWPOLYLINE
  5
607
330
5C8
100
AcDbEntity
  8
C-MARK-EXT
100
AcDbPolyline
 90
2
 70
0
 10
8.0
 20
-12.0
 10
8.0
 20
12.0
  0
LWPOLYLINE
  5
608
330
5C8
100
AcDbEntity
  8
C-MARK-EXT
100
AcDbPolyline
 90
2
 70
0
 10
-8.0
 20
-12.0
 10
-8.0
 20
12.0
  0
LWPOLYLINE
  5
609
330
5C8
100
AcDbEntity
  8
C-MARK-STOP
100
AcDbPolyline
 90
4
 70
1
 10
-17.6
 20
-10.5
 10
-17.0
 20
-10.5
 10
-17.0
 20
-0.0
 10
-17.6
 20
-0.0
  0
HATCH
  5
60A
330
5C8
100
AcDbEntity
  8
C-MARK-STOP
 62
7
100
AcDbHatch
 10
0.0
 20
0.0
 30
0.0
210
0.0
220
0.0
230
1.0
  2
SOLID
 70
1
 71
0
 91
1
 92
3
 72
0
 73
1
 93
4
 10
-17.6
 20
-10.5
 10
-17.0
 20
-10.5
 10
-17.0
 20
-0.0
 10
-17.6
 20
-0.0
 97
0
 75
0
 76
1
 98
0
  0
LWPOLYLINE
  5
60B
330
5C8
100
AcDbEntity
  8
C-MARK-STOP
100
AcDbPolyline
 90
4
 70
1
 10
17.0
 20
0.0
 10
17.6
 20
0.0
 10
17.6
 20
10.5
 10
17.0
 20
10.5
  0
HATCH
  5
60C
330
5C8
100
AcDbEntity
  8
C-MARK-STOP
 62
7
100
AcDbHatch
 10
0.0
 20
0.0
 30
0.0
210
0.0
220
0.0
230
1.0
  2
SOLID
 70
1
 71
0
 91
1
 92
3
 72
0
 73
1
 93
4
 10
17.0
 20
0.0
 10
17.6
 20
0.0
 10
17.6
 20
10.5
 10
17.0
 20
10.5
 97
0
 75
0
 76
1
 98
0
  0
LWPOLYLINE
  5
60D
330
5C8
100
AcDbEntity
  8
C-MARK-STOP
100
AcDbPolyline
 90
4
 70
1
 10
1.0
 20
-16.6
 10
11.5
 20
-16.6
 10
11.5
 20
-16.0
 10
1.0
 20
-16.0
  0
HATCH
  5
60E
330
5C8
100
AcDbEntity
  8
C-MARK-STOP
 62
7
100
AcDbHatch
 10
0.0
 20
0.0
 30
0.0
210
0.0
220
0.0
230
1.0
  2
SOLID
 70
1
 71
0
 91
1
 92
3
 72
0
 73
1
 93
4
 10
1.0
 20
-16.6
 10
11.5
 20
-16.6
 10
11.5
 20
-16.0
 10
1.0
 20
-16.0
 97
0
 75
0
 76
1
 98
0
  0
LWPOLYLINE
  5
60F
330
5C8
100
AcDbEntity
  8
C-MARK-STOP
100
AcDbPolyline
 90
4
 70
1
 10
-11.5
 20
16.0
 10
-1.0
 20
16.0
 10
-1.0
 20
16.6
 10
-11.5
 20
16.6
  0
HATCH
  5
610
330
5C8
100
AcDbEntity
  8
C-MARK-STOP
 62
7
100
AcDbHatch
 10
0.0
 20
0.0
 30
0.0
210
0.0
220
0.0
230
1.0
  2
SOLID
 70
1
 71
0
 91
1
 92
3
 72
0
 73
1
 93
4
 10
-11.5
 20
16.0
 10
-1.0
 20
16.0
 10
-1.0
 20
16.6
 10
-11.5
 20
16.6
 97
0
 75
0
 76
1
 98
0
  0
LWPOLYLINE
  5
611
330
5C8
100
AcDbEntity
  8
C-MARK
100
AcDbPolyline
 90
2
 70
0
 10
-16.0
 20
-10.5
 10
-13.0
 20
-10.5
  0
LWPOLYLINE
  5
612
330
5C8
100
AcDbEntity
  8
C-MARK
100
AcDbPolyline
 90
2
 70
0
 10
-16.0
 20
10.5
 10
-13.0
 20
10.5
  0
LWPOLYLINE
  5
613
330
5C8
100
AcDbEntity
  8
C-MARK
100
AcDbPolyline
 90
4
 70
1
 10
-16.0
 20
-10.0
 10
-13.0
 20
-10.0
 10
-13.0
 20
-9.5
 10
-16.0
 20
-9.5
  0
LWPOLYLINE
  5
614
330
5C8
100
AcDbEntity
  8
C-MARK
100
AcDbPolyline
 90
4
 70
1
 10
-16.0
 20
-9.0
 10
-13.0
 20
-9.0
 10
-13.0
 20
-8.5
 10
-16.0
 20
-8.5
  0
LWPOLYLINE
  5
615
330
5C8
100
AcDbEntity
  8
C-MARK
100
AcDbPolyline
 90
4
 70
1
 10
-16.0
 20
-8.0
 10
-13.0
 20
-8.0
 10
-13.0
 20
-7.5
 10
-16.0
 20
-7.5
  0
LWPOLYLINE
  5
616
330
5C8
100
AcDbEntity
  8
C-MARK
100
AcDbPolyline
 90
4
 70
1
 10
-16.0
 20
-7.0
 10
-13.0
 20
-7.0
 10
-13.0
 20
-6.5
 10
-16.0
 20
-6.5
  0
LWPOLYLINE
  5
617
330
5C8
100
AcDbEntity
  8
C-MARK
100
AcDbPolyline
 90
4
 70
1
 10
-16.0
 20
-6.0
 10
-13.0
 20
-6.0
 10
-13.0
 20
-5.5
 10
-16.0
 20
-5.5
  0
LWPOLYLINE
  5
618
330
5C8
100
AcDbEntity
  8
C-MARK
100
AcDbPolyline
 90
4
 70
1
 10
-16.0
 20
-5.0
 10
-13.0
 20
-5.0
 10
-13.0
 20
-4.5
 10
-16.0
 20
-4.5
  0
LWPOLYLINE
  5
619
330
5C8
100
AcDbEntity
  8
C-MARK
100
AcDbPolyline
 90
4
 70
1
 10
-16.0
 20
-4.0
 10
-13.0
 20
-4.0
 10
-13.0
 20
-3.5
 10
-16.0
 20
-3.5
  0
LWPOLYLINE
  5
61A
330
5C8
100
AcDbEntity
  8
C-MARK
100
AcDbPolyline
 90
4
 70
1
 10
-16.0
 20
-3.0
 10
-13.0
 20
-3.0
 10
-13.0
 20
-2.5
 10
-16.0
 20
-2.5
  0
LWPOLYLINE
  5
61B
330
5C8
100
AcDbEntity
  8
C-MARK
100
AcDbPolyline
 90
4
 70
1
 10
-16.0
 20
-2.0
 10
-13.0
 20
-2.0
 10
-13.0
 20
-1.5
 10
-16.0
 20
-1.5
  0
LWPOLYLINE
  5
61C
330
5C8
100
AcDbEntity
  8
C-MARK
100
AcDbPolyline
 90
4
 70
1
 10
-16.0
 20
-1.0
 10
-13.0
 20
-1.0
 10
-13.0
 20
-0.5
 10
-16.0
 20
-0.5
  0
LWPOLYLINE
  5
61D
330
5C8
100
AcDbEntity
  8
C-MARK
100
AcDbPolyline
 90
4
 70
1
 10
-16.0
 20
0.0
 10
-13.0
 20
0.0
 10
-13.0
 20
0.5
 10
-16.0
 20
0.5
  0
LWPOLYLINE
  5
61E
330
5C8
100
AcDbEntity
  8
C-MARK
100
AcDbPolyline
 90
4
 70
1
 10
-16.0
 20
1.0
 10
-13.0
 20
1.0
 10
-13.0
 20
1.5
 10
-16.0
 20
1.5
  0
LWPOLYLINE
  5
61F
330
5C8
100
AcDbEntity
  8
C-MARK
100
AcDbPolyline
 90
4
 70
1
 10
-16.0
 20
2.0
 10
-13.0
 20
2.0
 10
-13.0
 20
2.5
 10
-16.0
 20
2.5
  0
LWPOLYLINE
  5
620
330
5C8
100
AcDbEntity
  8
C-MARK
100
AcDbPolyline
 90
4
 70
1
 10
-16.0
 20
3.0
 10
-13.0
 20
3.0
 10
-13.0
 20
3.5
 10
-16.0
 20
3.5
  0
LWPOLYLINE
  5
621
330
5C8
100
AcDbEntity
  8
C-MARK
100
AcDbPolyline
 90
4
 70
1
 10
-16.0
 20
4.0
 10
-13.0
 20
4.0
 10
-13.0
 20
4.5
 10
-16.0
 20
4.5
  0
LWPOLYLINE
  5
622
330
5C8
100
AcDbEntity
  8
C-MARK
100
AcDbPolyline
 90
4
 70
1
 10
-16.0
 20
5.0
 10
-13.0
 20
5.0
 10
-13.0
 20
5.5
 10
-16.0
 20
5.5
  0
LWPOLYLINE
  5
623
330
5C8
100
AcDbEntity
  8
C-MARK
100
AcDbPolyline
 90
4
 70
1
 10
-16.0
 20
6.0
 10
-13.0
 20
6.0
 10
-13.0
 20
6.5
 10
-16.0
 20
6.5
  0
LWPOLYLINE
  5
624
330
5C8
100
AcDbEntity
  8
C-MARK
100
AcDbPolyline
 90
4
 70
1
 10
-16.0
 20
7.0
 10
-13.0
 20
7.0
 10
-13.0
 20
7.5
 10
-16.0
 20
7.5
  0
LWPOLYLINE
  5
625
330
5C8
100
AcDbEntity
  8
C-MARK
100
AcDbPolyline
 90
4
 70
1
 10
-16.0
 20
8.0
 10
-13.0
 20
8.0
 10
-13.0
 20
8.5
 10
-16.0
 20
8.5
  0
LWPOLYLINE
  5
626
330
5C8
100
AcDbEntity
  8
C-MARK
100
AcDbPolyline
 90
4
 70
1
 10
-16.0
 20
9.0
 10
-13.0
 20
9.0
 10
-13.0
 20
9.5
 10
-16.0
 20
9.5
  0
LWPOLYLINE
  5
627
330
5C8
100
AcDbEntity
  8
C-MARK
100
AcDbPolyline
 90
2
 70
0
 10
13.0
 20
-10.5
 10
16.0
 20
-10.5
  0
LWPOLYLINE
  5
628
330
5C8
100
AcDbEntity
  8
C-MARK
100
AcDbPolyline
 90
2
 70
0
 10
13.0
 20
10.5
 10
16.0
 20
10.5
  0
LWPOLYLINE
  5
629
330
5C8
100
AcDbEntity
  8
C-MARK
100
AcDbPolyline
 90
4
 70
1
 10
13.0
 20
-10.0
 10
16.0
 20
-10.0
 10
16.0
 20
-9.5
 10
13.0
 20
-9.5
  0
LWPOLYLINE
  5
62A
330
5C8
100
AcDbEntity
  8
C-MARK
100
AcDbPolyline
 90
4
 70
1
 10
13.0
 20
-9.0
 10
16.0
 20
-9.0
 10
16.0
 20
-8.5
 10
13.0
 20
-8.5
  0
LWPOLYLINE
  5
62B
330
5C8
100
AcDbEntity
  8
C-MARK
100
AcDbPolyline
 90
4
 70
1
 10
13.0
 20
-8.0
 10
16.0
 20
-8.0
 10
16.0
 20
-7.5
 10
13.0
 20
-7.5
  0
LWPOLYLINE
  5
62C
330
5C8
100
AcDbEntity
  8
C-MARK
100
AcDbPolyline
 90
4
 70
1
 10
13.0
 20
-7.0
 10
16.0
 20
-7.0
 10
16.0
 20
-6.5
 10
13.0
 20
-6.5
  0
LWPOLYLINE
  5
62D
330
5C8
100
AcDbEntity
  8
C-MARK
100
AcDbPolyline
 90
4
 70
1
 10
13.0
 20
-6.0
 10
16.0
 20
-6.0
 10
16.0
 20
-5.5
 10
13.0
 20
-5.5
  0
LWPOLYLINE
  5
62E
330
5C8
100
AcDbEntity
  8
C-MARK
100
AcDbPolyline
 90
4
 70
1
 10
13.0
 20
-5.0
 10
16.0
 20
-5.0
 10
16.0
 20
-4.5
 10
13.0
 20
-4.5
  0
LWPOLYLINE
  5
62F
330
5C8
100
AcDbEntity
  8
C-MARK
100
AcDbPolyline
 90
4
 70
1
 10
13.0
 20
-4.0
 10
16.0
 20
-4.0
 10
16.0
 20
-3.5
 10
13.0
 20
-3.5
  0
LWPOLYLINE
  5
630
330
5C8
100
AcDbEntity
  8
C-MARK
100
AcDbPolyline
 90
4
 70
1
 10
13.0
 20
-3.0
 10
16.0
 20
-3.0
 10
16.0
 20
-2.5
 10
13.0
 20
-2.5
  0
LWPOLYLINE
  5
631
330
5C8
100
AcDbEntity
  8
C-MARK
100
AcDbPolyline
 90
4
 70
1
 10
13.0
 20
-2.0
 10
16.0
 20
-2.0
 10
16.0
 20
-1.5
 10
13.0
 20
-1.5
  0
LWPOLYLINE
  5
632
330
5C8
100
AcDbEntity
  8
C-MARK
100
AcDbPolyline
 90
4
 70
1
 10
13.0
 20
-1.0
 10
16.0
 20
-1.0
 10
16.0
 20
-0.5
 10
13.0
 20
-0.5
  0
LWPOLYLINE
  5
633
330
5C8
100
AcDbEntity
  8
C-MARK
100
AcDbPolyline
 90
4
 70
1
 10
13.0
 20
0.0
 10
16.0
 20
0.0
 10
16.0
 20
0.5
 10
13.0
 20
0.5
  0
LWPOLYLINE
  5
634
330
5C8
100
AcDbEntity
  8
C-MARK
100
AcDbPolyline
 90
4
 70
1
 10
13.0
 20
1.0
 10
16.0
 20
1.0
 10
16.0
 20
1.5
 10
13.0
 20
1.5
  0
LWPOLYLINE
  5
635
330
5C8
100
AcDbEntity
  8
C-MARK
100
AcDbPolyline
 90
4
 70
1
 10
13.0
 20
2.0
 10
16.0
 20
2.0
 10
16.0
 20
2.5
 10
13.0
 20
2.5
  0
LWPOLYLINE
  5
636
330
5C8
100
AcDbEntity
  8
C-MARK
100
AcDbPolyline
 90
4
 70
1
 10
13.0
 20
3.0
 10
16.0
 20
3.0
 10
16.0
 20
3.5
 10
13.0
 20
3.5
  0
LWPOLYLINE
  5
637
330
5C8
100
AcDbEntity
  8
C-MARK
100
AcDbPolyline
 90
4
 70
1
 10
13.0
 20
4.0
 10
16.0
 20
4.0
 10
16.0
 20
4.5
 10
13.0
 20
4.5
  0
LWPOLYLINE
  5
638
330
5C8
100
AcDbEntity
  8
C-MARK
100
AcDbPolyline
 90
4
 70
1
 10
13.0
 20
5.0
 10
16.0
 20
5.0
 10
16.0
 20
5.5
 10
13.0
 20
5.5
  0
LWPOLYLINE
  5
639
330
5C8
100
AcDbEntity
  8
C-MARK
100
AcDbPolyline
 90
4
 70
1
 10
13.0
 20
6.0
 10
16.0
 20
6.0
 10
16.0
 20
6.5
 10
13.0
 20
6.5
  0
LWPOLYLINE
  5
63A
330
5C8
100
AcDbEntity
  8
C-MARK
100
AcDbPolyline
 90
4
 70
1
 10
13.0
 20
7.0
 10
16.0
 20
7.0
 10
16.0
 20
7.5
 10
13.0
 20
7.5
  0
LWPOLYLINE
  5
63B
330
5C8
100
AcDbEntity
  8
C-MARK
100
AcDbPolyline
 90
4
 70
1
 10
13.0
 20
8.0
 10
16.0
 20
8.0
 10
16.0
 20
8.5
 10
13.0
 20
8.5
  0
LWPOLYLINE
  5
63C
330
5C8
100
AcDbEntity
  8
C-MARK
100
AcDbPolyline
 90
4
 70
1
 10
13.0
 20
9.0
 10
16.0
 20
9.0
 10
16.0
 20
9.5
 10
13.0
 20
9.5
  0
LWPOLYLINE
  5
63D
330
5C8
100
AcDbEntity
  8
C-MARK
100
AcDbPolyline
 90
2
 70
0
 10
-11.5
 20
-15.0
 10
11.5
 20
-15.0
  0
LWPOLYLINE
  5
63E
330
5C8
100
AcDbEntity
  8
C-MARK
100
AcDbPolyline
 90
2
 70
0
 10
-11.5
 20
-12.0
 10
11.5
 20
-12.0
  0
LWPOLYLINE
  5
63F
330
5C8
100
AcDbEntity
  8
C-MARK
100
AcDbPolyline
 90
4
 70
1
 10
-11.0
 20
-15.0
 10
-10.5
 20
-15.0
 10
-10.5
 20
-12.0
 10
-11.0
 20
-12.0
  0
LWPOLYLINE
  5
640
330
5C8
100
AcDbEntity
  8
C-MARK
100
AcDbPolyline
 90
4
 70
1
 10
-10.0
 20
-15.0
 10
-9.5
 20
-15.0
 10
-9.5
 20
-12.0
 10
-10.0
 20
-12.0
  0
LWPOLYLINE
  5
641
330
5C8
100
AcDbEntity
  8
C-MARK
100
AcDbPolyline
 90
4
 70
1
 10
-9.0
 20
-15.0
 10
-8.5
 20
-15.0
 10
-8.5
 20
-12.0
 10
-9.0
 20
-12.0
  0
LWPOLYLINE
  5
642
330
5C8
100
AcDbEntity
  8
C-MARK
100
AcDbPolyline
 90
4
 70
1
 10
-8.0
 20
-15.0
 10
-7.5
 20
-15.0
 10
-7.5
 20
-12.0
 10
-8.0
 20
-12.0
  0
LWPOLYLINE
  5
643
330
5C8
100
AcDbEntity
  8
C-MARK
100
AcDbPolyline
 90
4
 70
1
 10
-7.0
 20
-15.0
 10
-6.5
 20
-15.0
 10
-6.5
 20
-12.0
 10
-7.0
 20
-12.0
  0
LWPOLYLINE
  5
644
330
5C8
100
AcDbEntity
  8
C-MARK
100
AcDbPolyline
 90
4
 70
1
 10
-6.0
 20
-15.0
 10
-5.5
 20
-15.0
 10
-5.5
 20
-12.0
 10
-6.0
 20
-12.0
  0
LWPOLYLINE
  5
645
330
5C8
100
AcDbEntity
  8
C-MARK
100
AcDbPolyline
 90
4
 70
1
 10
-5.0
 20
-15.0
 10
-4.5
 20
-15.0
 10
-4.5
 20
-12.0
 10
-5.0
 20
-12.0
  0
LWPOLYLINE
  5
646
330
5C8
100
AcDbEntity
  8
C-MARK
100
AcDbPolyline
 90
4
 70
1
 10
-4.0
 20
-15.0
 10
-3.5
 20
-15.0
 10
-3.5
 20
-12.0
 10
-4.0
 20
-12.0
  0
LWPOLYLINE
  5
647
330
5C8
100
AcDbEntity
  8
C-MARK
100
AcDbPolyline
 90
4
 70
1
 10
-3.0
 20
-15.0
 10
-2.5
 20
-15.0
 10
-2.5
 20
-12.0
 10
-3.0
 20
-12.0
  0
LWPOLYLINE
  5
648
330
5C8
100
AcDbEntity
  8
C-MARK
100
AcDbPolyline
 90
4
 70
1
 10
-2.0
 20
-15.0
 10
-1.5
 20
-15.0
 10
-1.5
 20
-12.0
 10
-2.0
 20
-12.0
  0
LWPOLYLINE
  5
649
330
5C8
100
AcDbEntity
  8
C-MARK
100
AcDbPolyline
 90
4
 70
1
 10
-1.0
 20
-15.0
 10
-0.5
 20
-15.0
 10
-0.5
 20
-12.0
 10
-1.0
 20
-12.0
  0
LWPOLYLINE
  5
64A
330
5C8
100
AcDbEntity
  8
C-MARK
100
AcDbPolyline
 90
4
 70
1
 10
0.0
 20
-15.0
 10
0.5
 20
-15.0
 10
0.5
 20
-12.0
 10
0.0
 20
-12.0
  0
LWPOLYLINE
  5
64B
330
5C8
100
AcDbEntity
  8
C-MARK
100
AcDbPolyline
 90
4
 70
1
 10
1.0
 20
-15.0
 10
1.5
 20
-15.0
 10
1.5
 20
-12.0
 10
1.0
 20
-12.0
  0
LWPOLYLINE
  5
64C
330
5C8
100
AcDbEntity
  8
C-MARK
100
AcDbPolyline
 90
4
 70
1
 10
2.0
 20
-15.0
 10
2.5
 20
-15.0
 10
2.5
 20
-12.0
 10
2.0
 20
-12.0
  0
LWPOLYLINE
  5
64D
330
5C8
100
AcDbEntity
  8
C-MARK
100
AcDbPolyline
 90
4
 70
1
 10
3.0
 20
-15.0
 10
3.5
 20
-15.0
 10
3.5
 20
-12.0
 10
3.0
 20
-12.0
  0
LWPOLYLINE
  5
64E
330
5C8
100
AcDbEntity
  8
C-MARK
100
AcDbPolyline
 90
4
 70
1
 10
4.0
 20
-15.0
 10
4.5
 20
-15.0
 10
4.5
 20
-12.0
 10
4.0
 20
-12.0
  0
LWPOLYLINE
  5
64F
330
5C8
100
AcDbEntity
  8
C-MARK
100
AcDbPolyline
 90
4
 70
1
 10
5.0
 20
-15.0
 10
5.5
 20
-15.0
 10
5.5
 20
-12.0
 10
5.0
 20
-12.0
  0
LWPOLYLINE
  5
650
330
5C8
100
AcDbEntity
  8
C-MARK
100
AcDbPolyline
 90
4
 70
1
 10
6.0
 20
-15.0
 10
6.5
 20
-15.0
 10
6.5
 20
-12.0
 10
6.0
 20
-12.0
  0
LWPOLYLINE
  5
651
330
5C8
100
AcDbEntity
  8
C-MARK
100
AcDbPolyline
 90
4
 70
1
 10
7.0
 20
-15.0
 10
7.5
 20
-15.0
 10
7.5
 20
-12.0
 10
7.0
 20
-12.0
  0
LWPOLYLINE
  5
652
330
5C8
100
AcDbEntity
  8
C-MARK
100
AcDbPolyline
 90
4
 70
1
 10
8.0
 20
-15.0
 10
8.5
 20
-15.0
 10
8.5
 20
-12.0
 10
8.0
 20
-12.0
  0
LWPOLYLINE
  5
653
330
5C8
100
AcDbEntity
  8
C-MARK
100
AcDbPolyline
 90
4
 70
1
 10
9.0
 20
-15.0
 10
9.5
 20
-15.0
 10
9.5
 20
-12.0
 10
9.0
 20
-12.0
  0
LWPOLYLINE
  5
654
330
5C8
100
AcDbEntity
  8
C-MARK
100
AcDbPolyline
 90
4
 70
1
 10
10.0
 20
-15.0
 10
10.5
 20
-15.0
 10
10.5
 20
-12.0
 10
10.0
 20
-12.0
  0
LWPOLYLINE
  5
655
330
5C8
100
AcDbEntity
  8
C-MARK
100
AcDbPolyline
 90
2
 70
0
 10
-11.5
 20
12.0
 10
11.5
 20
12.0
  0
LWPOLYLINE
  5
656
330
5C8
100
AcDbEntity
  8
C-MARK
100
AcDbPolyline
 90
2
 70
0
 10
-11.5
 20
15.0
 10
11.5
 20
15.0
  0
LWPOLYLINE
  5
657
330
5C8
100
AcDbEntity
  8
C-MARK
100
AcDbPolyline
 90
4
 70
1
 10
-11.0
 20
12.0
 10
-10.5
 20
12.0
 10
-10.5
 20
15.0
 10
-11.0
 20
15.0
  0
LWPOLYLINE
  5
658
330
5C8
100
AcDbEntity
  8
C-MARK
100
AcDbPolyline
 90
4
 70
1
 10
-10.0
 20
12.0
 10
-9.5
 20
12.0
 10
-9.5
 20
15.0
 10
-10.0
 20
15.0
  0
LWPOLYLINE
  5
659
330
5C8
100
AcDbEntity
  8
C-MARK
100
AcDbPolyline
 90
4
 70
1
 10
-9.0
 20
12.0
 10
-8.5
 20
12.0
 10
-8.5
 20
15.0
 10
-9.0
 20
15.0
  0
LWPOLYLINE
  5
65A
330
5C8
100
AcDbEntity
  8
C-MARK
100
AcDbPolyline
 90
4
 70
1
 10
-8.0
 20
12.0
 10
-7.5
 20
12.0
 10
-7.5
 20
15.0
 10
-8.0
 20
15.0
  0
LWPOLYLINE
  5
65B
330
5C8
100
AcDbEntity
  8
C-MARK
100
AcDbPolyline
 90
4
 70
1
 10
-7.0
 20
12.0
 10
-6.5
 20
12.0
 10
-6.5
 20
15.0
 10
-7.0
 20
15.0
  0
LWPOLYLINE
  5
65C
330
5C8
100
AcDbEntity
  8
C-MARK
100
AcDbPolyline
 90
4
 70
1
 10
-6.0
 20
12.0
 10
-5.5
 20
12.0
 10
-5.5
 20
15.0
 10
-6.0
 20
15.0
  0
LWPOLYLINE
  5
65D
330
5C8
100
AcDbEntity
  8
C-MARK
100
AcDbPolyline
 90
4
 70
1
 10
-5.0
 20
12.0
 10
-4.5
 20
12.0
 10
-4.5
 20
15.0
 10
-5.0
 20
15.0
  0
LWPOLYLINE
  5
65E
330
5C8
100
AcDbEntity
  8
C-MARK
100
AcDbPolyline
 90
4
 70
1
 10
-4.0
 20
12.0
 10
-3.5
 20
12.0
 10
-3.5
 20
15.0
 10
-4.0
 20
15.0
  0
LWPOLYLINE
  5
65F
330
5C8
100
AcDbEntity
  8
C-MARK
100
AcDbPolyline
 90
4
 70
1
 10
-3.0
 20
12.0
 10
-2.5
 20
12.0
 10
-2.5
 20
15.0
 10
-3.0
 20
15.0
  0
LWPOLYLINE
  5
660
330
5C8
100
AcDbEntity
  8
C-MARK
100
AcDbPolyline
 90
4
 70
1
 10
-2.0
 20
12.0
 10
-1.5
 20
12.0
 10
-1.5
 20
15.0
 10
-2.0
 20
15.0
  0
LWPOLYLINE
  5
661
330
5C8
100
AcDbEntity
  8
C-MARK
100
AcDbPolyline
 90
4
 70
1
 10
-1.0
 20
12.0
 10
-0.5
 20
12.0
 10
-0.5
 20
15.0
 10
-1.0
 20
15.0
  0
LWPOLYLINE
  5
662
330
5C8
100
AcDbEntity
  8
C-MARK
100
AcDbPolyline
 90
4
 70
1
 10
0.0
 20
12.0
 10
0.5
 20
12.0
 10
0.5
 20
15.0
 10
0.0
 20
15.0
  0
LWPOLYLINE
  5
663
330
5C8
100
AcDbEntity
  8
C-MARK
100
AcDbPolyline
 90
4
 70
1
 10
1.0
 20
12.0
 10
1.5
 20
12.0
 10
1.5
 20
15.0
 10
1.0
 20
15.0
  0
LWPOLYLINE
  5
664
330
5C8
100
AcDbEntity
  8
C-MARK
100
AcDbPolyline
 90
4
 70
1
 10
2.0
 20
12.0
 10
2.5
 20
12.0
 10
2.5
 20
15.0
 10
2.0
 20
15.0
  0
LWPOLYLINE
  5
665
330
5C8
100
AcDbEntity
  8
C-MARK
100
AcDbPolyline
 90
4
 70
1
 10
3.0
 20
12.0
 10
3.5
 20
12.0
 10
3.5
 20
15.0
 10
3.0
 20
15.0
  0
LWPOLYLINE
  5
666
330
5C8
100
AcDbEntity
  8
C-MARK
100
AcDbPolyline
 90
4
 70
1
 10
4.0
 20
12.0
 10
4.5
 20
12.0
 10
4.5
 20
15.0
 10
4.0
 20
15.0
  0
LWPOLYLINE
  5
667
330
5C8
100
AcDbEntity
  8
C-MARK
100
AcDbPolyline
 90
4
 70
1
 10
5.0
 20
12.0
 10
5.5
 20
12.0
 10
5.5
 20
15.0
 10
5.0
 20
15.0
  0
LWPOLYLINE
  5
668
330
5C8
100
AcDbEntity
  8
C-MARK
100
AcDbPolyline
 90
4
 70
1
 10
6.0
 20
12.0
 10
6.5
 20
12.0
 10
6.5
 20
15.0
 10
6.0
 20
15.0
  0
LWPOLYLINE
  5
669
330
5C8
100
AcDbEntity
  8
C-MARK
100
AcDbPolyline
 90
4
 70
1
 10
7.0
 20
12.0
 10
7.5
 20
12.0
 10
7.5
 20
15.0
 10
7.0
 20
15.0
  0
LWPOLYLINE
  5
66A
330
5C8
100
AcDbEntity
  8
C-MARK
100
AcDbPolyline
 90
4
 70
1
 10
8.0
 20
12.0
 10
8.5
 20
12.0
 10
8.5
 20
15.0
 10
8.0
 20
15.0
  0
LWPOLYLINE
  5
66B
330
5C8
100
AcDbEntity
  8
C-MARK
100
AcDbPolyline
 90
4
 70
1
 10
9.0
 20
12.0
 10
9.5
 20
12.0
 10
9.5
 20
15.0
 10
9.0
 20
15.0
  0
LWPOLYLINE
  5
66C
330
5C8
100
AcDbEntity
  8
C-MARK
100
AcDbPolyline
 90
4
 70
1
 10
10.0
 20
12.0
 10
10.5
 20
12.0
 10
10.5
 20
15.0
 10
10.0
 20
15.0
  0
INSERT
  5
66D
330
5C8
100
AcDbEntity
  8
C-MARK
100
AcDbBlockReference
  2
ARROW-L
 10
-26.0
 20
-1.75
 30
0.0
 50
270.0
  0
INSERT
  5
66F
330
5C8
100
AcDbEntity
  8
C-MARK
100
AcDbBlockReference
  2
ARROW-T
 10
-26.0
 20
-5.25
 30
0.0
 50
270.0
  0
INSERT
  5
671
330
5C8
100
AcDbEntity
  8
C-MARK
100
AcDbBlockReference
  2
ARROW-TR
 10
-26.0
 20
-8.75
 30
0.0
 50
270.0
  0
INSERT
  5
673
330
5C8
100
AcDbEntity
  8
C-MARK
100
AcDbBlockReference
  2
ARROW-L
 10
26.0
 20
1.75
 30
0.0
 50
90.0
  0
INSERT
  5
675
330
5C8
100
AcDbEntity
  8
C-MARK
100
AcDbBlockReference
  2
ARROW-T
 10
26.0
 20
5.25
 30
0.0
 50
90.0
  0
INSERT
  5
677
330
5C8
100
AcDbEntity
  8
C-MARK
100
AcDbBlockReference
  2
ARROW-TR
 10
26.0
 20
8.75
 30
0.0
 50
90.0
  0
INSERT
  5
679
330
5C8
100
AcDbEntity
  8
C-MARK
100
AcDbBlockReference
  2
ARROW-L
 10
2.75
 20
-25.0
 30
0.0
  0
INSERT
  5
67B
330
5C8
100
AcDbEntity
  8
C-MARK
100
AcDbBlockReference
  2
ARROW-T
 10
6.25
 20
-25.0
 30
0.0
  0
INSERT
  5
67D
330
5C8
100
AcDbEntity
  8
C-MARK
100
AcDbBlockReference
  2
ARROW-TR
 10
9.75
 20
-25.0
 30
0.0
  0
INSERT
  5
67F
330
5C8
100
AcDbEntity
  8
C-MARK
100
AcDbBlockReference
  2
ARROW-L
 10
-2.75
 20
25.0
 30
0.0
 50
180.0
  0
INSERT
  5
681
330
5C8
100
AcDbEntity
  8
C-MARK
100
AcDbBlockReference
  2
ARROW-T
 10
-6.25
 20
25.0
 30
0.0
 50
180.0
  0
INSERT
  5
683
330
5C8
100
AcDbEntity
  8
C-MARK
100
AcDbBlockReference
  2
ARROW-TR
 10
-9.75
 20
25.0
 30
0.0
 50
180.0
  0
INSERT
  5
685
330
5C8
100
AcDbEntity
  8
C-MARK
100
AcDbBlockReference
  2
ARROW-L
 10
-42.0
 20
-1.75
 30
0.0
 50
270.0
  0
INSERT
  5
687
330
5C8
100
AcDbEntity
  8
C-MARK
100
AcDbBlockReference
  2
ARROW-T
 10
-42.0
 20
-5.25
 30
0.0
 50
270.0
  0
INSERT
  5
689
330
5C8
100
AcDbEntity
  8
C-MARK
100
AcDbBlockReference
  2
ARROW-TR
 10
-42.0
 20
-8.75
 30
0.0
 50
270.0
  0
INSERT
  5
68B
330
5C8
100
AcDbEntity
  8
C-MARK
100
AcDbBlockReference
  2
ARROW-L
 10
42.0
 20
1.75
 30
0.0
 50
90.0
  0
INSERT
  5
68D
330
5C8
100
AcDbEntity
  8
C-MARK
100
AcDbBlockReference
  2
ARROW-T
 10
42.0
 20
5.25
 30
0.0
 50
90.0
  0
INSERT
  5
68F
330
5C8
100
AcDbEntity
  8
C-MARK
100
AcDbBlockReference
  2
ARROW-TR
 10
42.0
 20
8.75
 30
0.0
 50
90.0
  0
INSERT
  5
691
330
5C8
100
AcDbEntity
  8
C-MARK
100
AcDbBlockReference
  2
ARROW-L
 10
2.75
 20
-41.0
 30
0.0
  0
INSERT
  5
693
330
5C8
100
AcDbEntity
  8
C-MARK
100
AcDbBlockReference
  2
ARROW-T
 10
6.25
 20
-41.0
 30
0.0
  0
INSERT
  5
695
330
5C8
100
AcDbEntity
  8
C-MARK
100
AcDbBlockReference
  2
ARROW-TR
 10
9.75
 20
-41.0
 30
0.0
  0
INSERT
  5
697
330
5C8
100
AcDbEntity
  8
C-MARK
100
AcDbBlockReference
  2
ARROW-L
 10
-2.75
 20
41.0
 30
0.0
 50
180.0
  0
INSERT
  5
699
330
5C8
100
AcDbEntity
  8
C-MARK
100
AcDbBlockReference
  2
ARROW-T
 10
-6.25
 20
41.0
 30
0.0
 50
180.0
  0
INSERT
  5
69B
330
5C8
100
AcDbEntity
  8
C-MARK
100
AcDbBlockReference
  2
ARROW-TR
 10
-9.75
 20
41.0
 30
0.0
 50
180.0
  0
INSERT
  5
69D
330
5C8
100
AcDbEntity
  8
C-SGNL
100
AcDbBlockReference
  2
SIG-MASTARM
 10
-16.5
 20
17.5
 30
0.0
  0
INSERT
  5
69F
330
5C8
100
AcDbEntity
  8
C-SGNL
100
AcDbBlockReference
  2
SIG-MASTARM
 10
16.5
 20
17.5
 30
0.0
 50
270.0
  0
INSERT
  5
6A1
330
5C8
100
AcDbEntity
  8
C-SGNL
100
AcDbBlockReference
  2
SIG-MASTARM
 10
16.5
 20
-17.5
 30
0.0
 50
180.0
  0
INSERT
  5
6A3
330
5C8
100
AcDbEntity
  8
C-SGNL
100
AcDbBlockReference
  2
SIG-MASTARM
 10
-16.5
 20
-17.5
 30
0.0
 50
90.0
  0
INSERT
  5
6A5
330
5C8
100
AcDbEntity
  8
C-SGNL
100
AcDbBlockReference
  2
SIG-3SEC
 10
2.75
 20
17.0
 30
0.0
 50
180.0
  0
INSERT
  5
6A7
330
5C8
100
AcDbEntity
  8
C-SGNL
100
AcDbBlockReference
  2
SIG-3SEC
 10
6.25
 20
17.0
 30
0.0
 50
180.0
  0
INSERT
  5
6A9
330
5C8
100
AcDbEntity
  8
C-SGNL
100
AcDbBlockReference
  2
SIG-3SEC
 10
9.75
 20
17.0
 30
0.0
 50
180.0
  0
INSERT
  5
6AB
330
5C8
100
AcDbEntity
  8
C-SGNL
100
AcDbBlockReference
  2
SIG-3SEC
 10
-2.75
 20
-17.0
 30
0.0
  0
INSERT
  5
6AD
330
5C8
100
AcDbEntity
  8
C-SGNL
100
AcDbBlockReference
  2
SIG-3SEC
 10
-6.25
 20
-17.0
 30
0.0
  0
INSERT
  5
6AF
330
5C8
100
AcDbEntity
  8
C-SGNL
100
AcDbBlockReference
  2
SIG-3SEC
 10
-9.75
 20
-17.0
 30
0.0
  0
INSERT
  5
6B1
330
5C8
100
AcDbEntity
  8
C-SGNL
100
AcDbBlockReference
  2
SIG-3SEC
 10
21.5
 20
-1.75
 30
0.0
 50
90.0
  0
INSERT
  5
6B3
330
5C8
100
AcDbEntity
  8
C-SGNL
100
AcDbBlockReference
  2
SIG-3SEC
 10
21.5
 20
-5.25
 30
0.0
 50
90.0
  0
INSERT
  5
6B5
330
5C8
100
AcDbEntity
  8
C-SGNL
100
AcDbBlockReference
  2
SIG-3SEC
 10
21.5
 20
-8.75
 30
0.0
 50
90.0
  0
INSERT
  5
6B7
330
5C8
100
AcDbEntity
  8
C-SGNL
100
AcDbBlockReference
  2
SIG-3SEC
 10
-21.5
 20
1.75
 30
0.0
 50
270.0
  0
INSERT
  5
6B9
330
5C8
100
AcDbEntity
  8
C-SGNL
100
AcDbBlockReference
  2
SIG-3SEC
 10
-21.5
 20
5.25
 30
0.0
 50
270.0
  0
INSERT
  5
6BB
330
5C8
100
AcDbEntity
  8
C-SGNL
100
AcDbBlockReference
  2
SIG-3SEC
 10
-21.5
 20
8.75
 30
0.0
 50
270.0
  0
INSERT
  5
6BD
330
5C8
100
AcDbEntity
  8
C-SGNL
100
AcDbBlockReference
  2
SIG-PED
 10
-13.5
 20
18.0
 30
0.0
  0
INSERT
  5
6BF
330
5C8
100
AcDbEntity
  8
C-SGNL
100
AcDbBlockReference
  2
SIG-PED
 10
-19.0
 20
12.5
 30
0.0
 50
270.0
  0
INSERT
  5
6C1
330
5C8
100
AcDbEntity
  8
C-SGNL
100
AcDbBlockReference
  2
SIG-PB
 10
-13.5
 20
15.0
 30
0.0
  0
INSERT
  5
6C3
330
5C8
100
AcDbEntity
  8
C-SGNL
100
AcDbBlockReference
  2
SIG-PB
 10
-16.0
 20
12.5
 30
0.0
  0
INSERT
  5
6C5
330
5C8
100
AcDbEntity
  8
C-PED
100
AcDbBlockReference
  2
CURB-RAMP-TWSI
 10
-15.325
 20
9.79
 30
0.0
  0
INSERT
  5
6C7
330
5C8
100
AcDbEntity
  8
C-PED
100
AcDbBlockReference
  2
CURB-RAMP-TWSI
 10
-10.79
 20
14.325
 30
0.0
 50
270.0
  0
INSERT
  5
6C9
330
5C8
100
AcDbEntity
  8
C-SGNL-UG
100
AcDbBlockReference
  2
SIG-JB
 10
-18.0
 20
16.0
 30
0.0
  0
INSERT
  5
6CB
330
5C8
100
AcDbEntity
  8
C-SGNL
100
AcDbBlockReference
  2
SIG-PED
 10
13.5
 20
18.0
 30
0.0
  0
INSERT
  5
6CD
330
5C8
100
AcDbEntity
  8
C-SGNL
100
AcDbBlockReference
  2
SIG-PED
 10
19.0
 20
12.5
 30
0.0
 50
90.0
  0
INSERT
  5
6CF
330
5C8
100
AcDbEntity
  8
C-SGNL
100
AcDbBlockReference
  2
SIG-PB
 10
13.5
 20
15.0
 30
0.0
  0
INSERT
  5
6D1
330
5C8
100
AcDbEntity
  8
C-SGNL
100
AcDbBlockReference
  2
SIG-PB
 10
16.0
 20
12.5
 30
0.0
  0
INSERT
  5
6D3
330
5C8
100
AcDbEntity
  8
C-PED
100
AcDbBlockReference
  2
CURB-RAMP-TWSI
 10
13.675
 20
9.79
 30
0.0
  0
INSERT
  5
6D5
330
5C8
100
AcDbEntity
  8
C-PED
100
AcDbBlockReference
  2
CURB-RAMP-TWSI
 10
10.79
 20
14.325
 30
0.0
 50
270.0
  0
INSERT
  5
6D7
330
5C8
100
AcDbEntity
  8
C-SGNL-UG
100
AcDbBlockReference
  2
SIG-JB
 10
18.0
 20
16.0
 30
0.0
  0
INSERT
  5
6D9
330
5C8
100
AcDbEntity
  8
C-SGNL
100
AcDbBlockReference
  2
SIG-PED
 10
13.5
 20
-18.0
 30
0.0
 50
180.0
  0
INSERT
  5
6DB
330
5C8
100
AcDbEntity
  8
C-SGNL
100
AcDbBlockReference
  2
SIG-PED
 10
19.0
 20
-12.5
 30
0.0
 50
90.0
  0
INSERT
  5
6DD
330
5C8
100
AcDbEntity
  8
C-SGNL
100
AcDbBlockReference
  2
SIG-PB
 10
13.5
 20
-15.0
 30
0.0
  0
INSERT
  5
6DF
330
5C8
100
AcDbEntity
  8
C-SGNL
100
AcDbBlockReference
  2
SIG-PB
 10
16.0
 20
-12.5
 30
0.0
  0
INSERT
  5
6E1
330
5C8
100
AcDbEntity
  8
C-PED
100
AcDbBlockReference
  2
CURB-RAMP-TWSI
 10
13.675
 20
-9.79
 30
0.0
  0
INSERT
  5
6E3
330
5C8
100
AcDbEntity
  8
C-PED
100
AcDbBlockReference
  2
CURB-RAMP-TWSI
 10
10.79
 20
-12.675
 30
0.0
 50
270.0
  0
INSERT
  5
6E5
330
5C8
100
AcDbEntity
  8
C-SGNL-UG
100
AcDbBlockReference
  2
SIG-JB
 10
18.0
 20
-16.0
 30
0.0
  0
INSERT
  5
6E7
330
5C8
100
AcDbEntity
  8
C-SGNL
100
AcDbBlockReference
  2
SIG-PED
 10
-13.5
 20
-18.0
 30
0.0
 50
180.0
  0
INSERT
  5
6E9
330
5C8
100
AcDbEntity
  8
C-SGNL
100
AcDbBlockReference
  2
SIG-PED
 10
-19.0
 20
-12.5
 30
0.0
 50
270.0
  0
INSERT
  5
6EB
330
5C8
100
AcDbEntity
  8
C-SGNL
100
AcDbBlockReference
  2
SIG-PB
 10
-13.5
 20
-15.0
 30
0.0
  0
INSERT
  5
6ED
330
5C8
100
AcDbEntity
  8
C-SGNL
100
AcDbBlockReference
  2
SIG-PB
 10
-16.0
 20
-12.5
 30
0.0
  0
INSERT
  5
6EF
330
5C8
100
AcDbEntity
  8
C-PED
100
AcDbBlockReference
  2
CURB-RAMP-TWSI
 10
-15.325
 20
-9.79
 30
0.0
  0
INSERT
  5
6F1
330
5C8
100
AcDbEntity
  8
C-PED
100
AcDbBlockReference
  2
CURB-RAMP-TWSI
 10
-10.79
 20
-12.675
 30
0.0
 50
270.0
  0
INSERT
  5
6F3
330
5C8
100
AcDbEntity
  8
C-SGNL-UG
100
AcDbBlockReference
  2
SIG-JB
 10
-18.0
 20
-16.0
 30
0.0
  0
LWPOLYLINE
  5
6F5
330
5C8
100
AcDbEntity
  8
C-SGNL-UG
100
AcDbPolyline
 90
5
 70
0
 10
-18.0
 20
16.0
 10
18.0
 20
16.0
 10
18.0
 20
-16.0
 10
-18.0
 20
-16.0
 10
-18.0
 20
16.0
  0
INSERT
  5
6F6
330
5C8
100
AcDbEntity
  8
C-SGNL
100
AcDbBlockReference
  2
SIG-CABINET
 10
-21.0
 20
20.0
 30
0.0
  0
LWPOLYLINE
  5
6F8
330
5C8
100
AcDbEntity
  8
C-SGNL-UG
100
AcDbPolyline
 90
2
 70
0
 10
-21.0
 20
20.0
 10
-18.0
 20
16.0
  0
INSERT
  5
6F9
330
5C8
100
AcDbEntity
  8
C-SGNL-DET
100
AcDbBlockReference
  2
DET-LOOP
 10
-21.0
 20
-1.75
 30
0.0
  0
INSERT
  5
6FB
330
5C8
100
AcDbEntity
  8
C-SGNL-DET
100
AcDbBlockReference
  2
DET-LOOP
 10
-21.0
 20
-5.25
 30
0.0
  0
INSERT
  5
6FD
330
5C8
100
AcDbEntity
  8
C-SGNL-DET
100
AcDbBlockReference
  2
DET-LOOP
 10
-21.0
 20
-8.75
 30
0.0
  0
INSERT
  5
6FF
330
5C8
100
AcDbEntity
  8
C-SGNL-DET
100
AcDbBlockReference
  2
DET-LOOP
 10
21.0
 20
1.75
 30
0.0
  0
INSERT
  5
701
330
5C8
100
AcDbEntity
  8
C-SGNL-DET
100
AcDbBlockReference
  2
DET-LOOP
 10
21.0
 20
5.25
 30
0.0
  0
INSERT
  5
703
330
5C8
100
AcDbEntity
  8
C-SGNL-DET
100
AcDbBlockReference
  2
DET-LOOP
 10
21.0
 20
8.75
 30
0.0
  0
INSERT
  5
705
330
5C8
100
AcDbEntity
  8
C-SGNL-DET
100
AcDbBlockReference
  2
DET-LOOP
 10
2.75
 20
-20.0
 30
0.0
  0
INSERT
  5
707
330
5C8
100
AcDbEntity
  8
C-SGNL-DET
100
AcDbBlockReference
  2
DET-LOOP
 10
6.25
 20
-20.0
 30
0.0
  0
INSERT
  5
709
330
5C8
100
AcDbEntity
  8
C-SGNL-DET
100
AcDbBlockReference
  2
DET-LOOP
 10
9.75
 20
-20.0
 30
0.0
  0
INSERT
  5
70B
330
5C8
100
AcDbEntity
  8
C-SGNL-DET
100
AcDbBlockReference
  2
DET-LOOP
 10
-2.75
 20
20.0
 30
0.0
  0
INSERT
  5
70D
330
5C8
100
AcDbEntity
  8
C-SGNL-DET
100
AcDbBlockReference
  2
DET-LOOP
 10
-6.25
 20
20.0
 30
0.0
  0
INSERT
  5
70F
330
5C8
100
AcDbEntity
  8
C-SGNL-DET
100
AcDbBlockReference
  2
DET-LOOP
 10
-9.75
 20
20.0
 30
0.0
  0
INSERT
  5
711
330
5C8
100
AcDbEntity
  8
C-SIGN
100
AcDbBlockReference
 66
1
  2
SIGN-POST
 10
-22.0
 20
20.0
 30
0.0
  0
ATTRIB
  5
713
330
5C8
100
AcDbEntity
  8
0
100
AcDbText
 10
-22.0
 20
21.3
 30
0.0
 40
0.9
  1
Rb-11
  7
ANNO
 72
1
 11
-22.0
 21
21.3
 31
0.0
100
AcDbAttribute
  2
CODE
 70
0
 74
2
  0
SEQEND
  5
712
330
711
100
AcDbEntity
  8
C-SIGN
  0
INSERT
  5
714
330
5C8
100
AcDbEntity
  8
C-SIGN
100
AcDbBlockReference
 66
1
  2
SIGN-POST
 10
22.0
 20
20.0
 30
0.0
  0
ATTRIB
  5
716
330
5C8
100
AcDbEntity
  8
0
100
AcDbText
 10
22.0
 20
21.3
 30
0.0
 40
0.9
  1
Rb-11
  7
ANNO
 72
1
 11
22.0
 21
21.3
 31
0.0
100
AcDbAttribute
  2
CODE
 70
0
 74
2
  0
SEQEND
  5
715
330
714
100
AcDbEntity
  8
C-SIGN
  0
INSERT
  5
717
330
5C8
100
AcDbEntity
  8
C-SIGN
100
AcDbBlockReference
 66
1
  2
SIGN-POST
 10
22.0
 20
-20.0
 30
0.0
  0
ATTRIB
  5
719
330
5C8
100
AcDbEntity
  8
0
100
AcDbText
 10
22.0
 20
-18.7
 30
0.0
 40
0.9
  1
Rb-11
  7
ANNO
 72
1
 11
22.0
 21
-18.7
 31
0.0
100
AcDbAttribute
  2
CODE
 70
0
 74
2
  0
SEQEND
  5
718
330
717
100
AcDbEntity
  8
C-SIGN
  0
INSERT
  5
71A
330
5C8
100
AcDbEntity
  8
C-SIGN
100
AcDbBlockReference
 66
1
  2
SIGN-POST
 10
-22.0
 20
-20.0
 30
0.0
  0
ATTRIB
  5
71C
330
5C8
100
AcDbEntity
  8
0
100
AcDbText
 10
-22.0
 20
-18.7
 30
0.0
 40
0.9
  1
Rb-11
  7
ANNO
 72
1
 11
-22.0
 21
-18.7
 31
0.0
100
AcDbAttribute
  2
CODE
 70
0
 74
2
  0
SEQEND
  5
71B
330
71A
100
AcDbEntity
  8
C-SIGN
  0
ENDBLK
  5
5CA
330
5C8
100
AcDbEntity
  8
0
100
AcDbBlockEnd
  0
BLOCK
  5
720
330
71F
100
AcDbEntity
  8
0
100
AcDbBlockBegin
  2
INT-2177
 70
0
 10
0.0
 20
0.0
 30
0.0
  3
INT-2177
  1

  0
LWPOLYLINE
  5
722
330
71F
100
AcDbEntity
  8
C-CURB
100
AcDbPolyline
 90
2
 70
0
 10
-139.82658933067853
 20
3.5
 10
-18.5
 20
3.5
  0
LWPOLYLINE
  5
723
330
71F
100
AcDbEntity
  8
C-CURB
100
AcDbPolyline
 90
2
 70
0
 10
-11.5
 20
139.82658933067853
 10
-11.5
 20
10.5
  0
ARC
  5
724
330
71F
100
AcDbEntity
  8
C-CURB
100
AcDbCircle
 10
-18.5
 20
10.5
 30
0.0
 40
7.0
100
AcDbArc
 50
270.0
 51
360.0
  0
LWPOLYLINE
  5
725
330
71F
100
AcDbEntity
  8
C-PED
100
AcDbPolyline
 90
2
 70
0
 10
-139.82658933067853
 20
6.0
 10
-18.5
 20
6.0
  0
LWPOLYLINE
  5
726
330
71F
100
AcDbEntity
  8
C-PED
100
AcDbPolyline
 90
2
 70
0
 10
-14.0
 20
139.82658933067853
 10
-14.0
 20
10.5
  0
ARC
  5
727
330
71F
100
AcDbEntity
  8
C-PED
100
AcDbCircle
 10
-18.5
 20
10.5
 30
0.0
 40
4.5
100
AcDbArc
 50
270.0
 51
360.0
  0
LWPOLYLINE
  5
728
330
71F
100
AcDbEntity
  8
C-PED
100
AcDbPolyline
 90
2
 70
0
 10
-139.82658933067853
 20
8.0
 10
-18.5
 20
8.0
  0
LWPOLYLINE
  5
729
330
71F
100
AcDbEntity
  8
C-PED
100
AcDbPolyline
 90
2
 70
0
 10
-16.0
 20
139.82658933067853
 10
-16.0
 20
10.5
  0
ARC
  5
72A
330
71F
100
AcDbEntity
  8
C-PED
100
AcDbCircle
 10
-18.5
 20
10.5
 30
0.0
 40
2.5
100
AcDbArc
 50
270.0
 51
360.0
  0
LWPOLYLINE
  5
72B
330
71F
100
AcDbEntity
  8
C-CURB
100
AcDbPolyline
 90
2
 70
0
 10
139.82658933067853
 20
3.5
 10
18.5
 20
3.5
  0
LWPOLYLINE
  5
72C
330
71F
100
AcDbEntity
  8
C-CURB
100
AcDbPolyline
 90
2
 70
0
 10
11.5
 20
139.82658933067853
 10
11.5
 20
10.5
  0
ARC
  5
72D
330
71F
100
AcDbEntity
  8
C-CURB
100
AcDbCircle
 10
18.5
 20
10.5
 30
0.0
 40
7.0
100
AcDbArc
 50
180.0
 51
270.0
  0
LWPOLYLINE
  5
72E
330
71F
100
AcDbEntity
  8
C-PED
100
AcDbPolyline
 90
2
 70
0
 10
139.82658933067853
 20
6.0
 10
18.5
 20
6.0
  0
LWPOLYLINE
  5
72F
330
71F
100
AcDbEntity
  8
C-PED
100
AcDbPolyline
 90
2
 70
0
 10
14.0
 20
139.82658933067853
 10
14.0
 20
10.5
  0
ARC
  5
730
330
71F
100
AcDbEntity
  8
C-PED
100
AcDbCircle
 10
18.5
 20
10.5
 30
0.0
 40
4.5
100
AcDbArc
 50
180.0
 51
270.0
  0
LWPOLYLINE
  5
731
330
71F
100
AcDbEntity
  8
C-PED
100
AcDbPolyline
 90
2
 70
0
 10
139.82658933067853
 20
8.0
 10
18.5
 20
8.0
  0
LWPOLYLINE
  5
732
330
71F
100
AcDbEntity
  8
C-PED
100
AcDbPolyline
 90
2
 70
0
 10
16.0
 20
139.82658933067853
 10
16.0
 20
10.5
  0
ARC
  5
733
330
71F
100
AcDbEntity
  8
C-PED
100
AcDbCircle
 10
18.5
 20
10.5
 30
0.0
 40
2.5
100
AcDbArc
 50
180.0
 51
270.0
  0
LWPOLYLINE
  5
734
330
71F
100
AcDbEntity
  8
C-CURB
100
AcDbPolyline
 90
2
 70
0
 10
139.82658933067853
 20
-3.5
 10
18.5
 20
-3.5
  0
LWPOLYLINE
  5
735
330
71F
100
AcDbEntity
  8
C-CURB
100
AcDbPolyline
 90
2
 70
0
 10
11.5
 20
-139.82658933067853
 10
11.5
 20
-10.5
  0
ARC
  5
736
330
71F
100
AcDbEntity
  8
C-CURB
100
AcDbCircle
 10
18.5
 20
-10.5
 30
0.0
 40
7.0
100
AcDbArc
 50
90.0
 51
180.0
  0
LWPOLYLINE
  5
737
330
71F
100
AcDbEntity
  8
C-PED
100
AcDbPolyline
 90
2
 70
0
 10
139.82658933067853
 20
-6.0
 10
18.5
 20
-6.0
  0
LWPOLYLINE
  5
738
330
71F
100
AcDbEntity
  8
C-PED
100
AcDbPolyline
 90
2
 70
0
 10
14.0
 20
-139.82658933067853
 10
14.0
 20
-10.5
  0
ARC
  5
739
330
71F
100
AcDbEntity
  8
C-PED
100
AcDbCircle
 10
18.5
 20
-10.5
 30
0.0
 40
4.5
100
AcDbArc
 50
90.0
 51
180.0
  0
LWPOLYLINE
  5
73A
330
71F
100
AcDbEntity
  8
C-PED
100
AcDbPolyline
 90
2
 70
0
 10
139.82658933067853
 20
-8.0
 10
18.5
 20
-8.0
  0
LWPOLYLINE
  5
73B
330
71F
100
AcDbEntity
  8
C-PED
100
AcDbPolyline
 90
2
 70
0
 10
16.0
 20
-139.82658933067853
 10
16.0
 20
-10.5
  0
ARC
  5
73C
330
71F
100
AcDbEntity
  8
C-PED
100
AcDbCircle
 10
18.5
 20
-10.5
 30
0.0
 40
2.5
100
AcDbArc
 50
90.0
 51
180.0
  0
LWPOLYLINE
  5
73D
330
71F
100
AcDbEntity
  8
C-CURB
100
AcDbPolyline
 90
2
 70
0
 10
-139.82658933067853
 20
-3.5
 10
-18.5
 20
-3.5
  0
LWPOLYLINE
  5
73E
330
71F
100
AcDbEntity
  8
C-CURB
100
AcDbPolyline
 90
2
 70
0
 10
-11.5
 20
-139.82658933067853
 10
-11.5
 20
-10.5
  0
ARC
  5
73F
330
71F
100
AcDbEntity
  8
C-CURB
100
AcDbCircle
 10
-18.5
 20
-10.5
 30
0.0
 40
7.0
100
AcDbArc
 50
0.0
 51
90.0
  0
LWPOLYLINE
  5
740
330
71F
100
AcDbEntity
  8
C-PED
100
AcDbPolyline
 90
2
 70
0
 10
-139.82658933067853
 20
-6.0
 10
-18.5
 20
-6.0
  0
LWPOLYLINE
  5
741
330
71F
100
AcDbEntity
  8
C-PED
100
AcDbPolyline
 90
2
 70
0
 10
-14.0
 20
-139.82658933067853
 10
-14.0
 20
-10.5
  0
ARC
  5
742
330
71F
100
AcDbEntity
  8
C-PED
100
AcDbCircle
 10
-18.5
 20
-10.5
 30
0.0
 40
4.5
100
AcDbArc
 50
0.0
 51
90.0
  0
LWPOLYLINE
  5
743
330
71F
100
AcDbEntity
  8
C-PED
100
AcDbPolyline
 90
2
 70
0
 10
-139.82658933067853
 20
-8.0
 10
-18.5
 20
-8.0
  0
LWPOLYLINE
  5
744
330
71F
100
AcDbEntity
  8
C-PED
100
AcDbPolyline
 90
2
 70
0
 10
-16.0
 20
-139.82658933067853
 10
-16.0
 20
-10.5
  0
ARC
  5
745
330
71F
100
AcDbEntity
  8
C-PED
100
AcDbCircle
 10
-18.5
 20
-10.5
 30
0.0
 40
2.5
100
AcDbArc
 50
0.0
 51
90.0
  0
LWPOLYLINE
  5
746
330
71F
100
AcDbEntity
  8
C-MARK-YELW
100
AcDbPolyline
 90
2
 70
0
 10
-139.82658933067853
 20
0.0
 10
-17.6
 20
0.0
  0
LWPOLYLINE
  5
747
330
71F
100
AcDbEntity
  8
C-MARK-YELW
100
AcDbPolyline
 90
2
 70
0
 10
17.6
 20
0.0
 10
139.82658933067853
 20
0.0
  0
LWPOLYLINE
  5
748
330
71F
100
AcDbEntity
  8
C-MARK-LANE
100
AcDbPolyline
 90
2
 70
0
 10
4.5
 20
-139.82658933067853
 10
4.5
 20
-9.6
  0
LWPOLYLINE
  5
749
330
71F
100
AcDbEntity
  8
C-MARK-LANE
100
AcDbPolyline
 90
2
 70
0
 10
4.5
 20
9.6
 10
4.5
 20
139.82658933067853
  0
LWPOLYLINE
  5
74A
330
71F
100
AcDbEntity
  8
C-MARK-LANE
100
AcDbPolyline
 90
2
 70
0
 10
-4.5
 20
-139.82658933067853
 10
-4.5
 20
-9.6
  0
LWPOLYLINE
  5
74B
330
71F
100
AcDbEntity
  8
C-MARK-LANE
100
AcDbPolyline
 90
2
 70
0
 10
-4.5
 20
9.6
 10
-4.5
 20
139.82658933067853
  0
LWPOLYLINE
  5
74C
330
71F
100
AcDbEntity
  8
C-MARK-LANE
100
AcDbPolyline
 90
2
 70
0
 10
8.0
 20
-139.82658933067853
 10
8.0
 20
-9.6
  0
LWPOLYLINE
  5
74D
330
71F
100
AcDbEntity
  8
C-MARK-LANE
100
AcDbPolyline
 90
2
 70
0
 10
8.0
 20
9.6
 10
8.0
 20
139.82658933067853
  0
LWPOLYLINE
  5
74E
330
71F
100
AcDbEntity
  8
C-MARK-LANE
100
AcDbPolyline
 90
2
 70
0
 10
-8.0
 20
-139.82658933067853
 10
-8.0
 20
-9.6
  0
LWPOLYLINE
  5
74F
330
71F
100
AcDbEntity
  8
C-MARK-LANE
100
AcDbPolyline
 90
2
 70
0
 10
-8.0
 20
9.6
 10
-8.0
 20
139.82658933067853
  0
LWPOLYLINE
  5
750
330
71F
100
AcDbEntity
  8
C-MARK-EXT
100
AcDbPolyline
 90
2
 70
0
 10
4.5
 20
-5.0
 10
4.5
 20
5.0
  0
LWPOLYLINE
  5
751
330
71F
100
AcDbEntity
  8
C-MARK-EXT
100
AcDbPolyline
 90
2
 70
0
 10
-4.5
 20
-5.0
 10
-4.5
 20
5.0
  0
LWPOLYLINE
  5
752
330
71F
100
AcDbEntity
  8
C-MARK-EXT
100
AcDbPolyline
 90
2
 70
0
 10
8.0
 20
-5.0
 10
8.0
 20
5.0
  0
LWPOLYLINE
  5
753
330
71F
100
AcDbEntity
  8
C-MARK-EXT
100
AcDbPolyline
 90
2
 70
0
 10
-8.0
 20
-5.0
 10
-8.0
 20
5.0
  0
LWPOLYLINE
  5
754
330
71F
100
AcDbEntity
  8
C-MARK-STOP
100
AcDbPolyline
 90
4
 70
1
 10
-17.6
 20
-3.5
 10
-17.0
 20
-3.5
 10
-17.0
 20
-0.0
 10
-17.6
 20
-0.0
  0
HATCH
  5
755
330
71F
100
AcDbEntity
  8
C-MARK-STOP
 62
7
100
AcDbHatch
 10
0.0
 20
0.0
 30
0.0
210
0.0
220
0.0
230
1.0
  2
SOLID
 70
1
 71
0
 91
1
 92
3
 72
0
 73
1
 93
4
 10
-17.6
 20
-3.5
 10
-17.0
 20
-3.5
 10
-17.0
 20
-0.0
 10
-17.6
 20
-0.0
 97
0
 75
0
 76
1
 98
0
  0
LWPOLYLINE
  5
756
330
71F
100
AcDbEntity
  8
C-MARK-STOP
100
AcDbPolyline
 90
4
 70
1
 10
17.0
 20
0.0
 10
17.6
 20
0.0
 10
17.6
 20
3.5
 10
17.0
 20
3.5
  0
HATCH
  5
757
330
71F
100
AcDbEntity
  8
C-MARK-STOP
 62
7
100
AcDbHatch
 10
0.0
 20
0.0
 30
0.0
210
0.0
220
0.0
230
1.0
  2
SOLID
 70
1
 71
0
 91
1
 92
3
 72
0
 73
1
 93
4
 10
17.0
 20
0.0
 10
17.6
 20
0.0
 10
17.6
 20
3.5
 10
17.0
 20
3.5
 97
0
 75
0
 76
1
 98
0
  0
LWPOLYLINE
  5
758
330
71F
100
AcDbEntity
  8
C-MARK-STOP
100
AcDbPolyline
 90
4
 70
1
 10
1.0
 20
-9.6
 10
11.5
 20
-9.6
 10
11.5
 20
-9.0
 10
1.0
 20
-9.0
  0
HATCH
  5
759
330
71F
100
AcDbEntity
  8
C-MARK-STOP
 62
7
100
AcDbHatch
 10
0.0
 20
0.0
 30
0.0
210
0.0
220
0.0
230
1.0
  2
SOLID
 70
1
 71
0
 91
1
 92
3
 72
0
 73
1
 93
4
 10
1.0
 20
-9.6
 10
11.5
 20
-9.6
 10
11.5
 20
-9.0
 10
1.0
 20
-9.0
 97
0
 75
0
 76
1
 98
0
  0
LWPOLYLINE
  5
75A
330
71F
100
AcDbEntity
  8
C-MARK-STOP
100
AcDbPolyline
 90
4
 70
1
 10
-11.5
 20
9.0
 10
-1.0
 20
9.0
 10
-1.0
 20
9.6
 10
-11.5
 20
9.6
  0
HATCH
  5
75B
330
71F
100
AcDbEntity
  8
C-MARK-STOP
 62
7
100
AcDbHatch
 10
0.0
 20
0.0
 30
0.0
210
0.0
220
0.0
230
1.0
  2
SOLID
 70
1
 71
0
 91
1
 92
3
 72
0
 73
1
 93
4
 10
-11.5
 20
9.0
 10
-1.0
 20
9.0
 10
-1.0
 20
9.6
 10
-11.5
 20
9.6
 97
0
 75
0
 76
1
 98
0
  0
LWPOLYLINE
  5
75C
330
71F
100
AcDbEntity
  8
C-MARK
100
AcDbPolyline
 90
2
 70
0
 10
-16.0
 20
-3.5
 10
-13.0
 20
-3.5
  0
LWPOLYLINE
  5
75D
330
71F
100
AcDbEntity
  8
C-MARK
100
AcDbPolyline
 90
2
 70
0
 10
-16.0
 20
3.5
 10
-13.0
 20
3.5
  0
LWPOLYLINE
  5
75E
330
71F
100
AcDbEntity
  8
C-MARK
100
AcDbPolyline
 90
4
 70
1
 10
-16.0
 20
-3.0
 10
-13.0
 20
-3.0
 10
-13.0
 20
-2.5
 10
-16.0
 20
-2.5
  0
LWPOLYLINE
  5
75F
330
71F
100
AcDbEntity
  8
C-MARK
100
AcDbPolyline
 90
4
 70
1
 10
-16.0
 20
-2.0
 10
-13.0
 20
-2.0
 10
-13.0
 20
-1.5
 10
-16.0
 20
-1.5
  0
LWPOLYLINE
  5
760
330
71F
100
AcDbEntity
  8
C-MARK
100
AcDbPolyline
 90
4
 70
1
 10
-16.0
 20
-1.0
 10
-13.0
 20
-1.0
 10
-13.0
 20
-0.5
 10
-16.0
 20
-0.5
  0
LWPOLYLINE
  5
761
330
71F
100
AcDbEntity
  8
C-MARK
100
AcDbPolyline
 90
4
 70
1
 10
-16.0
 20
0.0
 10
-13.0
 20
0.0
 10
-13.0
 20
0.5
 10
-16.0
 20
0.5
  0
LWPOLYLINE
  5
762
330
71F
100
AcDbEntity
  8
C-MARK
100
AcDbPolyline
 90
4
 70
1
 10
-16.0
 20
1.0
 10
-13.0
 20
1.0
 10
-13.0
 20
1.5
 10
-16.0
 20
1.5
  0
LWPOLYLINE
  5
763
330
71F
100
AcDbEntity
  8
C-MARK
100
AcDbPolyline
 90
4
 70
1
 10
-16.0
 20
2.0
 10
-13.0
 20
2.0
 10
-13.0
 20
2.5
 10
-16.0
 20
2.5
  0
LWPOLYLINE
  5
764
330
71F
100
AcDbEntity
  8
C-MARK
100
AcDbPolyline
 90
2
 70
0
 10
13.0
 20
-3.5
 10
16.0
 20
-3.5
  0
LWPOLYLINE
  5
765
330
71F
100
AcDbEntity
  8
C-MARK
100
AcDbPolyline
 90
2
 70
0
 10
13.0
 20
3.5
 10
16.0
 20
3.5
  0
LWPOLYLINE
  5
766
330
71F
100
AcDbEntity
  8
C-MARK
100
AcDbPolyline
 90
4
 70
1
 10
13.0
 20
-3.0
 10
16.0
 20
-3.0
 10
16.0
 20
-2.5
 10
13.0
 20
-2.5
  0
LWPOLYLINE
  5
767
330
71F
100
AcDbEntity
  8
C-MARK
100
AcDbPolyline
 90
4
 70
1
 10
13.0
 20
-2.0
 10
16.0
 20
-2.0
 10
16.0
 20
-1.5
 10
13.0
 20
-1.5
  0
LWPOLYLINE
  5
768
330
71F
100
AcDbEntity
  8
C-MARK
100
AcDbPolyline
 90
4
 70
1
 10
13.0
 20
-1.0
 10
16.0
 20
-1.0
 10
16.0
 20
-0.5
 10
13.0
 20
-0.5
  0
LWPOLYLINE
  5
769
330
71F
100
AcDbEntity
  8
C-MARK
100
AcDbPolyline
 90
4
 70
1
 10
13.0
 20
0.0
 10
16.0
 20
0.0
 10
16.0
 20
0.5
 10
13.0
 20
0.5
  0
LWPOLYLINE
  5
76A
330
71F
100
AcDbEntity
  8
C-MARK
100
AcDbPolyline
 90
4
 70
1
 10
13.0
 20
1.0
 10
16.0
 20
1.0
 10
16.0
 20
1.5
 10
13.0
 20
1.5
  0
LWPOLYLINE
  5
76B
330
71F
100
AcDbEntity
  8
C-MARK
100
AcDbPolyline
 90
4
 70
1
 10
13.0
 20
2.0
 10
16.0
 20
2.0
 10
16.0
 20
2.5
 10
13.0
 20
2.5
  0
LWPOLYLINE
  5
76C
330
71F
100
AcDbEntity
  8
C-MARK
100
AcDbPolyline
 90
2
 70
0
 10
-11.5
 20
-8.0
 10
11.5
 20
-8.0
  0
LWPOLYLINE
  5
76D
330
71F
100
AcDbEntity
  8
C-MARK
100
AcDbPolyline
 90
2
 70
0
 10
-11.5
 20
-5.0
 10
11.5
 20
-5.0
  0
LWPOLYLINE
  5
76E
330
71F
100
AcDbEntity
  8
C-MARK
100
AcDbPolyline
 90
4
 70
1
 10
-11.0
 20
-8.0
 10
-10.5
 20
-8.0
 10
-10.5
 20
-5.0
 10
-11.0
 20
-5.0
  0
LWPOLYLINE
  5
76F
330
71F
100
AcDbEntity
  8
C-MARK
100
AcDbPolyline
 90
4
 70
1
 10
-10.0
 20
-8.0
 10
-9.5
 20
-8.0
 10
-9.5
 20
-5.0
 10
-10.0
 20
-5.0
  0
LWPOLYLINE
  5
770
330
71F
100
AcDbEntity
  8
C-MARK
100
AcDbPolyline
 90
4
 70
1
 10
-9.0
 20
-8.0
 10
-8.5
 20
-8.0
 10
-8.5
 20
-5.0
 10
-9.0
 20
-5.0
  0
LWPOLYLINE
  5
771
330
71F
100
AcDbEntity
  8
C-MARK
100
AcDbPolyline
 90
4
 70
1
 10
-8.0
 20
-8.0
 10
-7.5
 20
-8.0
 10
-7.5
 20
-5.0
 10
-8.0
 20
-5.0
  0
LWPOLYLINE
  5
772
330
71F
100
AcDbEntity
  8
C-MARK
100
AcDbPolyline
 90
4
 70
1
 10
-7.0
 20
-8.0
 10
-6.5
 20
-8.0
 10
-6.5
 20
-5.0
 10
-7.0
 20
-5.0
  0
LWPOLYLINE
  5
773
330
71F
100
AcDbEntity
  8
C-MARK
100
AcDbPolyline
 90
4
 70
1
 10
-6.0
 20
-8.0
 10
-5.5
 20
-8.0
 10
-5.5
 20
-5.0
 10
-6.0
 20
-5.0
  0
LWPOLYLINE
  5
774
330
71F
100
AcDbEntity
  8
C-MARK
100
AcDbPolyline
 90
4
 70
1
 10
-5.0
 20
-8.0
 10
-4.5
 20
-8.0
 10
-4.5
 20
-5.0
 10
-5.0
 20
-5.0
  0
LWPOLYLINE
  5
775
330
71F
100
AcDbEntity
  8
C-MARK
100
AcDbPolyline
 90
4
 70
1
 10
-4.0
 20
-8.0
 10
-3.5
 20
-8.0
 10
-3.5
 20
-5.0
 10
-4.0
 20
-5.0
  0
LWPOLYLINE
  5
776
330
71F
100
AcDbEntity
  8
C-MARK
100
AcDbPolyline
 90
4
 70
1
 10
-3.0
 20
-8.0
 10
-2.5
 20
-8.0
 10
-2.5
 20
-5.0
 10
-3.0
 20
-5.0
  0
LWPOLYLINE
  5
777
330
71F
100
AcDbEntity
  8
C-MARK
100
AcDbPolyline
 90
4
 70
1
 10
-2.0
 20
-8.0
 10
-1.5
 20
-8.0
 10
-1.5
 20
-5.0
 10
-2.0
 20
-5.0
  0
LWPOLYLINE
  5
778
330
71F
100
AcDbEntity
  8
C-MARK
100
AcDbPolyline
 90
4
 70
1
 10
-1.0
 20
-8.0
 10
-0.5
 20
-8.0
 10
-0.5
 20
-5.0
 10
-1.0
 20
-5.0
  0
LWPOLYLINE
  5
779
330
71F
100
AcDbEntity
  8
C-MARK
100
AcDbPolyline
 90
4
 70
1
 10
0.0
 20
-8.0
 10
0.5
 20
-8.0
 10
0.5
 20
-5.0
 10
0.0
 20
-5.0
  0
LWPOLYLINE
  5
77A
330
71F
100
AcDbEntity
  8
C-MARK
100
AcDbPolyline
 90
4
 70
1
 10
1.0
 20
-8.0
 10
1.5
 20
-8.0
 10
1.5
 20
-5.0
 10
1.0
 20
-5.0
  0
LWPOLYLINE
  5
77B
330
71F
100
AcDbEntity
  8
C-MARK
100
AcDbPolyline
 90
4
 70
1
 10
2.0
 20
-8.0
 10
2.5
 20
-8.0
 10
2.5
 20
-5.0
 10
2.0
 20
-5.0
  0
LWPOLYLINE
  5
77C
330
71F
100
AcDbEntity
  8
C-MARK
100
AcDbPolyline
 90
4
 70
1
 10
3.0
 20
-8.0
 10
3.5
 20
-8.0
 10
3.5
 20
-5.0
 10
3.0
 20
-5.0
  0
LWPOLYLINE
  5
77D
330
71F
100
AcDbEntity
  8
C-MARK
100
AcDbPolyline
 90
4
 70
1
 10
4.0
 20
-8.0
 10
4.5
 20
-8.0
 10
4.5
 20
-5.0
 10
4.0
 20
-5.0
  0
LWPOLYLINE
  5
77E
330
71F
100
AcDbEntity
  8
C-MARK
100
AcDbPolyline
 90
4
 70
1
 10
5.0
 20
-8.0
 10
5.5
 20
-8.0
 10
5.5
 20
-5.0
 10
5.0
 20
-5.0
  0
LWPOLYLINE
  5
77F
330
71F
100
AcDbEntity
  8
C-MARK
100
AcDbPolyline
 90
4
 70
1
 10
6.0
 20
-8.0
 10
6.5
 20
-8.0
 10
6.5
 20
-5.0
 10
6.0
 20
-5.0
  0
LWPOLYLINE
  5
780
330
71F
100
AcDbEntity
  8
C-MARK
100
AcDbPolyline
 90
4
 70
1
 10
7.0
 20
-8.0
 10
7.5
 20
-8.0
 10
7.5
 20
-5.0
 10
7.0
 20
-5.0
  0
LWPOLYLINE
  5
781
330
71F
100
AcDbEntity
  8
C-MARK
100
AcDbPolyline
 90
4
 70
1
 10
8.0
 20
-8.0
 10
8.5
 20
-8.0
 10
8.5
 20
-5.0
 10
8.0
 20
-5.0
  0
LWPOLYLINE
  5
782
330
71F
100
AcDbEntity
  8
C-MARK
100
AcDbPolyline
 90
4
 70
1
 10
9.0
 20
-8.0
 10
9.5
 20
-8.0
 10
9.5
 20
-5.0
 10
9.0
 20
-5.0
  0
LWPOLYLINE
  5
783
330
71F
100
AcDbEntity
  8
C-MARK
100
AcDbPolyline
 90
4
 70
1
 10
10.0
 20
-8.0
 10
10.5
 20
-8.0
 10
10.5
 20
-5.0
 10
10.0
 20
-5.0
  0
LWPOLYLINE
  5
784
330
71F
100
AcDbEntity
  8
C-MARK
100
AcDbPolyline
 90
2
 70
0
 10
-11.5
 20
5.0
 10
11.5
 20
5.0
  0
LWPOLYLINE
  5
785
330
71F
100
AcDbEntity
  8
C-MARK
100
AcDbPolyline
 90
2
 70
0
 10
-11.5
 20
8.0
 10
11.5
 20
8.0
  0
LWPOLYLINE
  5
786
330
71F
100
AcDbEntity
  8
C-MARK
100
AcDbPolyline
 90
4
 70
1
 10
-11.0
 20
5.0
 10
-10.5
 20
5.0
 10
-10.5
 20
8.0
 10
-11.0
 20
8.0
  0
LWPOLYLINE
  5
787
330
71F
100
AcDbEntity
  8
C-MARK
100
AcDbPolyline
 90
4
 70
1
 10
-10.0
 20
5.0
 10
-9.5
 20
5.0
 10
-9.5
 20
8.0
 10
-10.0
 20
8.0
  0
LWPOLYLINE
  5
788
330
71F
100
AcDbEntity
  8
C-MARK
100
AcDbPolyline
 90
4
 70
1
 10
-9.0
 20
5.0
 10
-8.5
 20
5.0
 10
-8.5
 20
8.0
 10
-9.0
 20
8.0
  0
LWPOLYLINE
  5
789
330
71F
100
AcDbEntity
  8
C-MARK
100
AcDbPolyline
 90
4
 70
1
 10
-8.0
 20
5.0
 10
-7.5
 20
5.0
 10
-7.5
 20
8.0
 10
-8.0
 20
8.0
  0
LWPOLYLINE
  5
78A
330
71F
100
AcDbEntity
  8
C-MARK
100
AcDbPolyline
 90
4
 70
1
 10
-7.0
 20
5.0
 10
-6.5
 20
5.0
 10
-6.5
 20
8.0
 10
-7.0
 20
8.0
  0
LWPOLYLINE
  5
78B
330
71F
100
AcDbEntity
  8
C-MARK
100
AcDbPolyline
 90
4
 70
1
 10
-6.0
 20
5.0
 10
-5.5
 20
5.0
 10
-5.5
 20
8.0
 10
-6.0
 20
8.0
  0
LWPOLYLINE
  5
78C
330
71F
100
AcDbEntity
  8
C-MARK
100
AcDbPolyline
 90
4
 70
1
 10
-5.0
 20
5.0
 10
-4.5
 20
5.0
 10
-4.5
 20
8.0
 10
-5.0
 20
8.0
  0
LWPOLYLINE
  5
78D
330
71F
100
AcDbEntity
  8
C-MARK
100
AcDbPolyline
 90
4
 70
1
 10
-4.0
 20
5.0
 10
-3.5
 20
5.0
 10
-3.5
 20
8.0
 10
-4.0
 20
8.0
  0
LWPOLYLINE
  5
78E
330
71F
100
AcDbEntity
  8
C-MARK
100
AcDbPolyline
 90
4
 70
1
 10
-3.0
 20
5.0
 10
-2.5
 20
5.0
 10
-2.5
 20
8.0
 10
-3.0
 20
8.0
  0
LWPOLYLINE
  5
78F
330
71F
100
AcDbEntity
  8
C-MARK
100
AcDbPolyline
 90
4
 70
1
 10
-2.0
 20
5.0
 10
-1.5
 20
5.0
 10
-1.5
 20
8.0
 10
-2.0
 20
8.0
  0
LWPOLYLINE
  5
790
330
71F
100
AcDbEntity
  8
C-MARK
100
AcDbPolyline
 90
4
 70
1
 10
-1.0
 20
5.0
 10
-0.5
 20
5.0
 10
-0.5
 20
8.0
 10
-1.0
 20
8.0
  0
LWPOLYLINE
  5
791
330
71F
100
AcDbEntity
  8
C-MARK
100
AcDbPolyline
 90
4
 70
1
 10
0.0
 20
5.0
 10
0.5
 20
5.0
 10
0.5
 20
8.0
 10
0.0
 20
8.0
  0
LWPOLYLINE
  5
792
330
71F
100
AcDbEntity
  8
C-MARK
100
AcDbPolyline
 90
4
 70
1
 10
1.0
 20
5.0
 10
1.5
 20
5.0
 10
1.5
 20
8.0
 10
1.0
 20
8.0
  0
LWPOLYLINE
  5
793
330
71F
100
AcDbEntity
  8
C-MARK
100
AcDbPolyline
 90
4
 70
1
 10
2.0
 20
5.0
 10
2.5
 20
5.0
 10
2.5
 20
8.0
 10
2.0
 20
8.0
  0
LWPOLYLINE
  5
794
330
71F
100
AcDbEntity
  8
C-MARK
100
AcDbPolyline
 90
4
 70
1
 10
3.0
 20
5.0
 10
3.5
 20
5.0
 10
3.5
 20
8.0
 10
3.0
 20
8.0
  0
LWPOLYLINE
  5
795
330
71F
100
AcDbEntity
  8
C-MARK
100
AcDbPolyline
 90
4
 70
1
 10
4.0
 20
5.0
 10
4.5
 20
5.0
 10
4.5
 20
8.0
 10
4.0
 20
8.0
  0
LWPOLYLINE
  5
796
330
71F
100
AcDbEntity
  8
C-MARK
100
AcDbPolyline
 90
4
 70
1
 10
5.0
 20
5.0
 10
5.5
 20
5.0
 10
5.5
 20
8.0
 10
5.0
 20
8.0
  0
LWPOLYLINE
  5
797
330
71F
100
AcDbEntity
  8
C-MARK
100
AcDbPolyline
 90
4
 70
1
 10
6.0
 20
5.0
 10
6.5
 20
5.0
 10
6.5
 20
8.0
 10
6.0
 20
8.0
  0
LWPOLYLINE
  5
798
330
71F
100
AcDbEntity
  8
C-MARK
100
AcDbPolyline
 90
4
 70
1
 10
7.0
 20
5.0
 10
7.5
 20
5.0
 10
7.5
 20
8.0
 10
7.0
 20
8.0
  0
LWPOLYLINE
  5
799
330
71F
100
AcDbEntity
  8
C-MARK
100
AcDbPolyline
 90
4
 70
1
 10
8.0
 20
5.0
 10
8.5
 20
5.0
 10
8.5
 20
8.0
 10
8.0
 20
8.0
  0
LWPOLYLINE
  5
79A
330
71F
100
AcDbEntity
  8
C-MARK
100
AcDbPolyline
 90
4
 70
1
 10
9.0
 20
5.0
 10
9.5
 20
5.0
 10
9.5
 20
8.0
 10
9.0
 20
8.0
  0
LWPOLYLINE
  5
79B
330
71F
100
AcDbEntity
  8
C-MARK
100
AcDbPolyline
 90
4
 70
1
 10
10.0
 20
5.0
 10
10.5
 20
5.0
 10
10.5
 20
8.0
 10
10.0
 20
8.0
  0
INSERT
  5
79C
330
71F
100
AcDbEntity
  8
C-MARK
100
AcDbBlockReference
  2
ARROW-LTR
 10
-26.0
 20
-1.75
 30
0.0
 50
270.0
  0
INSERT
  5
79E
330
71F
100
AcDbEntity
  8
C-MARK
100
AcDbBlockReference
  2
ARROW-LTR
 10
26.0
 20
1.75
 30
0.0
 50
90.0
  0
INSERT
  5
7A0
330
71F
100
AcDbEntity
  8
C-MARK
100
AcDbBlockReference
  2
ARROW-L
 10
2.75
 20
-18.0
 30
0.0
  0
INSERT
  5
7A2
330
71F
100
AcDbEntity
  8
C-MARK
100
AcDbBlockReference
  2
ARROW-T
 10
6.25
 20
-18.0
 30
0.0
  0
INSERT
  5
7A4
330
71F
100
AcDbEntity
  8
C-MARK
100
AcDbBlockReference
  2
ARROW-TR
 10
9.75
 20
-18.0
 30
0.0
  0
INSERT
  5
7A6
330
71F
100
AcDbEntity
  8
C-MARK
100
AcDbBlockReference
  2
ARROW-L
 10
-2.75
 20
18.0
 30
0.0
 50
180.0
  0
INSERT
  5
7A8
330
71F
100
AcDbEntity
  8
C-MARK
100
AcDbBlockReference
  2
ARROW-T
 10
-6.25
 20
18.0
 30
0.0
 50
180.0
  0
INSERT
  5
7AA
330
71F
100
AcDbEntity
  8
C-MARK
100
AcDbBlockReference
  2
ARROW-TR
 10
-9.75
 20
18.0
 30
0.0
 50
180.0
  0
INSERT
  5
7AC
330
71F
100
AcDbEntity
  8
C-MARK
100
AcDbBlockReference
  2
ARROW-LTR
 10
-42.0
 20
-1.75
 30
0.0
 50
270.0
  0
INSERT
  5
7AE
330
71F
100
AcDbEntity
  8
C-MARK
100
AcDbBlockReference
  2
ARROW-LTR
 10
42.0
 20
1.75
 30
0.0
 50
90.0
  0
INSERT
  5
7B0
330
71F
100
AcDbEntity
  8
C-MARK
100
AcDbBlockReference
  2
ARROW-L
 10
2.75
 20
-34.0
 30
0.0
  0
INSERT
  5
7B2
330
71F
100
AcDbEntity
  8
C-MARK
100
AcDbBlockReference
  2
ARROW-T
 10
6.25
 20
-34.0
 30
0.0
  0
INSERT
  5
7B4
330
71F
100
AcDbEntity
  8
C-MARK
100
AcDbBlockReference
  2
ARROW-TR
 10
9.75
 20
-34.0
 30
0.0
  0
INSERT
  5
7B6
330
71F
100
AcDbEntity
  8
C-MARK
100
AcDbBlockReference
  2
ARROW-L
 10
-2.75
 20
34.0
 30
0.0
 50
180.0
  0
INSERT
  5
7B8
330
71F
100
AcDbEntity
  8
C-MARK
100
AcDbBlockReference
  2
ARROW-T
 10
-6.25
 20
34.0
 30
0.0
 50
180.0
  0
INSERT
  5
7BA
330
71F
100
AcDbEntity
  8
C-MARK
100
AcDbBlockReference
  2
ARROW-TR
 10
-9.75
 20
34.0
 30
0.0
 50
180.0
  0
INSERT
  5
7BC
330
71F
100
AcDbEntity
  8
C-SGNL
100
AcDbBlockReference
  2
SIG-MASTARM
 10
-16.5
 20
10.5
 30
0.0
  0
INSERT
  5
7BE
330
71F
100
AcDbEntity
  8
C-SGNL
100
AcDbBlockReference
  2
SIG-MASTARM
 10
16.5
 20
10.5
 30
0.0
 50
270.0
  0
INSERT
  5
7C0
330
71F
100
AcDbEntity
  8
C-SGNL
100
AcDbBlockReference
  2
SIG-MASTARM
 10
16.5
 20
-10.5
 30
0.0
 50
180.0
  0
INSERT
  5
7C2
330
71F
100
AcDbEntity
  8
C-SGNL
100
AcDbBlockReference
  2
SIG-MASTARM
 10
-16.5
 20
-10.5
 30
0.0
 50
90.0
  0
INSERT
  5
7C4
330
71F
100
AcDbEntity
  8
C-SGNL
100
AcDbBlockReference
  2
SIG-3SEC
 10
2.75
 20
10.0
 30
0.0
 50
180.0
  0
INSERT
  5
7C6
330
71F
100
AcDbEntity
  8
C-SGNL
100
AcDbBlockReference
  2
SIG-3SEC
 10
6.25
 20
10.0
 30
0.0
 50
180.0
  0
INSERT
  5
7C8
330
71F
100
AcDbEntity
  8
C-SGNL
100
AcDbBlockReference
  2
SIG-3SEC
 10
9.75
 20
10.0
 30
0.0
 50
180.0
  0
INSERT
  5
7CA
330
71F
100
AcDbEntity
  8
C-SGNL
100
AcDbBlockReference
  2
SIG-3SEC
 10
-2.75
 20
-10.0
 30
0.0
  0
INSERT
  5
7CC
330
71F
100
AcDbEntity
  8
C-SGNL
100
AcDbBlockReference
  2
SIG-3SEC
 10
-6.25
 20
-10.0
 30
0.0
  0
INSERT
  5
7CE
330
71F
100
AcDbEntity
  8
C-SGNL
100
AcDbBlockReference
  2
SIG-3SEC
 10
-9.75
 20
-10.0
 30
0.0
  0
INSERT
  5
7D0
330
71F
100
AcDbEntity
  8
C-SGNL
100
AcDbBlockReference
  2
SIG-3SEC
 10
21.5
 20
-1.75
 30
0.0
 50
90.0
  0
INSERT
  5
7D2
330
71F
100
AcDbEntity
  8
C-SGNL
100
AcDbBlockReference
  2
SIG-3SEC
 10
-21.5
 20
1.75
 30
0.0
 50
270.0
  0
INSERT
  5
7D4
330
71F
100
AcDbEntity
  8
C-SGNL
100
AcDbBlockReference
  2
SIG-PED
 10
-13.5
 20
11.0
 30
0.0
  0
INSERT
  5
7D6
330
71F
100
AcDbEntity
  8
C-SGNL
100
AcDbBlockReference
  2
SIG-PED
 10
-19.0
 20
5.5
 30
0.0
 50
270.0
  0
INSERT
  5
7D8
330
71F
100
AcDbEntity
  8
C-SGNL
100
AcDbBlockReference
  2
SIG-PB
 10
-13.5
 20
8.0
 30
0.0
  0
INSERT
  5
7DA
330
71F
100
AcDbEntity
  8
C-SGNL
100
AcDbBlockReference
  2
SIG-PB
 10
-16.0
 20
5.5
 30
0.0
  0
INSERT
  5
7DC
330
71F
100
AcDbEntity
  8
C-PED
100
AcDbBlockReference
  2
CURB-RAMP-TWSI
 10
-15.325
 20
2.79
 30
0.0
  0
INSERT
  5
7DE
330
71F
100
AcDbEntity
  8
C-PED
100
AcDbBlockReference
  2
CURB-RAMP-TWSI
 10
-10.79
 20
7.325
 30
0.0
 50
270.0
  0
INSERT
  5
7E0
330
71F
100
AcDbEntity
  8
C-SGNL-UG
100
AcDbBlockReference
  2
SIG-JB
 10
-18.0
 20
9.0
 30
0.0
  0
INSERT
  5
7E2
330
71F
100
AcDbEntity
  8
C-SGNL
100
AcDbBlockReference
  2
SIG-PED
 10
13.5
 20
11.0
 30
0.0
  0
INSERT
  5
7E4
330
71F
100
AcDbEntity
  8
C-SGNL
100
AcDbBlockReference
  2
SIG-PED
 10
19.0
 20
5.5
 30
0.0
 50
90.0
  0
INSERT
  5
7E6
330
71F
100
AcDbEntity
  8
C-SGNL
100
AcDbBlockReference
  2
SIG-PB
 10
13.5
 20
8.0
 30
0.0
  0
INSERT
  5
7E8
330
71F
100
AcDbEntity
  8
C-SGNL
100
AcDbBlockReference
  2
SIG-PB
 10
16.0
 20
5.5
 30
0.0
  0
INSERT
  5
7EA
330
71F
100
AcDbEntity
  8
C-PED
100
AcDbBlockReference
  2
CURB-RAMP-TWSI
 10
13.675
 20
2.79
 30
0.0
  0
INSERT
  5
7EC
330
71F
100
AcDbEntity
  8
C-PED
100
AcDbBlockReference
  2
CURB-RAMP-TWSI
 10
10.79
 20
7.325
 30
0.0
 50
270.0
  0
INSERT
  5
7EE
330
71F
100
AcDbEntity
  8
C-SGNL-UG
100
AcDbBlockReference
  2
SIG-JB
 10
18.0
 20
9.0
 30
0.0
  0
INSERT
  5
7F0
330
71F
100
AcDbEntity
  8
C-SGNL
100
AcDbBlockReference
  2
SIG-PED
 10
13.5
 20
-11.0
 30
0.0
 50
180.0
  0
INSERT
  5
7F2
330
71F
100
AcDbEntity
  8
C-SGNL
100
AcDbBlockReference
  2
SIG-PED
 10
19.0
 20
-5.5
 30
0.0
 50
90.0
  0
INSERT
  5
7F4
330
71F
100
AcDbEntity
  8
C-SGNL
100
AcDbBlockReference
  2
SIG-PB
 10
13.5
 20
-8.0
 30
0.0
  0
INSERT
  5
7F6
330
71F
100
AcDbEntity
  8
C-SGNL
100
AcDbBlockReference
  2
SIG-PB
 10
16.0
 20
-5.5
 30
0.0
  0
INSERT
  5
7F8
330
71F
100
AcDbEntity
  8
C-PED
100
AcDbBlockReference
  2
CURB-RAMP-TWSI
 10
13.675
 20
-2.79
 30
0.0
  0
INSERT
  5
7FA
330
71F
100
AcDbEntity
  8
C-PED
100
AcDbBlockReference
  2
CURB-RAMP-TWSI
 10
10.79
 20
-5.675
 30
0.0
 50
270.0
  0
INSERT
  5
7FC
330
71F
100
AcDbEntity
  8
C-SGNL-UG
100
AcDbBlockReference
  2
SIG-JB
 10
18.0
 20
-9.0
 30
0.0
  0
INSERT
  5
7FE
330
71F
100
AcDbEntity
  8
C-SGNL
100
AcDbBlockReference
  2
SIG-PED
 10
-13.5
 20
-11.0
 30
0.0
 50
180.0
  0
INSERT
  5
800
330
71F
100
AcDbEntity
  8
C-SGNL
100
AcDbBlockReference
  2
SIG-PED
 10
-19.0
 20
-5.5
 30
0.0
 50
270.0
  0
INSERT
  5
802
330
71F
100
AcDbEntity
  8
C-SGNL
100
AcDbBlockReference
  2
SIG-PB
 10
-13.5
 20
-8.0
 30
0.0
  0
INSERT
  5
804
330
71F
100
AcDbEntity
  8
C-SGNL
100
AcDbBlockReference
  2
SIG-PB
 10
-16.0
 20
-5.5
 30
0.0
  0
INSERT
  5
806
330
71F
100
AcDbEntity
  8
C-PED
100
AcDbBlockReference
  2
CURB-RAMP-TWSI
 10
-15.325
 20
-2.79
 30
0.0
  0
INSERT
  5
808
330
71F
100
AcDbEntity
  8
C-PED
100
AcDbBlockReference
  2
CURB-RAMP-TWSI
 10
-10.79
 20
-5.675
 30
0.0
 50
270.0
  0
INSERT
  5
80A
330
71F
100
AcDbEntity
  8
C-SGNL-UG
100
AcDbBlockReference
  2
SIG-JB
 10
-18.0
 20
-9.0
 30
0.0
  0
LWPOLYLINE
  5
80C
330
71F
100
AcDbEntity
  8
C-SGNL-UG
100
AcDbPolyline
 90
5
 70
0
 10
-18.0
 20
9.0
 10
18.0
 20
9.0
 10
18.0
 20
-9.0
 10
-18.0
 20
-9.0
 10
-18.0
 20
9.0
  0
INSERT
  5
80D
330
71F
100
AcDbEntity
  8
C-SGNL
100
AcDbBlockReference
  2
SIG-CABINET
 10
-21.0
 20
13.0
 30
0.0
  0
LWPOLYLINE
  5
80F
330
71F
100
AcDbEntity
  8
C-SGNL-UG
100
AcDbPolyline
 90
2
 70
0
 10
-21.0
 20
13.0
 10
-18.0
 20
9.0
  0
INSERT
  5
810
330
71F
100
AcDbEntity
  8
C-SGNL-DET
100
AcDbBlockReference
  2
DET-LOOP
 10
-21.0
 20
-1.75
 30
0.0
  0
INSERT
  5
812
330
71F
100
AcDbEntity
  8
C-SGNL-DET
100
AcDbBlockReference
  2
DET-LOOP
 10
21.0
 20
1.75
 30
0.0
  0
INSERT
  5
814
330
71F
100
AcDbEntity
  8
C-SGNL-DET
100
AcDbBlockReference
  2
DET-LOOP
 10
2.75
 20
-13.0
 30
0.0
  0
INSERT
  5
816
330
71F
100
AcDbEntity
  8
C-SGNL-DET
100
AcDbBlockReference
  2
DET-LOOP
 10
6.25
 20
-13.0
 30
0.0
  0
INSERT
  5
818
330
71F
100
AcDbEntity
  8
C-SGNL-DET
100
AcDbBlockReference
  2
DET-LOOP
 10
9.75
 20
-13.0
 30
0.0
  0
INSERT
  5
81A
330
71F
100
AcDbEntity
  8
C-SGNL-DET
100
AcDbBlockReference
  2
DET-LOOP
 10
-2.75
 20
13.0
 30
0.0
  0
INSERT
  5
81C
330
71F
100
AcDbEntity
  8
C-SGNL-DET
100
AcDbBlockReference
  2
DET-LOOP
 10
-6.25
 20
13.0
 30
0.0
  0
INSERT
  5
81E
330
71F
100
AcDbEntity
  8
C-SGNL-DET
100
AcDbBlockReference
  2
DET-LOOP
 10
-9.75
 20
13.0
 30
0.0
  0
INSERT
  5
820
330
71F
100
AcDbEntity
  8
C-SIGN
100
AcDbBlockReference
 66
1
  2
SIGN-POST
 10
-22.0
 20
13.0
 30
0.0
  0
ATTRIB
  5
822
330
71F
100
AcDbEntity
  8
0
100
AcDbText
 10
-22.0
 20
14.3
 30
0.0
 40
0.9
  1
Rb-11
  7
ANNO
 72
1
 11
-22.0
 21
14.3
 31
0.0
100
AcDbAttribute
  2
CODE
 70
0
 74
2
  0
SEQEND
  5
821
330
820
100
AcDbEntity
  8
C-SIGN
  0
INSERT
  5
823
330
71F
100
AcDbEntity
  8
C-SIGN
100
AcDbBlockReference
 66
1
  2
SIGN-POST
 10
22.0
 20
13.0
 30
0.0
  0
ATTRIB
  5
825
330
71F
100
AcDbEntity
  8
0
100
AcDbText
 10
22.0
 20
14.3
 30
0.0
 40
0.9
  1
Rb-11
  7
ANNO
 72
1
 11
22.0
 21
14.3
 31
0.0
100
AcDbAttribute
  2
CODE
 70
0
 74
2
  0
SEQEND
  5
824
330
823
100
AcDbEntity
  8
C-SIGN
  0
INSERT
  5
826
330
71F
100
AcDbEntity
  8
C-SIGN
100
AcDbBlockReference
 66
1
  2
SIGN-POST
 10
22.0
 20
-13.0
 30
0.0
  0
ATTRIB
  5
828
330
71F
100
AcDbEntity
  8
0
100
AcDbText
 10
22.0
 20
-11.7
 30
0.0
 40
0.9
  1
Rb-11
  7
ANNO
 72
1
 11
22.0
 21
-11.7
 31
0.0
100
AcDbAttribute
  2
CODE
 70
0
 74
2
  0
SEQEND
  5
827
330
826
100
AcDbEntity
  8
C-SIGN
  0
INSERT
  5
829
330
71F
100
AcDbEntity
  8
C-SIGN
100
AcDbBlockReference
 66
1
  2
SIGN-POST
 10
-22.0
 20
-13.0
 30
0.0
  0
ATTRIB
  5
82B
330
71F
100
AcDbEntity
  8
0
100
AcDbText
 10
-22.0
 20
-11.7
 30
0.0
 40
0.9
  1
Rb-11
  7
ANNO
 72
1
 11
-22.0
 21
-11.7
 31
0.0
100
AcDbAttribute
  2
CODE
 70
0
 74
2
  0
SEQEND
  5
82A
330
829
100
AcDbEntity
  8
C-SIGN
  0
ENDBLK
  5
721
330
71F
100
AcDbEntity
  8
0
100
AcDbBlockEnd
  0
BLOCK
  5
82F
330
82E
100
AcDbEntity
  8
0
100
AcDbBlockBegin
  2
INT-1151
 70
0
 10
0.0
 20
0.0
 30
0.0
  3
INT-1151
  1

  0
LWPOLYLINE
  5
831
330
82E
100
AcDbEntity
  8
C-CURB
100
AcDbPolyline
 90
2
 70
0
 10
-100.26438703762824
 20
3.5
 10
-18.5
 20
3.5
  0
LWPOLYLINE
  5
832
330
82E
100
AcDbEntity
  8
C-CURB
100
AcDbPolyline
 90
2
 70
0
 10
-11.5
 20
100.26438703762824
 10
-11.5
 20
10.5
  0
ARC
  5
833
330
82E
100
AcDbEntity
  8
C-CURB
100
AcDbCircle
 10
-18.5
 20
10.5
 30
0.0
 40
7.0
100
AcDbArc
 50
270.0
 51
360.0
  0
LWPOLYLINE
  5
834
330
82E
100
AcDbEntity
  8
C-PED
100
AcDbPolyline
 90
2
 70
0
 10
-100.26438703762824
 20
6.0
 10
-18.5
 20
6.0
  0
LWPOLYLINE
  5
835
330
82E
100
AcDbEntity
  8
C-PED
100
AcDbPolyline
 90
2
 70
0
 10
-14.0
 20
100.26438703762824
 10
-14.0
 20
10.5
  0
ARC
  5
836
330
82E
100
AcDbEntity
  8
C-PED
100
AcDbCircle
 10
-18.5
 20
10.5
 30
0.0
 40
4.5
100
AcDbArc
 50
270.0
 51
360.0
  0
LWPOLYLINE
  5
837
330
82E
100
AcDbEntity
  8
C-PED
100
AcDbPolyline
 90
2
 70
0
 10
-100.26438703762824
 20
8.0
 10
-18.5
 20
8.0
  0
LWPOLYLINE
  5
838
330
82E
100
AcDbEntity
  8
C-PED
100
AcDbPolyline
 90
2
 70
0
 10
-16.0
 20
100.26438703762824
 10
-16.0
 20
10.5
  0
ARC
  5
839
330
82E
100
AcDbEntity
  8
C-PED
100
AcDbCircle
 10
-18.5
 20
10.5
 30
0.0
 40
2.5
100
AcDbArc
 50
270.0
 51
360.0
  0
LWPOLYLINE
  5
83A
330
82E
100
AcDbEntity
  8
C-CURB
100
AcDbPolyline
 90
2
 70
0
 10
100.26438703762824
 20
3.5
 10
18.5
 20
3.5
  0
LWPOLYLINE
  5
83B
330
82E
100
AcDbEntity
  8
C-CURB
100
AcDbPolyline
 90
2
 70
0
 10
11.5
 20
100.26438703762824
 10
11.5
 20
10.5
  0
ARC
  5
83C
330
82E
100
AcDbEntity
  8
C-CURB
100
AcDbCircle
 10
18.5
 20
10.5
 30
0.0
 40
7.0
100
AcDbArc
 50
180.0
 51
270.0
  0
LWPOLYLINE
  5
83D
330
82E
100
AcDbEntity
  8
C-PED
100
AcDbPolyline
 90
2
 70
0
 10
100.26438703762824
 20
6.0
 10
18.5
 20
6.0
  0
LWPOLYLINE
  5
83E
330
82E
100
AcDbEntity
  8
C-PED
100
AcDbPolyline
 90
2
 70
0
 10
14.0
 20
100.26438703762824
 10
14.0
 20
10.5
  0
ARC
  5
83F
330
82E
100
AcDbEntity
  8
C-PED
100
AcDbCircle
 10
18.5
 20
10.5
 30
0.0
 40
4.5
100
AcDbArc
 50
180.0
 51
270.0
  0
LWPOLYLINE
  5
840
330
82E
100
AcDbEntity
  8
C-PED
100
AcDbPolyline
 90
2
 70
0
 10
100.26438703762824
 20
8.0
 10
18.5
 20
8.0
  0
LWPOLYLINE
  5
841
330
82E
100
AcDbEntity
  8
C-PED
100
AcDbPolyline
 90
2
 70
0
 10
16.0
 20
100.26438703762824
 10
16.0
 20
10.5
  0
ARC
  5
842
330
82E
100
AcDbEntity
  8
C-PED
100
AcDbCircle
 10
18.5
 20
10.5
 30
0.0
 40
2.5
100
AcDbArc
 50
180.0
 51
270.0
  0
LWPOLYLINE
  5
843
330
82E
100
AcDbEntity
  8
C-CURB
100
AcDbPolyline
 90
2
 70
0
 10
100.26438703762824
 20
-3.5
 10
18.5
 20
-3.5
  0
LWPOLYLINE
  5
844
330
82E
100
AcDbEntity
  8
C-CURB
100
AcDbPolyline
 90
2
 70
0
 10
11.5
 20
-100.26438703762824
 10
11.5
 20
-10.5
  0
ARC
  5
845
330
82E
100
AcDbEntity
  8
C-CURB
100
AcDbCircle
 10
18.5
 20
-10.5
 30
0.0
 40
7.0
100
AcDbArc
 50
90.0
 51
180.0
  0
LWPOLYLINE
  5
846
330
82E
100
AcDbEntity
  8
C-PED
100
AcDbPolyline
 90
2
 70
0
 10
100.26438703762824
 20
-6.0
 10
18.5
 20
-6.0
  0
LWPOLYLINE
  5
847
330
82E
100
AcDbEntity
  8
C-PED
100
AcDbPolyline
 90
2
 70
0
 10
14.0
 20
-100.26438703762824
 10
14.0
 20
-10.5
  0
ARC
  5
848
330
82E
100
AcDbEntity
  8
C-PED
100
AcDbCircle
 10
18.5
 20
-10.5
 30
0.0
 40
4.5
100
AcDbArc
 50
90.0
 51
180.0
  0
LWPOLYLINE
  5
849
330
82E
100
AcDbEntity
  8
C-PED
100
AcDbPolyline
 90
2
 70
0
 10
100.26438703762824
 20
-8.0
 10
18.5
 20
-8.0
  0
LWPOLYLINE
  5
84A
330
82E
100
AcDbEntity
  8
C-PED
100
AcDbPolyline
 90
2
 70
0
 10
16.0
 20
-100.26438703762824
 10
16.0
 20
-10.5
  0
ARC
  5
84B
330
82E
100
AcDbEntity
  8
C-PED
100
AcDbCircle
 10
18.5
 20
-10.5
 30
0.0
 40
2.5
100
AcDbArc
 50
90.0
 51
180.0
  0
LWPOLYLINE
  5
84C
330
82E
100
AcDbEntity
  8
C-CURB
100
AcDbPolyline
 90
2
 70
0
 10
-100.26438703762824
 20
-3.5
 10
-18.5
 20
-3.5
  0
LWPOLYLINE
  5
84D
330
82E
100
AcDbEntity
  8
C-CURB
100
AcDbPolyline
 90
2
 70
0
 10
-11.5
 20
-100.26438703762824
 10
-11.5
 20
-10.5
  0
ARC
  5
84E
330
82E
100
AcDbEntity
  8
C-CURB
100
AcDbCircle
 10
-18.5
 20
-10.5
 30
0.0
 40
7.0
100
AcDbArc
 50
0.0
 51
90.0
  0
LWPOLYLINE
  5
84F
330
82E
100
AcDbEntity
  8
C-PED
100
AcDbPolyline
 90
2
 70
0
 10
-100.26438703762824
 20
-6.0
 10
-18.5
 20
-6.0
  0
LWPOLYLINE
  5
850
330
82E
100
AcDbEntity
  8
C-PED
100
AcDbPolyline
 90
2
 70
0
 10
-14.0
 20
-100.26438703762824
 10
-14.0
 20
-10.5
  0
ARC
  5
851
330
82E
100
AcDbEntity
  8
C-PED
100
AcDbCircle
 10
-18.5
 20
-10.5
 30
0.0
 40
4.5
100
AcDbArc
 50
0.0
 51
90.0
  0
LWPOLYLINE
  5
852
330
82E
100
AcDbEntity
  8
C-PED
100
AcDbPolyline
 90
2
 70
0
 10
-100.26438703762824
 20
-8.0
 10
-18.5
 20
-8.0
  0
LWPOLYLINE
  5
853
330
82E
100
AcDbEntity
  8
C-PED
100
AcDbPolyline
 90
2
 70
0
 10
-16.0
 20
-100.26438703762824
 10
-16.0
 20
-10.5
  0
ARC
  5
854
330
82E
100
AcDbEntity
  8
C-PED
100
AcDbCircle
 10
-18.5
 20
-10.5
 30
0.0
 40
2.5
100
AcDbArc
 50
0.0
 51
90.0
  0
LWPOLYLINE
  5
855
330
82E
100
AcDbEntity
  8
C-MARK-YELW
100
AcDbPolyline
 90
2
 70
0
 10
-100.26438703762824
 20
0.0
 10
-17.6
 20
0.0
  0
LWPOLYLINE
  5
856
330
82E
100
AcDbEntity
  8
C-MARK-YELW
100
AcDbPolyline
 90
2
 70
0
 10
17.6
 20
0.0
 10
100.26438703762824
 20
0.0
  0
LWPOLYLINE
  5
857
330
82E
100
AcDbEntity
  8
C-MARK-LANE
100
AcDbPolyline
 90
2
 70
0
 10
4.5
 20
-100.26438703762824
 10
4.5
 20
-9.6
  0
LWPOLYLINE
  5
858
330
82E
100
AcDbEntity
  8
C-MARK-LANE
100
AcDbPolyline
 90
2
 70
0
 10
4.5
 20
9.6
 10
4.5
 20
100.26438703762824
  0
LWPOLYLINE
  5
859
330
82E
100
AcDbEntity
  8
C-MARK-LANE
100
AcDbPolyline
 90
2
 70
0
 10
-4.5
 20
-100.26438703762824
 10
-4.5
 20
-9.6
  0
LWPOLYLINE
  5
85A
330
82E
100
AcDbEntity
  8
C-MARK-LANE
100
AcDbPolyline
 90
2
 70
0
 10
-4.5
 20
9.6
 10
-4.5
 20
100.26438703762824
  0
LWPOLYLINE
  5
85B
330
82E
100
AcDbEntity
  8
C-MARK-LANE
100
AcDbPolyline
 90
2
 70
0
 10
8.0
 20
-100.26438703762824
 10
8.0
 20
-9.6
  0
LWPOLYLINE
  5
85C
330
82E
100
AcDbEntity
  8
C-MARK-LANE
100
AcDbPolyline
 90
2
 70
0
 10
8.0
 20
9.6
 10
8.0
 20
100.26438703762824
  0
LWPOLYLINE
  5
85D
330
82E
100
AcDbEntity
  8
C-MARK-LANE
100
AcDbPolyline
 90
2
 70
0
 10
-8.0
 20
-100.26438703762824
 10
-8.0
 20
-9.6
  0
LWPOLYLINE
  5
85E
330
82E
100
AcDbEntity
  8
C-MARK-LANE
100
AcDbPolyline
 90
2
 70
0
 10
-8.0
 20
9.6
 10
-8.0
 20
100.26438703762824
  0
LWPOLYLINE
  5
85F
330
82E
100
AcDbEntity
  8
C-MARK-EXT
100
AcDbPolyline
 90
2
 70
0
 10
4.5
 20
-5.0
 10
4.5
 20
5.0
  0
LWPOLYLINE
  5
860
330
82E
100
AcDbEntity
  8
C-MARK-EXT
100
AcDbPolyline
 90
2
 70
0
 10
-4.5
 20
-5.0
 10
-4.5
 20
5.0
  0
LWPOLYLINE
  5
861
330
82E
100
AcDbEntity
  8
C-MARK-EXT
100
AcDbPolyline
 90
2
 70
0
 10
8.0
 20
-5.0
 10
8.0
 20
5.0
  0
LWPOLYLINE
  5
862
330
82E
100
AcDbEntity
  8
C-MARK-EXT
100
AcDbPolyline
 90
2
 70
0
 10
-8.0
 20
-5.0
 10
-8.0
 20
5.0
  0
LWPOLYLINE
  5
863
330
82E
100
AcDbEntity
  8
C-MARK-STOP
100
AcDbPolyline
 90
4
 70
1
 10
-17.6
 20
-3.5
 10
-17.0
 20
-3.5
 10
-17.0
 20
-0.0
 10
-17.6
 20
-0.0
  0
HATCH
  5
864
330
82E
100
AcDbEntity
  8
C-MARK-STOP
 62
7
100
AcDbHatch
 10
0.0
 20
0.0
 30
0.0
210
0.0
220
0.0
230
1.0
  2
SOLID
 70
1
 71
0
 91
1
 92
3
 72
0
 73
1
 93
4
 10
-17.6
 20
-3.5
 10
-17.0
 20
-3.5
 10
-17.0
 20
-0.0
 10
-17.6
 20
-0.0
 97
0
 75
0
 76
1
 98
0
  0
LWPOLYLINE
  5
865
330
82E
100
AcDbEntity
  8
C-MARK-STOP
100
AcDbPolyline
 90
4
 70
1
 10
17.0
 20
0.0
 10
17.6
 20
0.0
 10
17.6
 20
3.5
 10
17.0
 20
3.5
  0
HATCH
  5
866
330
82E
100
AcDbEntity
  8
C-MARK-STOP
 62
7
100
AcDbHatch
 10
0.0
 20
0.0
 30
0.0
210
0.0
220
0.0
230
1.0
  2
SOLID
 70
1
 71
0
 91
1
 92
3
 72
0
 73
1
 93
4
 10
17.0
 20
0.0
 10
17.6
 20
0.0
 10
17.6
 20
3.5
 10
17.0
 20
3.5
 97
0
 75
0
 76
1
 98
0
  0
LWPOLYLINE
  5
867
330
82E
100
AcDbEntity
  8
C-MARK-STOP
100
AcDbPolyline
 90
4
 70
1
 10
1.0
 20
-9.6
 10
11.5
 20
-9.6
 10
11.5
 20
-9.0
 10
1.0
 20
-9.0
  0
HATCH
  5
868
330
82E
100
AcDbEntity
  8
C-MARK-STOP
 62
7
100
AcDbHatch
 10
0.0
 20
0.0
 30
0.0
210
0.0
220
0.0
230
1.0
  2
SOLID
 70
1
 71
0
 91
1
 92
3
 72
0
 73
1
 93
4
 10
1.0
 20
-9.6
 10
11.5
 20
-9.6
 10
11.5
 20
-9.0
 10
1.0
 20
-9.0
 97
0
 75
0
 76
1
 98
0
  0
LWPOLYLINE
  5
869
330
82E
100
AcDbEntity
  8
C-MARK-STOP
100
AcDbPolyline
 90
4
 70
1
 10
-11.5
 20
9.0
 10
-1.0
 20
9.0
 10
-1.0
 20
9.6
 10
-11.5
 20
9.6
  0
HATCH
  5
86A
330
82E
100
AcDbEntity
  8
C-MARK-STOP
 62
7
100
AcDbHatch
 10
0.0
 20
0.0
 30
0.0
210
0.0
220
0.0
230
1.0
  2
SOLID
 70
1
 71
0
 91
1
 92
3
 72
0
 73
1
 93
4
 10
-11.5
 20
9.0
 10
-1.0
 20
9.0
 10
-1.0
 20
9.6
 10
-11.5
 20
9.6
 97
0
 75
0
 76
1
 98
0
  0
LWPOLYLINE
  5
86B
330
82E
100
AcDbEntity
  8
C-MARK
100
AcDbPolyline
 90
2
 70
0
 10
-16.0
 20
-3.5
 10
-13.0
 20
-3.5
  0
LWPOLYLINE
  5
86C
330
82E
100
AcDbEntity
  8
C-MARK
100
AcDbPolyline
 90
2
 70
0
 10
-16.0
 20
3.5
 10
-13.0
 20
3.5
  0
LWPOLYLINE
  5
86D
330
82E
100
AcDbEntity
  8
C-MARK
100
AcDbPolyline
 90
4
 70
1
 10
-16.0
 20
-3.0
 10
-13.0
 20
-3.0
 10
-13.0
 20
-2.5
 10
-16.0
 20
-2.5
  0
LWPOLYLINE
  5
86E
330
82E
100
AcDbEntity
  8
C-MARK
100
AcDbPolyline
 90
4
 70
1
 10
-16.0
 20
-2.0
 10
-13.0
 20
-2.0
 10
-13.0
 20
-1.5
 10
-16.0
 20
-1.5
  0
LWPOLYLINE
  5
86F
330
82E
100
AcDbEntity
  8
C-MARK
100
AcDbPolyline
 90
4
 70
1
 10
-16.0
 20
-1.0
 10
-13.0
 20
-1.0
 10
-13.0
 20
-0.5
 10
-16.0
 20
-0.5
  0
LWPOLYLINE
  5
870
330
82E
100
AcDbEntity
  8
C-MARK
100
AcDbPolyline
 90
4
 70
1
 10
-16.0
 20
0.0
 10
-13.0
 20
0.0
 10
-13.0
 20
0.5
 10
-16.0
 20
0.5
  0
LWPOLYLINE
  5
871
330
82E
100
AcDbEntity
  8
C-MARK
100
AcDbPolyline
 90
4
 70
1
 10
-16.0
 20
1.0
 10
-13.0
 20
1.0
 10
-13.0
 20
1.5
 10
-16.0
 20
1.5
  0
LWPOLYLINE
  5
872
330
82E
100
AcDbEntity
  8
C-MARK
100
AcDbPolyline
 90
4
 70
1
 10
-16.0
 20
2.0
 10
-13.0
 20
2.0
 10
-13.0
 20
2.5
 10
-16.0
 20
2.5
  0
LWPOLYLINE
  5
873
330
82E
100
AcDbEntity
  8
C-MARK
100
AcDbPolyline
 90
2
 70
0
 10
13.0
 20
-3.5
 10
16.0
 20
-3.5
  0
LWPOLYLINE
  5
874
330
82E
100
AcDbEntity
  8
C-MARK
100
AcDbPolyline
 90
2
 70
0
 10
13.0
 20
3.5
 10
16.0
 20
3.5
  0
LWPOLYLINE
  5
875
330
82E
100
AcDbEntity
  8
C-MARK
100
AcDbPolyline
 90
4
 70
1
 10
13.0
 20
-3.0
 10
16.0
 20
-3.0
 10
16.0
 20
-2.5
 10
13.0
 20
-2.5
  0
LWPOLYLINE
  5
876
330
82E
100
AcDbEntity
  8
C-MARK
100
AcDbPolyline
 90
4
 70
1
 10
13.0
 20
-2.0
 10
16.0
 20
-2.0
 10
16.0
 20
-1.5
 10
13.0
 20
-1.5
  0
LWPOLYLINE
  5
877
330
82E
100
AcDbEntity
  8
C-MARK
100
AcDbPolyline
 90
4
 70
1
 10
13.0
 20
-1.0
 10
16.0
 20
-1.0
 10
16.0
 20
-0.5
 10
13.0
 20
-0.5
  0
LWPOLYLINE
  5
878
330
82E
100
AcDbEntity
  8
C-MARK
100
AcDbPolyline
 90
4
 70
1
 10
13.0
 20
0.0
 10
16.0
 20
0.0
 10
16.0
 20
0.5
 10
13.0
 20
0.5
  0
LWPOLYLINE
  5
879
330
82E
100
AcDbEntity
  8
C-MARK
100
AcDbPolyline
 90
4
 70
1
 10
13.0
 20
1.0
 10
16.0
 20
1.0
 10
16.0
 20
1.5
 10
13.0
 20
1.5
  0
LWPOLYLINE
  5
87A
330
82E
100
AcDbEntity
  8
C-MARK
100
AcDbPolyline
 90
4
 70
1
 10
13.0
 20
2.0
 10
16.0
 20
2.0
 10
16.0
 20
2.5
 10
13.0
 20
2.5
  0
LWPOLYLINE
  5
87B
330
82E
100
AcDbEntity
  8
C-MARK
100
AcDbPolyline
 90
2
 70
0
 10
-11.5
 20
-8.0
 10
11.5
 20
-8.0
  0
LWPOLYLINE
  5
87C
330
82E
100
AcDbEntity
  8
C-MARK
100
AcDbPolyline
 90
2
 70
0
 10
-11.5
 20
-5.0
 10
11.5
 20
-5.0
  0
LWPOLYLINE
  5
87D
330
82E
100
AcDbEntity
  8
C-MARK
100
AcDbPolyline
 90
4
 70
1
 10
-11.0
 20
-8.0
 10
-10.5
 20
-8.0
 10
-10.5
 20
-5.0
 10
-11.0
 20
-5.0
  0
LWPOLYLINE
  5
87E
330
82E
100
AcDbEntity
  8
C-MARK
100
AcDbPolyline
 90
4
 70
1
 10
-10.0
 20
-8.0
 10
-9.5
 20
-8.0
 10
-9.5
 20
-5.0
 10
-10.0
 20
-5.0
  0
LWPOLYLINE
  5
87F
330
82E
100
AcDbEntity
  8
C-MARK
100
AcDbPolyline
 90
4
 70
1
 10
-9.0
 20
-8.0
 10
-8.5
 20
-8.0
 10
-8.5
 20
-5.0
 10
-9.0
 20
-5.0
  0
LWPOLYLINE
  5
880
330
82E
100
AcDbEntity
  8
C-MARK
100
AcDbPolyline
 90
4
 70
1
 10
-8.0
 20
-8.0
 10
-7.5
 20
-8.0
 10
-7.5
 20
-5.0
 10
-8.0
 20
-5.0
  0
LWPOLYLINE
  5
881
330
82E
100
AcDbEntity
  8
C-MARK
100
AcDbPolyline
 90
4
 70
1
 10
-7.0
 20
-8.0
 10
-6.5
 20
-8.0
 10
-6.5
 20
-5.0
 10
-7.0
 20
-5.0
  0
LWPOLYLINE
  5
882
330
82E
100
AcDbEntity
  8
C-MARK
100
AcDbPolyline
 90
4
 70
1
 10
-6.0
 20
-8.0
 10
-5.5
 20
-8.0
 10
-5.5
 20
-5.0
 10
-6.0
 20
-5.0
  0
LWPOLYLINE
  5
883
330
82E
100
AcDbEntity
  8
C-MARK
100
AcDbPolyline
 90
4
 70
1
 10
-5.0
 20
-8.0
 10
-4.5
 20
-8.0
 10
-4.5
 20
-5.0
 10
-5.0
 20
-5.0
  0
LWPOLYLINE
  5
884
330
82E
100
AcDbEntity
  8
C-MARK
100
AcDbPolyline
 90
4
 70
1
 10
-4.0
 20
-8.0
 10
-3.5
 20
-8.0
 10
-3.5
 20
-5.0
 10
-4.0
 20
-5.0
  0
LWPOLYLINE
  5
885
330
82E
100
AcDbEntity
  8
C-MARK
100
AcDbPolyline
 90
4
 70
1
 10
-3.0
 20
-8.0
 10
-2.5
 20
-8.0
 10
-2.5
 20
-5.0
 10
-3.0
 20
-5.0
  0
LWPOLYLINE
  5
886
330
82E
100
AcDbEntity
  8
C-MARK
100
AcDbPolyline
 90
4
 70
1
 10
-2.0
 20
-8.0
 10
-1.5
 20
-8.0
 10
-1.5
 20
-5.0
 10
-2.0
 20
-5.0
  0
LWPOLYLINE
  5
887
330
82E
100
AcDbEntity
  8
C-MARK
100
AcDbPolyline
 90
4
 70
1
 10
-1.0
 20
-8.0
 10
-0.5
 20
-8.0
 10
-0.5
 20
-5.0
 10
-1.0
 20
-5.0
  0
LWPOLYLINE
  5
888
330
82E
100
AcDbEntity
  8
C-MARK
100
AcDbPolyline
 90
4
 70
1
 10
0.0
 20
-8.0
 10
0.5
 20
-8.0
 10
0.5
 20
-5.0
 10
0.0
 20
-5.0
  0
LWPOLYLINE
  5
889
330
82E
100
AcDbEntity
  8
C-MARK
100
AcDbPolyline
 90
4
 70
1
 10
1.0
 20
-8.0
 10
1.5
 20
-8.0
 10
1.5
 20
-5.0
 10
1.0
 20
-5.0
  0
LWPOLYLINE
  5
88A
330
82E
100
AcDbEntity
  8
C-MARK
100
AcDbPolyline
 90
4
 70
1
 10
2.0
 20
-8.0
 10
2.5
 20
-8.0
 10
2.5
 20
-5.0
 10
2.0
 20
-5.0
  0
LWPOLYLINE
  5
88B
330
82E
100
AcDbEntity
  8
C-MARK
100
AcDbPolyline
 90
4
 70
1
 10
3.0
 20
-8.0
 10
3.5
 20
-8.0
 10
3.5
 20
-5.0
 10
3.0
 20
-5.0
  0
LWPOLYLINE
  5
88C
330
82E
100
AcDbEntity
  8
C-MARK
100
AcDbPolyline
 90
4
 70
1
 10
4.0
 20
-8.0
 10
4.5
 20
-8.0
 10
4.5
 20
-5.0
 10
4.0
 20
-5.0
  0
LWPOLYLINE
  5
88D
330
82E
100
AcDbEntity
  8
C-MARK
100
AcDbPolyline
 90
4
 70
1
 10
5.0
 20
-8.0
 10
5.5
 20
-8.0
 10
5.5
 20
-5.0
 10
5.0
 20
-5.0
  0
LWPOLYLINE
  5
88E
330
82E
100
AcDbEntity
  8
C-MARK
100
AcDbPolyline
 90
4
 70
1
 10
6.0
 20
-8.0
 10
6.5
 20
-8.0
 10
6.5
 20
-5.0
 10
6.0
 20
-5.0
  0
LWPOLYLINE
  5
88F
330
82E
100
AcDbEntity
  8
C-MARK
100
AcDbPolyline
 90
4
 70
1
 10
7.0
 20
-8.0
 10
7.5
 20
-8.0
 10
7.5
 20
-5.0
 10
7.0
 20
-5.0
  0
LWPOLYLINE
  5
890
330
82E
100
AcDbEntity
  8
C-MARK
100
AcDbPolyline
 90
4
 70
1
 10
8.0
 20
-8.0
 10
8.5
 20
-8.0
 10
8.5
 20
-5.0
 10
8.0
 20
-5.0
  0
LWPOLYLINE
  5
891
330
82E
100
AcDbEntity
  8
C-MARK
100
AcDbPolyline
 90
4
 70
1
 10
9.0
 20
-8.0
 10
9.5
 20
-8.0
 10
9.5
 20
-5.0
 10
9.0
 20
-5.0
  0
LWPOLYLINE
  5
892
330
82E
100
AcDbEntity
  8
C-MARK
100
AcDbPolyline
 90
4
 70
1
 10
10.0
 20
-8.0
 10
10.5
 20
-8.0
 10
10.5
 20
-5.0
 10
10.0
 20
-5.0
  0
LWPOLYLINE
  5
893
330
82E
100
AcDbEntity
  8
C-MARK
100
AcDbPolyline
 90
2
 70
0
 10
-11.5
 20
5.0
 10
11.5
 20
5.0
  0
LWPOLYLINE
  5
894
330
82E
100
AcDbEntity
  8
C-MARK
100
AcDbPolyline
 90
2
 70
0
 10
-11.5
 20
8.0
 10
11.5
 20
8.0
  0
LWPOLYLINE
  5
895
330
82E
100
AcDbEntity
  8
C-MARK
100
AcDbPolyline
 90
4
 70
1
 10
-11.0
 20
5.0
 10
-10.5
 20
5.0
 10
-10.5
 20
8.0
 10
-11.0
 20
8.0
  0
LWPOLYLINE
  5
896
330
82E
100
AcDbEntity
  8
C-MARK
100
AcDbPolyline
 90
4
 70
1
 10
-10.0
 20
5.0
 10
-9.5
 20
5.0
 10
-9.5
 20
8.0
 10
-10.0
 20
8.0
  0
LWPOLYLINE
  5
897
330
82E
100
AcDbEntity
  8
C-MARK
100
AcDbPolyline
 90
4
 70
1
 10
-9.0
 20
5.0
 10
-8.5
 20
5.0
 10
-8.5
 20
8.0
 10
-9.0
 20
8.0
  0
LWPOLYLINE
  5
898
330
82E
100
AcDbEntity
  8
C-MARK
100
AcDbPolyline
 90
4
 70
1
 10
-8.0
 20
5.0
 10
-7.5
 20
5.0
 10
-7.5
 20
8.0
 10
-8.0
 20
8.0
  0
LWPOLYLINE
  5
899
330
82E
100
AcDbEntity
  8
C-MARK
100
AcDbPolyline
 90
4
 70
1
 10
-7.0
 20
5.0
 10
-6.5
 20
5.0
 10
-6.5
 20
8.0
 10
-7.0
 20
8.0
  0
LWPOLYLINE
  5
89A
330
82E
100
AcDbEntity
  8
C-MARK
100
AcDbPolyline
 90
4
 70
1
 10
-6.0
 20
5.0
 10
-5.5
 20
5.0
 10
-5.5
 20
8.0
 10
-6.0
 20
8.0
  0
LWPOLYLINE
  5
89B
330
82E
100
AcDbEntity
  8
C-MARK
100
AcDbPolyline
 90
4
 70
1
 10
-5.0
 20
5.0
 10
-4.5
 20
5.0
 10
-4.5
 20
8.0
 10
-5.0
 20
8.0
  0
LWPOLYLINE
  5
89C
330
82E
100
AcDbEntity
  8
C-MARK
100
AcDbPolyline
 90
4
 70
1
 10
-4.0
 20
5.0
 10
-3.5
 20
5.0
 10
-3.5
 20
8.0
 10
-4.0
 20
8.0
  0
LWPOLYLINE
  5
89D
330
82E
100
AcDbEntity
  8
C-MARK
100
AcDbPolyline
 90
4
 70
1
 10
-3.0
 20
5.0
 10
-2.5
 20
5.0
 10
-2.5
 20
8.0
 10
-3.0
 20
8.0
  0
LWPOLYLINE
  5
89E
330
82E
100
AcDbEntity
  8
C-MARK
100
AcDbPolyline
 90
4
 70
1
 10
-2.0
 20
5.0
 10
-1.5
 20
5.0
 10
-1.5
 20
8.0
 10
-2.0
 20
8.0
  0
LWPOLYLINE
  5
89F
330
82E
100
AcDbEntity
  8
C-MARK
100
AcDbPolyline
 90
4
 70
1
 10
-1.0
 20
5.0
 10
-0.5
 20
5.0
 10
-0.5
 20
8.0
 10
-1.0
 20
8.0
  0
LWPOLYLINE
  5
8A0
330
82E
100
AcDbEntity
  8
C-MARK
100
AcDbPolyline
 90
4
 70
1
 10
0.0
 20
5.0
 10
0.5
 20
5.0
 10
0.5
 20
8.0
 10
0.0
 20
8.0
  0
LWPOLYLINE
  5
8A1
330
82E
100
AcDbEntity
  8
C-MARK
100
AcDbPolyline
 90
4
 70
1
 10
1.0
 20
5.0
 10
1.5
 20
5.0
 10
1.5
 20
8.0
 10
1.0
 20
8.0
  0
LWPOLYLINE
  5
8A2
330
82E
100
AcDbEntity
  8
C-MARK
100
AcDbPolyline
 90
4
 70
1
 10
2.0
 20
5.0
 10
2.5
 20
5.0
 10
2.5
 20
8.0
 10
2.0
 20
8.0
  0
LWPOLYLINE
  5
8A3
330
82E
100
AcDbEntity
  8
C-MARK
100
AcDbPolyline
 90
4
 70
1
 10
3.0
 20
5.0
 10
3.5
 20
5.0
 10
3.5
 20
8.0
 10
3.0
 20
8.0
  0
LWPOLYLINE
  5
8A4
330
82E
100
AcDbEntity
  8
C-MARK
100
AcDbPolyline
 90
4
 70
1
 10
4.0
 20
5.0
 10
4.5
 20
5.0
 10
4.5
 20
8.0
 10
4.0
 20
8.0
  0
LWPOLYLINE
  5
8A5
330
82E
100
AcDbEntity
  8
C-MARK
100
AcDbPolyline
 90
4
 70
1
 10
5.0
 20
5.0
 10
5.5
 20
5.0
 10
5.5
 20
8.0
 10
5.0
 20
8.0
  0
LWPOLYLINE
  5
8A6
330
82E
100
AcDbEntity
  8
C-MARK
100
AcDbPolyline
 90
4
 70
1
 10
6.0
 20
5.0
 10
6.5
 20
5.0
 10
6.5
 20
8.0
 10
6.0
 20
8.0
  0
LWPOLYLINE
  5
8A7
330
82E
100
AcDbEntity
  8
C-MARK
100
AcDbPolyline
 90
4
 70
1
 10
7.0
 20
5.0
 10
7.5
 20
5.0
 10
7.5
 20
8.0
 10
7.0
 20
8.0
  0
LWPOLYLINE
  5
8A8
330
82E
100
AcDbEntity
  8
C-MARK
100
AcDbPolyline
 90
4
 70
1
 10
8.0
 20
5.0
 10
8.5
 20
5.0
 10
8.5
 20
8.0
 10
8.0
 20
8.0
  0
LWPOLYLINE
  5
8A9
330
82E
100
AcDbEntity
  8
C-MARK
100
AcDbPolyline
 90
4
 70
1
 10
9.0
 20
5.0
 10
9.5
 20
5.0
 10
9.5
 20
8.0
 10
9.0
 20
8.0
  0
LWPOLYLINE
  5
8AA
330
82E
100
AcDbEntity
  8
C-MARK
100
AcDbPolyline
 90
4
 70
1
 10
10.0
 20
5.0
 10
10.5
 20
5.0
 10
10.5
 20
8.0
 10
10.0
 20
8.0
  0
INSERT
  5
8AB
330
82E
100
AcDbEntity
  8
C-MARK
100
AcDbBlockReference
  2
ARROW-LTR
 10
-26.0
 20
-1.75
 30
0.0
 50
270.0
  0
INSERT
  5
8AD
330
82E
100
AcDbEntity
  8
C-MARK
100
AcDbBlockReference
  2
ARROW-LTR
 10
26.0
 20
1.75
 30
0.0
 50
90.0
  0
INSERT
  5
8AF
330
82E
100
AcDbEntity
  8
C-MARK
100
AcDbBlockReference
  2
ARROW-L
 10
2.75
 20
-18.0
 30
0.0
  0
INSERT
  5
8B1
330
82E
100
AcDbEntity
  8
C-MARK
100
AcDbBlockReference
  2
ARROW-T
 10
6.25
 20
-18.0
 30
0.0
  0
INSERT
  5
8B3
330
82E
100
AcDbEntity
  8
C-MARK
100
AcDbBlockReference
  2
ARROW-TR
 10
9.75
 20
-18.0
 30
0.0
  0
INSERT
  5
8B5
330
82E
100
AcDbEntity
  8
C-MARK
100
AcDbBlockReference
  2
ARROW-L
 10
-2.75
 20
18.0
 30
0.0
 50
180.0
  0
INSERT
  5
8B7
330
82E
100
AcDbEntity
  8
C-MARK
100
AcDbBlockReference
  2
ARROW-T
 10
-6.25
 20
18.0
 30
0.0
 50
180.0
  0
INSERT
  5
8B9
330
82E
100
AcDbEntity
  8
C-MARK
100
AcDbBlockReference
  2
ARROW-TR
 10
-9.75
 20
18.0
 30
0.0
 50
180.0
  0
INSERT
  5
8BB
330
82E
100
AcDbEntity
  8
C-MARK
100
AcDbBlockReference
  2
ARROW-LTR
 10
-42.0
 20
-1.75
 30
0.0
 50
270.0
  0
INSERT
  5
8BD
330
82E
100
AcDbEntity
  8
C-MARK
100
AcDbBlockReference
  2
ARROW-LTR
 10
42.0
 20
1.75
 30
0.0
 50
90.0
  0
INSERT
  5
8BF
330
82E
100
AcDbEntity
  8
C-MARK
100
AcDbBlockReference
  2
ARROW-L
 10
2.75
 20
-34.0
 30
0.0
  0
INSERT
  5
8C1
330
82E
100
AcDbEntity
  8
C-MARK
100
AcDbBlockReference
  2
ARROW-T
 10
6.25
 20
-34.0
 30
0.0
  0
INSERT
  5
8C3
330
82E
100
AcDbEntity
  8
C-MARK
100
AcDbBlockReference
  2
ARROW-TR
 10
9.75
 20
-34.0
 30
0.0
  0
INSERT
  5
8C5
330
82E
100
AcDbEntity
  8
C-MARK
100
AcDbBlockReference
  2
ARROW-L
 10
-2.75
 20
34.0
 30
0.0
 50
180.0
  0
INSERT
  5
8C7
330
82E
100
AcDbEntity
  8
C-MARK
100
AcDbBlockReference
  2
ARROW-T
 10
-6.25
 20
34.0
 30
0.0
 50
180.0
  0
INSERT
  5
8C9
330
82E
100
AcDbEntity
  8
C-MARK
100
AcDbBlockReference
  2
ARROW-TR
 10
-9.75
 20
34.0
 30
0.0
 50
180.0
  0
INSERT
  5
8CB
330
82E
100
AcDbEntity
  8
C-SGNL
100
AcDbBlockReference
  2
SIG-MASTARM
 10
-16.5
 20
10.5
 30
0.0
  0
INSERT
  5
8CD
330
82E
100
AcDbEntity
  8
C-SGNL
100
AcDbBlockReference
  2
SIG-MASTARM
 10
16.5
 20
10.5
 30
0.0
 50
270.0
  0
INSERT
  5
8CF
330
82E
100
AcDbEntity
  8
C-SGNL
100
AcDbBlockReference
  2
SIG-MASTARM
 10
16.5
 20
-10.5
 30
0.0
 50
180.0
  0
INSERT
  5
8D1
330
82E
100
AcDbEntity
  8
C-SGNL
100
AcDbBlockReference
  2
SIG-MASTARM
 10
-16.5
 20
-10.5
 30
0.0
 50
90.0
  0
INSERT
  5
8D3
330
82E
100
AcDbEntity
  8
C-SGNL
100
AcDbBlockReference
  2
SIG-3SEC
 10
2.75
 20
10.0
 30
0.0
 50
180.0
  0
INSERT
  5
8D5
330
82E
100
AcDbEntity
  8
C-SGNL
100
AcDbBlockReference
  2
SIG-3SEC
 10
6.25
 20
10.0
 30
0.0
 50
180.0
  0
INSERT
  5
8D7
330
82E
100
AcDbEntity
  8
C-SGNL
100
AcDbBlockReference
  2
SIG-3SEC
 10
9.75
 20
10.0
 30
0.0
 50
180.0
  0
INSERT
  5
8D9
330
82E
100
AcDbEntity
  8
C-SGNL
100
AcDbBlockReference
  2
SIG-3SEC
 10
-2.75
 20
-10.0
 30
0.0
  0
INSERT
  5
8DB
330
82E
100
AcDbEntity
  8
C-SGNL
100
AcDbBlockReference
  2
SIG-3SEC
 10
-6.25
 20
-10.0
 30
0.0
  0
INSERT
  5
8DD
330
82E
100
AcDbEntity
  8
C-SGNL
100
AcDbBlockReference
  2
SIG-3SEC
 10
-9.75
 20
-10.0
 30
0.0
  0
INSERT
  5
8DF
330
82E
100
AcDbEntity
  8
C-SGNL
100
AcDbBlockReference
  2
SIG-3SEC
 10
21.5
 20
-1.75
 30
0.0
 50
90.0
  0
INSERT
  5
8E1
330
82E
100
AcDbEntity
  8
C-SGNL
100
AcDbBlockReference
  2
SIG-3SEC
 10
-21.5
 20
1.75
 30
0.0
 50
270.0
  0
INSERT
  5
8E3
330
82E
100
AcDbEntity
  8
C-SGNL
100
AcDbBlockReference
  2
SIG-PED
 10
-13.5
 20
11.0
 30
0.0
  0
INSERT
  5
8E5
330
82E
100
AcDbEntity
  8
C-SGNL
100
AcDbBlockReference
  2
SIG-PED
 10
-19.0
 20
5.5
 30
0.0
 50
270.0
  0
INSERT
  5
8E7
330
82E
100
AcDbEntity
  8
C-SGNL
100
AcDbBlockReference
  2
SIG-PB
 10
-13.5
 20
8.0
 30
0.0
  0
INSERT
  5
8E9
330
82E
100
AcDbEntity
  8
C-SGNL
100
AcDbBlockReference
  2
SIG-PB
 10
-16.0
 20
5.5
 30
0.0
  0
INSERT
  5
8EB
330
82E
100
AcDbEntity
  8
C-PED
100
AcDbBlockReference
  2
CURB-RAMP-TWSI
 10
-15.325
 20
2.79
 30
0.0
  0
INSERT
  5
8ED
330
82E
100
AcDbEntity
  8
C-PED
100
AcDbBlockReference
  2
CURB-RAMP-TWSI
 10
-10.79
 20
7.325
 30
0.0
 50
270.0
  0
INSERT
  5
8EF
330
82E
100
AcDbEntity
  8
C-SGNL-UG
100
AcDbBlockReference
  2
SIG-JB
 10
-18.0
 20
9.0
 30
0.0
  0
INSERT
  5
8F1
330
82E
100
AcDbEntity
  8
C-SGNL
100
AcDbBlockReference
  2
SIG-PED
 10
13.5
 20
11.0
 30
0.0
  0
INSERT
  5
8F3
330
82E
100
AcDbEntity
  8
C-SGNL
100
AcDbBlockReference
  2
SIG-PED
 10
19.0
 20
5.5
 30
0.0
 50
90.0
  0
INSERT
  5
8F5
330
82E
100
AcDbEntity
  8
C-SGNL
100
AcDbBlockReference
  2
SIG-PB
 10
13.5
 20
8.0
 30
0.0
  0
INSERT
  5
8F7
330
82E
100
AcDbEntity
  8
C-SGNL
100
AcDbBlockReference
  2
SIG-PB
 10
16.0
 20
5.5
 30
0.0
  0
INSERT
  5
8F9
330
82E
100
AcDbEntity
  8
C-PED
100
AcDbBlockReference
  2
CURB-RAMP-TWSI
 10
13.675
 20
2.79
 30
0.0
  0
INSERT
  5
8FB
330
82E
100
AcDbEntity
  8
C-PED
100
AcDbBlockReference
  2
CURB-RAMP-TWSI
 10
10.79
 20
7.325
 30
0.0
 50
270.0
  0
INSERT
  5
8FD
330
82E
100
AcDbEntity
  8
C-SGNL-UG
100
AcDbBlockReference
  2
SIG-JB
 10
18.0
 20
9.0
 30
0.0
  0
INSERT
  5
8FF
330
82E
100
AcDbEntity
  8
C-SGNL
100
AcDbBlockReference
  2
SIG-PED
 10
13.5
 20
-11.0
 30
0.0
 50
180.0
  0
INSERT
  5
901
330
82E
100
AcDbEntity
  8
C-SGNL
100
AcDbBlockReference
  2
SIG-PED
 10
19.0
 20
-5.5
 30
0.0
 50
90.0
  0
INSERT
  5
903
330
82E
100
AcDbEntity
  8
C-SGNL
100
AcDbBlockReference
  2
SIG-PB
 10
13.5
 20
-8.0
 30
0.0
  0
INSERT
  5
905
330
82E
100
AcDbEntity
  8
C-SGNL
100
AcDbBlockReference
  2
SIG-PB
 10
16.0
 20
-5.5
 30
0.0
  0
INSERT
  5
907
330
82E
100
AcDbEntity
  8
C-PED
100
AcDbBlockReference
  2
CURB-RAMP-TWSI
 10
13.675
 20
-2.79
 30
0.0
  0
INSERT
  5
909
330
82E
100
AcDbEntity
  8
C-PED
100
AcDbBlockReference
  2
CURB-RAMP-TWSI
 10
10.79
 20
-5.675
 30
0.0
 50
270.0
  0
INSERT
  5
90B
330
82E
100
AcDbEntity
  8
C-SGNL-UG
100
AcDbBlockReference
  2
SIG-JB
 10
18.0
 20
-9.0
 30
0.0
  0
INSERT
  5
90D
330
82E
100
AcDbEntity
  8
C-SGNL
100
AcDbBlockReference
  2
SIG-PED
 10
-13.5
 20
-11.0
 30
0.0
 50
180.0
  0
INSERT
  5
90F
330
82E
100
AcDbEntity
  8
C-SGNL
100
AcDbBlockReference
  2
SIG-PED
 10
-19.0
 20
-5.5
 30
0.0
 50
270.0
  0
INSERT
  5
911
330
82E
100
AcDbEntity
  8
C-SGNL
100
AcDbBlockReference
  2
SIG-PB
 10
-13.5
 20
-8.0
 30
0.0
  0
INSERT
  5
913
330
82E
100
AcDbEntity
  8
C-SGNL
100
AcDbBlockReference
  2
SIG-PB
 10
-16.0
 20
-5.5
 30
0.0
  0
INSERT
  5
915
330
82E
100
AcDbEntity
  8
C-PED
100
AcDbBlockReference
  2
CURB-RAMP-TWSI
 10
-15.325
 20
-2.79
 30
0.0
  0
INSERT
  5
917
330
82E
100
AcDbEntity
  8
C-PED
100
AcDbBlockReference
  2
CURB-RAMP-TWSI
 10
-10.79
 20
-5.675
 30
0.0
 50
270.0
  0
INSERT
  5
919
330
82E
100
AcDbEntity
  8
C-SGNL-UG
100
AcDbBlockReference
  2
SIG-JB
 10
-18.0
 20
-9.0
 30
0.0
  0
LWPOLYLINE
  5
91B
330
82E
100
AcDbEntity
  8
C-SGNL-UG
100
AcDbPolyline
 90
5
 70
0
 10
-18.0
 20
9.0
 10
18.0
 20
9.0
 10
18.0
 20
-9.0
 10
-18.0
 20
-9.0
 10
-18.0
 20
9.0
  0
INSERT
  5
91C
330
82E
100
AcDbEntity
  8
C-SGNL
100
AcDbBlockReference
  2
SIG-CABINET
 10
-21.0
 20
13.0
 30
0.0
  0
LWPOLYLINE
  5
91E
330
82E
100
AcDbEntity
  8
C-SGNL-UG
100
AcDbPolyline
 90
2
 70
0
 10
-21.0
 20
13.0
 10
-18.0
 20
9.0
  0
INSERT
  5
91F
330
82E
100
AcDbEntity
  8
C-SGNL-DET
100
AcDbBlockReference
  2
DET-LOOP
 10
-21.0
 20
-1.75
 30
0.0
  0
INSERT
  5
921
330
82E
100
AcDbEntity
  8
C-SGNL-DET
100
AcDbBlockReference
  2
DET-LOOP
 10
21.0
 20
1.75
 30
0.0
  0
INSERT
  5
923
330
82E
100
AcDbEntity
  8
C-SGNL-DET
100
AcDbBlockReference
  2
DET-LOOP
 10
2.75
 20
-13.0
 30
0.0
  0
INSERT
  5
925
330
82E
100
AcDbEntity
  8
C-SGNL-DET
100
AcDbBlockReference
  2
DET-LOOP
 10
6.25
 20
-13.0
 30
0.0
  0
INSERT
  5
927
330
82E
100
AcDbEntity
  8
C-SGNL-DET
100
AcDbBlockReference
  2
DET-LOOP
 10
9.75
 20
-13.0
 30
0.0
  0
INSERT
  5
929
330
82E
100
AcDbEntity
  8
C-SGNL-DET
100
AcDbBlockReference
  2
DET-LOOP
 10
-2.75
 20
13.0
 30
0.0
  0
INSERT
  5
92B
330
82E
100
AcDbEntity
  8
C-SGNL-DET
100
AcDbBlockReference
  2
DET-LOOP
 10
-6.25
 20
13.0
 30
0.0
  0
INSERT
  5
92D
330
82E
100
AcDbEntity
  8
C-SGNL-DET
100
AcDbBlockReference
  2
DET-LOOP
 10
-9.75
 20
13.0
 30
0.0
  0
INSERT
  5
92F
330
82E
100
AcDbEntity
  8
C-SIGN
100
AcDbBlockReference
 66
1
  2
SIGN-POST
 10
-22.0
 20
13.0
 30
0.0
  0
ATTRIB
  5
931
330
82E
100
AcDbEntity
  8
0
100
AcDbText
 10
-22.0
 20
14.3
 30
0.0
 40
0.9
  1
Rb-11
  7
ANNO
 72
1
 11
-22.0
 21
14.3
 31
0.0
100
AcDbAttribute
  2
CODE
 70
0
 74
2
  0
SEQEND
  5
930
330
92F
100
AcDbEntity
  8
C-SIGN
  0
INSERT
  5
932
330
82E
100
AcDbEntity
  8
C-SIGN
100
AcDbBlockReference
 66
1
  2
SIGN-POST
 10
22.0
 20
13.0
 30
0.0
  0
ATTRIB
  5
934
330
82E
100
AcDbEntity
  8
0
100
AcDbText
 10
22.0
 20
14.3
 30
0.0
 40
0.9
  1
Rb-11
  7
ANNO
 72
1
 11
22.0
 21
14.3
 31
0.0
100
AcDbAttribute
  2
CODE
 70
0
 74
2
  0
SEQEND
  5
933
330
932
100
AcDbEntity
  8
C-SIGN
  0
INSERT
  5
935
330
82E
100
AcDbEntity
  8
C-SIGN
100
AcDbBlockReference
 66
1
  2
SIGN-POST
 10
22.0
 20
-13.0
 30
0.0
  0
ATTRIB
  5
937
330
82E
100
AcDbEntity
  8
0
100
AcDbText
 10
22.0
 20
-11.7
 30
0.0
 40
0.9
  1
Rb-11
  7
ANNO
 72
1
 11
22.0
 21
-11.7
 31
0.0
100
AcDbAttribute
  2
CODE
 70
0
 74
2
  0
SEQEND
  5
936
330
935
100
AcDbEntity
  8
C-SIGN
  0
INSERT
  5
938
330
82E
100
AcDbEntity
  8
C-SIGN
100
AcDbBlockReference
 66
1
  2
SIGN-POST
 10
-22.0
 20
-13.0
 30
0.0
  0
ATTRIB
  5
93A
330
82E
100
AcDbEntity
  8
0
100
AcDbText
 10
-22.0
 20
-11.7
 30
0.0
 40
0.9
  1
Rb-11
  7
ANNO
 72
1
 11
-22.0
 21
-11.7
 31
0.0
100
AcDbAttribute
  2
CODE
 70
0
 74
2
  0
SEQEND
  5
939
330
938
100
AcDbEntity
  8
C-SIGN
  0
ENDBLK
  5
830
330
82E
100
AcDbEntity
  8
0
100
AcDbBlockEnd
  0
BLOCK
  5
93E
330
93D
100
AcDbEntity
  8
0
100
AcDbBlockBegin
  2
INT-128
 70
0
 10
0.0
 20
0.0
 30
0.0
  3
INT-128
  1

  0
LWPOLYLINE
  5
940
330
93D
100
AcDbEntity
  8
C-CURB
100
AcDbPolyline
 90
2
 70
0
 10
-95.0
 20
10.5
 10
-23.5
 20
10.5
  0
LWPOLYLINE
  5
941
330
93D
100
AcDbEntity
  8
C-CURB
100
AcDbPolyline
 90
2
 70
0
 10
-11.5
 20
95.0
 10
-11.5
 20
22.5
  0
ARC
  5
942
330
93D
100
AcDbEntity
  8
C-CURB
100
AcDbCircle
 10
-23.5
 20
22.5
 30
0.0
 40
12.0
100
AcDbArc
 50
270.0
 51
360.0
  0
LWPOLYLINE
  5
943
330
93D
100
AcDbEntity
  8
C-PED
100
AcDbPolyline
 90
2
 70
0
 10
-95.0
 20
13.0
 10
-23.5
 20
13.0
  0
LWPOLYLINE
  5
944
330
93D
100
AcDbEntity
  8
C-PED
100
AcDbPolyline
 90
2
 70
0
 10
-14.0
 20
95.0
 10
-14.0
 20
22.5
  0
ARC
  5
945
330
93D
100
AcDbEntity
  8
C-PED
100
AcDbCircle
 10
-23.5
 20
22.5
 30
0.0
 40
9.5
100
AcDbArc
 50
270.0
 51
360.0
  0
LWPOLYLINE
  5
946
330
93D
100
AcDbEntity
  8
C-PED
100
AcDbPolyline
 90
2
 70
0
 10
-95.0
 20
15.0
 10
-23.5
 20
15.0
  0
LWPOLYLINE
  5
947
330
93D
100
AcDbEntity
  8
C-PED
100
AcDbPolyline
 90
2
 70
0
 10
-16.0
 20
95.0
 10
-16.0
 20
22.5
  0
ARC
  5
948
330
93D
100
AcDbEntity
  8
C-PED
100
AcDbCircle
 10
-23.5
 20
22.5
 30
0.0
 40
7.5
100
AcDbArc
 50
270.0
 51
360.0
  0
LWPOLYLINE
  5
949
330
93D
100
AcDbEntity
  8
C-CURB
100
AcDbPolyline
 90
2
 70
0
 10
95.0
 20
10.5
 10
23.5
 20
10.5
  0
LWPOLYLINE
  5
94A
330
93D
100
AcDbEntity
  8
C-CURB
100
AcDbPolyline
 90
2
 70
0
 10
11.5
 20
95.0
 10
11.5
 20
22.5
  0
ARC
  5
94B
330
93D
100
AcDbEntity
  8
C-CURB
100
AcDbCircle
 10
23.5
 20
22.5
 30
0.0
 40
12.0
100
AcDbArc
 50
180.0
 51
270.0
  0
LWPOLYLINE
  5
94C
330
93D
100
AcDbEntity
  8
C-PED
100
AcDbPolyline
 90
2
 70
0
 10
95.0
 20
13.0
 10
23.5
 20
13.0
  0
LWPOLYLINE
  5
94D
330
93D
100
AcDbEntity
  8
C-PED
100
AcDbPolyline
 90
2
 70
0
 10
14.0
 20
95.0
 10
14.0
 20
22.5
  0
ARC
  5
94E
330
93D
100
AcDbEntity
  8
C-PED
100
AcDbCircle
 10
23.5
 20
22.5
 30
0.0
 40
9.5
100
AcDbArc
 50
180.0
 51
270.0
  0
LWPOLYLINE
  5
94F
330
93D
100
AcDbEntity
  8
C-PED
100
AcDbPolyline
 90
2
 70
0
 10
95.0
 20
15.0
 10
23.5
 20
15.0
  0
LWPOLYLINE
  5
950
330
93D
100
AcDbEntity
  8
C-PED
100
AcDbPolyline
 90
2
 70
0
 10
16.0
 20
95.0
 10
16.0
 20
22.5
  0
ARC
  5
951
330
93D
100
AcDbEntity
  8
C-PED
100
AcDbCircle
 10
23.5
 20
22.5
 30
0.0
 40
7.5
100
AcDbArc
 50
180.0
 51
270.0
  0
LWPOLYLINE
  5
952
330
93D
100
AcDbEntity
  8
C-CURB
100
AcDbPolyline
 90
2
 70
0
 10
95.0
 20
-10.5
 10
23.5
 20
-10.5
  0
LWPOLYLINE
  5
953
330
93D
100
AcDbEntity
  8
C-CURB
100
AcDbPolyline
 90
2
 70
0
 10
11.5
 20
-95.0
 10
11.5
 20
-22.5
  0
ARC
  5
954
330
93D
100
AcDbEntity
  8
C-CURB
100
AcDbCircle
 10
23.5
 20
-22.5
 30
0.0
 40
12.0
100
AcDbArc
 50
90.0
 51
180.0
  0
LWPOLYLINE
  5
955
330
93D
100
AcDbEntity
  8
C-PED
100
AcDbPolyline
 90
2
 70
0
 10
95.0
 20
-13.0
 10
23.5
 20
-13.0
  0
LWPOLYLINE
  5
956
330
93D
100
AcDbEntity
  8
C-PED
100
AcDbPolyline
 90
2
 70
0
 10
14.0
 20
-95.0
 10
14.0
 20
-22.5
  0
ARC
  5
957
330
93D
100
AcDbEntity
  8
C-PED
100
AcDbCircle
 10
23.5
 20
-22.5
 30
0.0
 40
9.5
100
AcDbArc
 50
90.0
 51
180.0
  0
LWPOLYLINE
  5
958
330
93D
100
AcDbEntity
  8
C-PED
100
AcDbPolyline
 90
2
 70
0
 10
95.0
 20
-15.0
 10
23.5
 20
-15.0
  0
LWPOLYLINE
  5
959
330
93D
100
AcDbEntity
  8
C-PED
100
AcDbPolyline
 90
2
 70
0
 10
16.0
 20
-95.0
 10
16.0
 20
-22.5
  0
ARC
  5
95A
330
93D
100
AcDbEntity
  8
C-PED
100
AcDbCircle
 10
23.5
 20
-22.5
 30
0.0
 40
7.5
100
AcDbArc
 50
90.0
 51
180.0
  0
LWPOLYLINE
  5
95B
330
93D
100
AcDbEntity
  8
C-CURB
100
AcDbPolyline
 90
2
 70
0
 10
-95.0
 20
-10.5
 10
-23.5
 20
-10.5
  0
LWPOLYLINE
  5
95C
330
93D
100
AcDbEntity
  8
C-CURB
100
AcDbPolyline
 90
2
 70
0
 10
-11.5
 20
-95.0
 10
-11.5
 20
-22.5
  0
ARC
  5
95D
330
93D
100
AcDbEntity
  8
C-CURB
100
AcDbCircle
 10
-23.5
 20
-22.5
 30
0.0
 40
12.0
100
AcDbArc
 50
0.0
 51
90.0
  0
LWPOLYLINE
  5
95E
330
93D
100
AcDbEntity
  8
C-PED
100
AcDbPolyline
 90
2
 70
0
 10
-95.0
 20
-13.0
 10
-23.5
 20
-13.0
  0
LWPOLYLINE
  5
95F
330
93D
100
AcDbEntity
  8
C-PED
100
AcDbPolyline
 90
2
 70
0
 10
-14.0
 20
-95.0
 10
-14.0
 20
-22.5
  0
ARC
  5
960
330
93D
100
AcDbEntity
  8
C-PED
100
AcDbCircle
 10
-23.5
 20
-22.5
 30
0.0
 40
9.5
100
AcDbArc
 50
0.0
 51
90.0
  0
LWPOLYLINE
  5
961
330
93D
100
AcDbEntity
  8
C-PED
100
AcDbPolyline
 90
2
 70
0
 10
-95.0
 20
-15.0
 10
-23.5
 20
-15.0
  0
LWPOLYLINE
  5
962
330
93D
100
AcDbEntity
  8
C-PED
100
AcDbPolyline
 90
2
 70
0
 10
-16.0
 20
-95.0
 10
-16.0
 20
-22.5
  0
ARC
  5
963
330
93D
100
AcDbEntity
  8
C-PED
100
AcDbCircle
 10
-23.5
 20
-22.5
 30
0.0
 40
7.5
100
AcDbArc
 50
0.0
 51
90.0
  0
LWPOLYLINE
  5
964
330
93D
100
AcDbEntity
  8
C-MARK-YELW
100
AcDbPolyline
 90
2
 70
0
 10
-95.0
 20
0.0
 10
-17.6
 20
0.0
  0
LWPOLYLINE
  5
965
330
93D
100
AcDbEntity
  8
C-MARK-YELW
100
AcDbPolyline
 90
2
 70
0
 10
17.6
 20
0.0
 10
95.0
 20
0.0
  0
LWPOLYLINE
  5
966
330
93D
100
AcDbEntity
  8
C-MARK-LANE
100
AcDbPolyline
 90
2
 70
0
 10
-95.0
 20
3.5
 10
-17.6
 20
3.5
  0
LWPOLYLINE
  5
967
330
93D
100
AcDbEntity
  8
C-MARK-LANE
100
AcDbPolyline
 90
2
 70
0
 10
17.6
 20
3.5
 10
95.0
 20
3.5
  0
LWPOLYLINE
  5
968
330
93D
100
AcDbEntity
  8
C-MARK-LANE
100
AcDbPolyline
 90
2
 70
0
 10
-95.0
 20
-3.5
 10
-17.6
 20
-3.5
  0
LWPOLYLINE
  5
969
330
93D
100
AcDbEntity
  8
C-MARK-LANE
100
AcDbPolyline
 90
2
 70
0
 10
17.6
 20
-3.5
 10
95.0
 20
-3.5
  0
LWPOLYLINE
  5
96A
330
93D
100
AcDbEntity
  8
C-MARK-LANE
100
AcDbPolyline
 90
2
 70
0
 10
-95.0
 20
7.0
 10
-17.6
 20
7.0
  0
LWPOLYLINE
  5
96B
330
93D
100
AcDbEntity
  8
C-MARK-LANE
100
AcDbPolyline
 90
2
 70
0
 10
17.6
 20
7.0
 10
95.0
 20
7.0
  0
LWPOLYLINE
  5
96C
330
93D
100
AcDbEntity
  8
C-MARK-LANE
100
AcDbPolyline
 90
2
 70
0
 10
-95.0
 20
-7.0
 10
-17.6
 20
-7.0
  0
LWPOLYLINE
  5
96D
330
93D
100
AcDbEntity
  8
C-MARK-LANE
100
AcDbPolyline
 90
2
 70
0
 10
17.6
 20
-7.0
 10
95.0
 20
-7.0
  0
LWPOLYLINE
  5
96E
330
93D
100
AcDbEntity
  8
C-MARK-LANE
100
AcDbPolyline
 90
2
 70
0
 10
4.5
 20
-95.0
 10
4.5
 20
-16.6
  0
LWPOLYLINE
  5
96F
330
93D
100
AcDbEntity
  8
C-MARK-LANE
100
AcDbPolyline
 90
2
 70
0
 10
4.5
 20
16.6
 10
4.5
 20
95.0
  0
LWPOLYLINE
  5
970
330
93D
100
AcDbEntity
  8
C-MARK-LANE
100
AcDbPolyline
 90
2
 70
0
 10
-4.5
 20
-95.0
 10
-4.5
 20
-16.6
  0
LWPOLYLINE
  5
971
330
93D
100
AcDbEntity
  8
C-MARK-LANE
100
AcDbPolyline
 90
2
 70
0
 10
-4.5
 20
16.6
 10
-4.5
 20
95.0
  0
LWPOLYLINE
  5
972
330
93D
100
AcDbEntity
  8
C-MARK-LANE
100
AcDbPolyline
 90
2
 70
0
 10
8.0
 20
-95.0
 10
8.0
 20
-16.6
  0
LWPOLYLINE
  5
973
330
93D
100
AcDbEntity
  8
C-MARK-LANE
100
AcDbPolyline
 90
2
 70
0
 10
8.0
 20
16.6
 10
8.0
 20
95.0
  0
LWPOLYLINE
  5
974
330
93D
100
AcDbEntity
  8
C-MARK-LANE
100
AcDbPolyline
 90
2
 70
0
 10
-8.0
 20
-95.0
 10
-8.0
 20
-16.6
  0
LWPOLYLINE
  5
975
330
93D
100
AcDbEntity
  8
C-MARK-LANE
100
AcDbPolyline
 90
2
 70
0
 10
-8.0
 20
16.6
 10
-8.0
 20
95.0
  0
LWPOLYLINE
  5
976
330
93D
100
AcDbEntity
  8
C-MARK-EXT
100
AcDbPolyline
 90
2
 70
0
 10
-13.0
 20
3.5
 10
13.0
 20
3.5
  0
LWPOLYLINE
  5
977
330
93D
100
AcDbEntity
  8
C-MARK-EXT
100
AcDbPolyline
 90
2
 70
0
 10
-13.0
 20
-3.5
 10
13.0
 20
-3.5
  0
LWPOLYLINE
  5
978
330
93D
100
AcDbEntity
  8
C-MARK-EXT
100
AcDbPolyline
 90
2
 70
0
 10
-13.0
 20
7.0
 10
13.0
 20
7.0
  0
LWPOLYLINE
  5
979
330
93D
100
AcDbEntity
  8
C-MARK-EXT
100
AcDbPolyline
 90
2
 70
0
 10
-13.0
 20
-7.0
 10
13.0
 20
-7.0
  0
LWPOLYLINE
  5
97A
330
93D
100
AcDbEntity
  8
C-MARK-EXT
100
AcDbPolyline
 90
2
 70
0
 10
4.5
 20
-12.0
 10
4.5
 20
12.0
  0
LWPOLYLINE
  5
97B
330
93D
100
AcDbEntity
  8
C-MARK-EXT
100
AcDbPolyline
 90
2
 70
0
 10
-4.5
 20
-12.0
 10
-4.5
 20
12.0
  0
LWPOLYLINE
  5
97C
330
93D
100
AcDbEntity
  8
C-MARK-EXT
100
AcDbPolyline
 90
2
 70
0
 10
8.0
 20
-12.0
 10
8.0
 20
12.0
  0
LWPOLYLINE
  5
97D
330
93D
100
AcDbEntity
  8
C-MARK-EXT
100
AcDbPolyline
 90
2
 70
0
 10
-8.0
 20
-12.0
 10
-8.0
 20
12.0
  0
LWPOLYLINE
  5
97E
330
93D
100
AcDbEntity
  8
C-MARK-STOP
100
AcDbPolyline
 90
4
 70
1
 10
-17.6
 20
-10.5
 10
-17.0
 20
-10.5
 10
-17.0
 20
-0.0
 10
-17.6
 20
-0.0
  0
HATCH
  5
97F
330
93D
100
AcDbEntity
  8
C-MARK-STOP
 62
7
100
AcDbHatch
 10
0.0
 20
0.0
 30
0.0
210
0.0
220
0.0
230
1.0
  2
SOLID
 70
1
 71
0
 91
1
 92
3
 72
0
 73
1
 93
4
 10
-17.6
 20
-10.5
 10
-17.0
 20
-10.5
 10
-17.0
 20
-0.0
 10
-17.6
 20
-0.0
 97
0
 75
0
 76
1
 98
0
  0
LWPOLYLINE
  5
980
330
93D
100
AcDbEntity
  8
C-MARK-STOP
100
AcDbPolyline
 90
4
 70
1
 10
17.0
 20
0.0
 10
17.6
 20
0.0
 10
17.6
 20
10.5
 10
17.0
 20
10.5
  0
HATCH
  5
981
330
93D
100
AcDbEntity
  8
C-MARK-STOP
 62
7
100
AcDbHatch
 10
0.0
 20
0.0
 30
0.0
210
0.0
220
0.0
230
1.0
  2
SOLID
 70
1
 71
0
 91
1
 92
3
 72
0
 73
1
 93
4
 10
17.0
 20
0.0
 10
17.6
 20
0.0
 10
17.6
 20
10.5
 10
17.0
 20
10.5
 97
0
 75
0
 76
1
 98
0
  0
LWPOLYLINE
  5
982
330
93D
100
AcDbEntity
  8
C-MARK-STOP
100
AcDbPolyline
 90
4
 70
1
 10
1.0
 20
-16.6
 10
11.5
 20
-16.6
 10
11.5
 20
-16.0
 10
1.0
 20
-16.0
  0
HATCH
  5
983
330
93D
100
AcDbEntity
  8
C-MARK-STOP
 62
7
100
AcDbHatch
 10
0.0
 20
0.0
 30
0.0
210
0.0
220
0.0
230
1.0
  2
SOLID
 70
1
 71
0
 91
1
 92
3
 72
0
 73
1
 93
4
 10
1.0
 20
-16.6
 10
11.5
 20
-16.6
 10
11.5
 20
-16.0
 10
1.0
 20
-16.0
 97
0
 75
0
 76
1
 98
0
  0
LWPOLYLINE
  5
984
330
93D
100
AcDbEntity
  8
C-MARK-STOP
100
AcDbPolyline
 90
4
 70
1
 10
-11.5
 20
16.0
 10
-1.0
 20
16.0
 10
-1.0
 20
16.6
 10
-11.5
 20
16.6
  0
HATCH
  5
985
330
93D
100
AcDbEntity
  8
C-MARK-STOP
 62
7
100
AcDbHatch
 10
0.0
 20
0.0
 30
0.0
210
0.0
220
0.0
230
1.0
  2
SOLID
 70
1
 71
0
 91
1
 92
3
 72
0
 73
1
 93
4
 10
-11.5
 20
16.0
 10
-1.0
 20
16.0
 10
-1.0
 20
16.6
 10
-11.5
 20
16.6
 97
0
 75
0
 76
1
 98
0
  0
LWPOLYLINE
  5
986
330
93D
100
AcDbEntity
  8
C-MARK
100
AcDbPolyline
 90
2
 70
0
 10
-16.0
 20
-10.5
 10
-13.0
 20
-10.5
  0
LWPOLYLINE
  5
987
330
93D
100
AcDbEntity
  8
C-MARK
100
AcDbPolyline
 90
2
 70
0
 10
-16.0
 20
10.5
 10
-13.0
 20
10.5
  0
LWPOLYLINE
  5
988
330
93D
100
AcDbEntity
  8
C-MARK
100
AcDbPolyline
 90
4
 70
1
 10
-16.0
 20
-10.0
 10
-13.0
 20
-10.0
 10
-13.0
 20
-9.5
 10
-16.0
 20
-9.5
  0
LWPOLYLINE
  5
989
330
93D
100
AcDbEntity
  8
C-MARK
100
AcDbPolyline
 90
4
 70
1
 10
-16.0
 20
-9.0
 10
-13.0
 20
-9.0
 10
-13.0
 20
-8.5
 10
-16.0
 20
-8.5
  0
LWPOLYLINE
  5
98A
330
93D
100
AcDbEntity
  8
C-MARK
100
AcDbPolyline
 90
4
 70
1
 10
-16.0
 20
-8.0
 10
-13.0
 20
-8.0
 10
-13.0
 20
-7.5
 10
-16.0
 20
-7.5
  0
LWPOLYLINE
  5
98B
330
93D
100
AcDbEntity
  8
C-MARK
100
AcDbPolyline
 90
4
 70
1
 10
-16.0
 20
-7.0
 10
-13.0
 20
-7.0
 10
-13.0
 20
-6.5
 10
-16.0
 20
-6.5
  0
LWPOLYLINE
  5
98C
330
93D
100
AcDbEntity
  8
C-MARK
100
AcDbPolyline
 90
4
 70
1
 10
-16.0
 20
-6.0
 10
-13.0
 20
-6.0
 10
-13.0
 20
-5.5
 10
-16.0
 20
-5.5
  0
LWPOLYLINE
  5
98D
330
93D
100
AcDbEntity
  8
C-MARK
100
AcDbPolyline
 90
4
 70
1
 10
-16.0
 20
-5.0
 10
-13.0
 20
-5.0
 10
-13.0
 20
-4.5
 10
-16.0
 20
-4.5
  0
LWPOLYLINE
  5
98E
330
93D
100
AcDbEntity
  8
C-MARK
100
AcDbPolyline
 90
4
 70
1
 10
-16.0
 20
-4.0
 10
-13.0
 20
-4.0
 10
-13.0
 20
-3.5
 10
-16.0
 20
-3.5
  0
LWPOLYLINE
  5
98F
330
93D
100
AcDbEntity
  8
C-MARK
100
AcDbPolyline
 90
4
 70
1
 10
-16.0
 20
-3.0
 10
-13.0
 20
-3.0
 10
-13.0
 20
-2.5
 10
-16.0
 20
-2.5
  0
LWPOLYLINE
  5
990
330
93D
100
AcDbEntity
  8
C-MARK
100
AcDbPolyline
 90
4
 70
1
 10
-16.0
 20
-2.0
 10
-13.0
 20
-2.0
 10
-13.0
 20
-1.5
 10
-16.0
 20
-1.5
  0
LWPOLYLINE
  5
991
330
93D
100
AcDbEntity
  8
C-MARK
100
AcDbPolyline
 90
4
 70
1
 10
-16.0
 20
-1.0
 10
-13.0
 20
-1.0
 10
-13.0
 20
-0.5
 10
-16.0
 20
-0.5
  0
LWPOLYLINE
  5
992
330
93D
100
AcDbEntity
  8
C-MARK
100
AcDbPolyline
 90
4
 70
1
 10
-16.0
 20
0.0
 10
-13.0
 20
0.0
 10
-13.0
 20
0.5
 10
-16.0
 20
0.5
  0
LWPOLYLINE
  5
993
330
93D
100
AcDbEntity
  8
C-MARK
100
AcDbPolyline
 90
4
 70
1
 10
-16.0
 20
1.0
 10
-13.0
 20
1.0
 10
-13.0
 20
1.5
 10
-16.0
 20
1.5
  0
LWPOLYLINE
  5
994
330
93D
100
AcDbEntity
  8
C-MARK
100
AcDbPolyline
 90
4
 70
1
 10
-16.0
 20
2.0
 10
-13.0
 20
2.0
 10
-13.0
 20
2.5
 10
-16.0
 20
2.5
  0
LWPOLYLINE
  5
995
330
93D
100
AcDbEntity
  8
C-MARK
100
AcDbPolyline
 90
4
 70
1
 10
-16.0
 20
3.0
 10
-13.0
 20
3.0
 10
-13.0
 20
3.5
 10
-16.0
 20
3.5
  0
LWPOLYLINE
  5
996
330
93D
100
AcDbEntity
  8
C-MARK
100
AcDbPolyline
 90
4
 70
1
 10
-16.0
 20
4.0
 10
-13.0
 20
4.0
 10
-13.0
 20
4.5
 10
-16.0
 20
4.5
  0
LWPOLYLINE
  5
997
330
93D
100
AcDbEntity
  8
C-MARK
100
AcDbPolyline
 90
4
 70
1
 10
-16.0
 20
5.0
 10
-13.0
 20
5.0
 10
-13.0
 20
5.5
 10
-16.0
 20
5.5
  0
LWPOLYLINE
  5
998
330
93D
100
AcDbEntity
  8
C-MARK
100
AcDbPolyline
 90
4
 70
1
 10
-16.0
 20
6.0
 10
-13.0
 20
6.0
 10
-13.0
 20
6.5
 10
-16.0
 20
6.5
  0
LWPOLYLINE
  5
999
330
93D
100
AcDbEntity
  8
C-MARK
100
AcDbPolyline
 90
4
 70
1
 10
-16.0
 20
7.0
 10
-13.0
 20
7.0
 10
-13.0
 20
7.5
 10
-16.0
 20
7.5
  0
LWPOLYLINE
  5
99A
330
93D
100
AcDbEntity
  8
C-MARK
100
AcDbPolyline
 90
4
 70
1
 10
-16.0
 20
8.0
 10
-13.0
 20
8.0
 10
-13.0
 20
8.5
 10
-16.0
 20
8.5
  0
LWPOLYLINE
  5
99B
330
93D
100
AcDbEntity
  8
C-MARK
100
AcDbPolyline
 90
4
 70
1
 10
-16.0
 20
9.0
 10
-13.0
 20
9.0
 10
-13.0
 20
9.5
 10
-16.0
 20
9.5
  0
LWPOLYLINE
  5
99C
330
93D
100
AcDbEntity
  8
C-MARK
100
AcDbPolyline
 90
2
 70
0
 10
13.0
 20
-10.5
 10
16.0
 20
-10.5
  0
LWPOLYLINE
  5
99D
330
93D
100
AcDbEntity
  8
C-MARK
100
AcDbPolyline
 90
2
 70
0
 10
13.0
 20
10.5
 10
16.0
 20
10.5
  0
LWPOLYLINE
  5
99E
330
93D
100
AcDbEntity
  8
C-MARK
100
AcDbPolyline
 90
4
 70
1
 10
13.0
 20
-10.0
 10
16.0
 20
-10.0
 10
16.0
 20
-9.5
 10
13.0
 20
-9.5
  0
LWPOLYLINE
  5
99F
330
93D
100
AcDbEntity
  8
C-MARK
100
AcDbPolyline
 90
4
 70
1
 10
13.0
 20
-9.0
 10
16.0
 20
-9.0
 10
16.0
 20
-8.5
 10
13.0
 20
-8.5
  0
LWPOLYLINE
  5
9A0
330
93D
100
AcDbEntity
  8
C-MARK
100
AcDbPolyline
 90
4
 70
1
 10
13.0
 20
-8.0
 10
16.0
 20
-8.0
 10
16.0
 20
-7.5
 10
13.0
 20
-7.5
  0
LWPOLYLINE
  5
9A1
330
93D
100
AcDbEntity
  8
C-MARK
100
AcDbPolyline
 90
4
 70
1
 10
13.0
 20
-7.0
 10
16.0
 20
-7.0
 10
16.0
 20
-6.5
 10
13.0
 20
-6.5
  0
LWPOLYLINE
  5
9A2
330
93D
100
AcDbEntity
  8
C-MARK
100
AcDbPolyline
 90
4
 70
1
 10
13.0
 20
-6.0
 10
16.0
 20
-6.0
 10
16.0
 20
-5.5
 10
13.0
 20
-5.5
  0
LWPOLYLINE
  5
9A3
330
93D
100
AcDbEntity
  8
C-MARK
100
AcDbPolyline
 90
4
 70
1
 10
13.0
 20
-5.0
 10
16.0
 20
-5.0
 10
16.0
 20
-4.5
 10
13.0
 20
-4.5
  0
LWPOLYLINE
  5
9A4
330
93D
100
AcDbEntity
  8
C-MARK
100
AcDbPolyline
 90
4
 70
1
 10
13.0
 20
-4.0
 10
16.0
 20
-4.0
 10
16.0
 20
-3.5
 10
13.0
 20
-3.5
  0
LWPOLYLINE
  5
9A5
330
93D
100
AcDbEntity
  8
C-MARK
100
AcDbPolyline
 90
4
 70
1
 10
13.0
 20
-3.0
 10
16.0
 20
-3.0
 10
16.0
 20
-2.5
 10
13.0
 20
-2.5
  0
LWPOLYLINE
  5
9A6
330
93D
100
AcDbEntity
  8
C-MARK
100
AcDbPolyline
 90
4
 70
1
 10
13.0
 20
-2.0
 10
16.0
 20
-2.0
 10
16.0
 20
-1.5
 10
13.0
 20
-1.5
  0
LWPOLYLINE
  5
9A7
330
93D
100
AcDbEntity
  8
C-MARK
100
AcDbPolyline
 90
4
 70
1
 10
13.0
 20
-1.0
 10
16.0
 20
-1.0
 10
16.0
 20
-0.5
 10
13.0
 20
-0.5
  0
LWPOLYLINE
  5
9A8
330
93D
100
AcDbEntity
  8
C-MARK
100
AcDbPolyline
 90
4
 70
1
 10
13.0
 20
0.0
 10
16.0
 20
0.0
 10
16.0
 20
0.5
 10
13.0
 20
0.5
  0
LWPOLYLINE
  5
9A9
330
93D
100
AcDbEntity
  8
C-MARK
100
AcDbPolyline
 90
4
 70
1
 10
13.0
 20
1.0
 10
16.0
 20
1.0
 10
16.0
 20
1.5
 10
13.0
 20
1.5
  0
LWPOLYLINE
  5
9AA
330
93D
100
AcDbEntity
  8
C-MARK
100
AcDbPolyline
 90
4
 70
1
 10
13.0
 20
2.0
 10
16.0
 20
2.0
 10
16.0
 20
2.5
 10
13.0
 20
2.5
  0
LWPOLYLINE
  5
9AB
330
93D
100
AcDbEntity
  8
C-MARK
100
AcDbPolyline
 90
4
 70
1
 10
13.0
 20
3.0
 10
16.0
 20
3.0
 10
16.0
 20
3.5
 10
13.0
 20
3.5
  0
LWPOLYLINE
  5
9AC
330
93D
100
AcDbEntity
  8
C-MARK
100
AcDbPolyline
 90
4
 70
1
 10
13.0
 20
4.0
 10
16.0
 20
4.0
 10
16.0
 20
4.5
 10
13.0
 20
4.5
  0
LWPOLYLINE
  5
9AD
330
93D
100
AcDbEntity
  8
C-MARK
100
AcDbPolyline
 90
4
 70
1
 10
13.0
 20
5.0
 10
16.0
 20
5.0
 10
16.0
 20
5.5
 10
13.0
 20
5.5
  0
LWPOLYLINE
  5
9AE
330
93D
100
AcDbEntity
  8
C-MARK
100
AcDbPolyline
 90
4
 70
1
 10
13.0
 20
6.0
 10
16.0
 20
6.0
 10
16.0
 20
6.5
 10
13.0
 20
6.5
  0
LWPOLYLINE
  5
9AF
330
93D
100
AcDbEntity
  8
C-MARK
100
AcDbPolyline
 90
4
 70
1
 10
13.0
 20
7.0
 10
16.0
 20
7.0
 10
16.0
 20
7.5
 10
13.0
 20
7.5
  0
LWPOLYLINE
  5
9B0
330
93D
100
AcDbEntity
  8
C-MARK
100
AcDbPolyline
 90
4
 70
1
 10
13.0
 20
8.0
 10
16.0
 20
8.0
 10
16.0
 20
8.5
 10
13.0
 20
8.5
  0
LWPOLYLINE
  5
9B1
330
93D
100
AcDbEntity
  8
C-MARK
100
AcDbPolyline
 90
4
 70
1
 10
13.0
 20
9.0
 10
16.0
 20
9.0
 10
16.0
 20
9.5
 10
13.0
 20
9.5
  0
LWPOLYLINE
  5
9B2
330
93D
100
AcDbEntity
  8
C-MARK
100
AcDbPolyline
 90
2
 70
0
 10
-11.5
 20
-15.0
 10
11.5
 20
-15.0
  0
LWPOLYLINE
  5
9B3
330
93D
100
AcDbEntity
  8
C-MARK
100
AcDbPolyline
 90
2
 70
0
 10
-11.5
 20
-12.0
 10
11.5
 20
-12.0
  0
LWPOLYLINE
  5
9B4
330
93D
100
AcDbEntity
  8
C-MARK
100
AcDbPolyline
 90
4
 70
1
 10
-11.0
 20
-15.0
 10
-10.5
 20
-15.0
 10
-10.5
 20
-12.0
 10
-11.0
 20
-12.0
  0
LWPOLYLINE
  5
9B5
330
93D
100
AcDbEntity
  8
C-MARK
100
AcDbPolyline
 90
4
 70
1
 10
-10.0
 20
-15.0
 10
-9.5
 20
-15.0
 10
-9.5
 20
-12.0
 10
-10.0
 20
-12.0
  0
LWPOLYLINE
  5
9B6
330
93D
100
AcDbEntity
  8
C-MARK
100
AcDbPolyline
 90
4
 70
1
 10
-9.0
 20
-15.0
 10
-8.5
 20
-15.0
 10
-8.5
 20
-12.0
 10
-9.0
 20
-12.0
  0
LWPOLYLINE
  5
9B7
330
93D
100
AcDbEntity
  8
C-MARK
100
AcDbPolyline
 90
4
 70
1
 10
-8.0
 20
-15.0
 10
-7.5
 20
-15.0
 10
-7.5
 20
-12.0
 10
-8.0
 20
-12.0
  0
LWPOLYLINE
  5
9B8
330
93D
100
AcDbEntity
  8
C-MARK
100
AcDbPolyline
 90
4
 70
1
 10
-7.0
 20
-15.0
 10
-6.5
 20
-15.0
 10
-6.5
 20
-12.0
 10
-7.0
 20
-12.0
  0
LWPOLYLINE
  5
9B9
330
93D
100
AcDbEntity
  8
C-MARK
100
AcDbPolyline
 90
4
 70
1
 10
-6.0
 20
-15.0
 10
-5.5
 20
-15.0
 10
-5.5
 20
-12.0
 10
-6.0
 20
-12.0
  0
LWPOLYLINE
  5
9BA
330
93D
100
AcDbEntity
  8
C-MARK
100
AcDbPolyline
 90
4
 70
1
 10
-5.0
 20
-15.0
 10
-4.5
 20
-15.0
 10
-4.5
 20
-12.0
 10
-5.0
 20
-12.0
  0
LWPOLYLINE
  5
9BB
330
93D
100
AcDbEntity
  8
C-MARK
100
AcDbPolyline
 90
4
 70
1
 10
-4.0
 20
-15.0
 10
-3.5
 20
-15.0
 10
-3.5
 20
-12.0
 10
-4.0
 20
-12.0
  0
LWPOLYLINE
  5
9BC
330
93D
100
AcDbEntity
  8
C-MARK
100
AcDbPolyline
 90
4
 70
1
 10
-3.0
 20
-15.0
 10
-2.5
 20
-15.0
 10
-2.5
 20
-12.0
 10
-3.0
 20
-12.0
  0
LWPOLYLINE
  5
9BD
330
93D
100
AcDbEntity
  8
C-MARK
100
AcDbPolyline
 90
4
 70
1
 10
-2.0
 20
-15.0
 10
-1.5
 20
-15.0
 10
-1.5
 20
-12.0
 10
-2.0
 20
-12.0
  0
LWPOLYLINE
  5
9BE
330
93D
100
AcDbEntity
  8
C-MARK
100
AcDbPolyline
 90
4
 70
1
 10
-1.0
 20
-15.0
 10
-0.5
 20
-15.0
 10
-0.5
 20
-12.0
 10
-1.0
 20
-12.0
  0
LWPOLYLINE
  5
9BF
330
93D
100
AcDbEntity
  8
C-MARK
100
AcDbPolyline
 90
4
 70
1
 10
0.0
 20
-15.0
 10
0.5
 20
-15.0
 10
0.5
 20
-12.0
 10
0.0
 20
-12.0
  0
LWPOLYLINE
  5
9C0
330
93D
100
AcDbEntity
  8
C-MARK
100
AcDbPolyline
 90
4
 70
1
 10
1.0
 20
-15.0
 10
1.5
 20
-15.0
 10
1.5
 20
-12.0
 10
1.0
 20
-12.0
  0
LWPOLYLINE
  5
9C1
330
93D
100
AcDbEntity
  8
C-MARK
100
AcDbPolyline
 90
4
 70
1
 10
2.0
 20
-15.0
 10
2.5
 20
-15.0
 10
2.5
 20
-12.0
 10
2.0
 20
-12.0
  0
LWPOLYLINE
  5
9C2
330
93D
100
AcDbEntity
  8
C-MARK
100
AcDbPolyline
 90
4
 70
1
 10
3.0
 20
-15.0
 10
3.5
 20
-15.0
 10
3.5
 20
-12.0
 10
3.0
 20
-12.0
  0
LWPOLYLINE
  5
9C3
330
93D
100
AcDbEntity
  8
C-MARK
100
AcDbPolyline
 90
4
 70
1
 10
4.0
 20
-15.0
 10
4.5
 20
-15.0
 10
4.5
 20
-12.0
 10
4.0
 20
-12.0
  0
LWPOLYLINE
  5
9C4
330
93D
100
AcDbEntity
  8
C-MARK
100
AcDbPolyline
 90
4
 70
1
 10
5.0
 20
-15.0
 10
5.5
 20
-15.0
 10
5.5
 20
-12.0
 10
5.0
 20
-12.0
  0
LWPOLYLINE
  5
9C5
330
93D
100
AcDbEntity
  8
C-MARK
100
AcDbPolyline
 90
4
 70
1
 10
6.0
 20
-15.0
 10
6.5
 20
-15.0
 10
6.5
 20
-12.0
 10
6.0
 20
-12.0
  0
LWPOLYLINE
  5
9C6
330
93D
100
AcDbEntity
  8
C-MARK
100
AcDbPolyline
 90
4
 70
1
 10
7.0
 20
-15.0
 10
7.5
 20
-15.0
 10
7.5
 20
-12.0
 10
7.0
 20
-12.0
  0
LWPOLYLINE
  5
9C7
330
93D
100
AcDbEntity
  8
C-MARK
100
AcDbPolyline
 90
4
 70
1
 10
8.0
 20
-15.0
 10
8.5
 20
-15.0
 10
8.5
 20
-12.0
 10
8.0
 20
-12.0
  0
LWPOLYLINE
  5
9C8
330
93D
100
AcDbEntity
  8
C-MARK
100
AcDbPolyline
 90
4
 70
1
 10
9.0
 20
-15.0
 10
9.5
 20
-15.0
 10
9.5
 20
-12.0
 10
9.0
 20
-12.0
  0
LWPOLYLINE
  5
9C9
330
93D
100
AcDbEntity
  8
C-MARK
100
AcDbPolyline
 90
4
 70
1
 10
10.0
 20
-15.0
 10
10.5
 20
-15.0
 10
10.5
 20
-12.0
 10
10.0
 20
-12.0
  0
LWPOLYLINE
  5
9CA
330
93D
100
AcDbEntity
  8
C-MARK
100
AcDbPolyline
 90
2
 70
0
 10
-11.5
 20
12.0
 10
11.5
 20
12.0
  0
LWPOLYLINE
  5
9CB
330
93D
100
AcDbEntity
  8
C-MARK
100
AcDbPolyline
 90
2
 70
0
 10
-11.5
 20
15.0
 10
11.5
 20
15.0
  0
LWPOLYLINE
  5
9CC
330
93D
100
AcDbEntity
  8
C-MARK
100
AcDbPolyline
 90
4
 70
1
 10
-11.0
 20
12.0
 10
-10.5
 20
12.0
 10
-10.5
 20
15.0
 10
-11.0
 20
15.0
  0
LWPOLYLINE
  5
9CD
330
93D
100
AcDbEntity
  8
C-MARK
100
AcDbPolyline
 90
4
 70
1
 10
-10.0
 20
12.0
 10
-9.5
 20
12.0
 10
-9.5
 20
15.0
 10
-10.0
 20
15.0
  0
LWPOLYLINE
  5
9CE
330
93D
100
AcDbEntity
  8
C-MARK
100
AcDbPolyline
 90
4
 70
1
 10
-9.0
 20
12.0
 10
-8.5
 20
12.0
 10
-8.5
 20
15.0
 10
-9.0
 20
15.0
  0
LWPOLYLINE
  5
9CF
330
93D
100
AcDbEntity
  8
C-MARK
100
AcDbPolyline
 90
4
 70
1
 10
-8.0
 20
12.0
 10
-7.5
 20
12.0
 10
-7.5
 20
15.0
 10
-8.0
 20
15.0
  0
LWPOLYLINE
  5
9D0
330
93D
100
AcDbEntity
  8
C-MARK
100
AcDbPolyline
 90
4
 70
1
 10
-7.0
 20
12.0
 10
-6.5
 20
12.0
 10
-6.5
 20
15.0
 10
-7.0
 20
15.0
  0
LWPOLYLINE
  5
9D1
330
93D
100
AcDbEntity
  8
C-MARK
100
AcDbPolyline
 90
4
 70
1
 10
-6.0
 20
12.0
 10
-5.5
 20
12.0
 10
-5.5
 20
15.0
 10
-6.0
 20
15.0
  0
LWPOLYLINE
  5
9D2
330
93D
100
AcDbEntity
  8
C-MARK
100
AcDbPolyline
 90
4
 70
1
 10
-5.0
 20
12.0
 10
-4.5
 20
12.0
 10
-4.5
 20
15.0
 10
-5.0
 20
15.0
  0
LWPOLYLINE
  5
9D3
330
93D
100
AcDbEntity
  8
C-MARK
100
AcDbPolyline
 90
4
 70
1
 10
-4.0
 20
12.0
 10
-3.5
 20
12.0
 10
-3.5
 20
15.0
 10
-4.0
 20
15.0
  0
LWPOLYLINE
  5
9D4
330
93D
100
AcDbEntity
  8
C-MARK
100
AcDbPolyline
 90
4
 70
1
 10
-3.0
 20
12.0
 10
-2.5
 20
12.0
 10
-2.5
 20
15.0
 10
-3.0
 20
15.0
  0
LWPOLYLINE
  5
9D5
330
93D
100
AcDbEntity
  8
C-MARK
100
AcDbPolyline
 90
4
 70
1
 10
-2.0
 20
12.0
 10
-1.5
 20
12.0
 10
-1.5
 20
15.0
 10
-2.0
 20
15.0
  0
LWPOLYLINE
  5
9D6
330
93D
100
AcDbEntity
  8
C-MARK
100
AcDbPolyline
 90
4
 70
1
 10
-1.0
 20
12.0
 10
-0.5
 20
12.0
 10
-0.5
 20
15.0
 10
-1.0
 20
15.0
  0
LWPOLYLINE
  5
9D7
330
93D
100
AcDbEntity
  8
C-MARK
100
AcDbPolyline
 90
4
 70
1
 10
0.0
 20
12.0
 10
0.5
 20
12.0
 10
0.5
 20
15.0
 10
0.0
 20
15.0
  0
LWPOLYLINE
  5
9D8
330
93D
100
AcDbEntity
  8
C-MARK
100
AcDbPolyline
 90
4
 70
1
 10
1.0
 20
12.0
 10
1.5
 20
12.0
 10
1.5
 20
15.0
 10
1.0
 20
15.0
  0
LWPOLYLINE
  5
9D9
330
93D
100
AcDbEntity
  8
C-MARK
100
AcDbPolyline
 90
4
 70
1
 10
2.0
 20
12.0
 10
2.5
 20
12.0
 10
2.5
 20
15.0
 10
2.0
 20
15.0
  0
LWPOLYLINE
  5
9DA
330
93D
100
AcDbEntity
  8
C-MARK
100
AcDbPolyline
 90
4
 70
1
 10
3.0
 20
12.0
 10
3.5
 20
12.0
 10
3.5
 20
15.0
 10
3.0
 20
15.0
  0
LWPOLYLINE
  5
9DB
330
93D
100
AcDbEntity
  8
C-MARK
100
AcDbPolyline
 90
4
 70
1
 10
4.0
 20
12.0
 10
4.5
 20
12.0
 10
4.5
 20
15.0
 10
4.0
 20
15.0
  0
LWPOLYLINE
  5
9DC
330
93D
100
AcDbEntity
  8
C-MARK
100
AcDbPolyline
 90
4
 70
1
 10
5.0
 20
12.0
 10
5.5
 20
12.0
 10
5.5
 20
15.0
 10
5.0
 20
15.0
  0
LWPOLYLINE
  5
9DD
330
93D
100
AcDbEntity
  8
C-MARK
100
AcDbPolyline
 90
4
 70
1
 10
6.0
 20
12.0
 10
6.5
 20
12.0
 10
6.5
 20
15.0
 10
6.0
 20
15.0
  0
LWPOLYLINE
  5
9DE
330
93D
100
AcDbEntity
  8
C-MARK
100
AcDbPolyline
 90
4
 70
1
 10
7.0
 20
12.0
 10
7.5
 20
12.0
 10
7.5
 20
15.0
 10
7.0
 20
15.0
  0
LWPOLYLINE
  5
9DF
330
93D
100
AcDbEntity
  8
C-MARK
100
AcDbPolyline
 90
4
 70
1
 10
8.0
 20
12.0
 10
8.5
 20
12.0
 10
8.5
 20
15.0
 10
8.0
 20
15.0
  0
LWPOLYLINE
  5
9E0
330
93D
100
AcDbEntity
  8
C-MARK
100
AcDbPolyline
 90
4
 70
1
 10
9.0
 20
12.0
 10
9.5
 20
12.0
 10
9.5
 20
15.0
 10
9.0
 20
15.0
  0
LWPOLYLINE
  5
9E1
330
93D
100
AcDbEntity
  8
C-MARK
100
AcDbPolyline
 90
4
 70
1
 10
10.0
 20
12.0
 10
10.5
 20
12.0
 10
10.5
 20
15.0
 10
10.0
 20
15.0
  0
INSERT
  5
9E2
330
93D
100
AcDbEntity
  8
C-MARK
100
AcDbBlockReference
  2
ARROW-L
 10
-26.0
 20
-1.75
 30
0.0
 50
270.0
  0
INSERT
  5
9E4
330
93D
100
AcDbEntity
  8
C-MARK
100
AcDbBlockReference
  2
ARROW-T
 10
-26.0
 20
-5.25
 30
0.0
 50
270.0
  0
INSERT
  5
9E6
330
93D
100
AcDbEntity
  8
C-MARK
100
AcDbBlockReference
  2
ARROW-TR
 10
-26.0
 20
-8.75
 30
0.0
 50
270.0
  0
INSERT
  5
9E8
330
93D
100
AcDbEntity
  8
C-MARK
100
AcDbBlockReference
  2
ARROW-L
 10
26.0
 20
1.75
 30
0.0
 50
90.0
  0
INSERT
  5
9EA
330
93D
100
AcDbEntity
  8
C-MARK
100
AcDbBlockReference
  2
ARROW-T
 10
26.0
 20
5.25
 30
0.0
 50
90.0
  0
INSERT
  5
9EC
330
93D
100
AcDbEntity
  8
C-MARK
100
AcDbBlockReference
  2
ARROW-TR
 10
26.0
 20
8.75
 30
0.0
 50
90.0
  0
INSERT
  5
9EE
330
93D
100
AcDbEntity
  8
C-MARK
100
AcDbBlockReference
  2
ARROW-L
 10
2.75
 20
-25.0
 30
0.0
  0
INSERT
  5
9F0
330
93D
100
AcDbEntity
  8
C-MARK
100
AcDbBlockReference
  2
ARROW-T
 10
6.25
 20
-25.0
 30
0.0
  0
INSERT
  5
9F2
330
93D
100
AcDbEntity
  8
C-MARK
100
AcDbBlockReference
  2
ARROW-TR
 10
9.75
 20
-25.0
 30
0.0
  0
INSERT
  5
9F4
330
93D
100
AcDbEntity
  8
C-MARK
100
AcDbBlockReference
  2
ARROW-L
 10
-2.75
 20
25.0
 30
0.0
 50
180.0
  0
INSERT
  5
9F6
330
93D
100
AcDbEntity
  8
C-MARK
100
AcDbBlockReference
  2
ARROW-T
 10
-6.25
 20
25.0
 30
0.0
 50
180.0
  0
INSERT
  5
9F8
330
93D
100
AcDbEntity
  8
C-MARK
100
AcDbBlockReference
  2
ARROW-TR
 10
-9.75
 20
25.0
 30
0.0
 50
180.0
  0
INSERT
  5
9FA
330
93D
100
AcDbEntity
  8
C-MARK
100
AcDbBlockReference
  2
ARROW-L
 10
-42.0
 20
-1.75
 30
0.0
 50
270.0
  0
INSERT
  5
9FC
330
93D
100
AcDbEntity
  8
C-MARK
100
AcDbBlockReference
  2
ARROW-T
 10
-42.0
 20
-5.25
 30
0.0
 50
270.0
  0
INSERT
  5
9FE
330
93D
100
AcDbEntity
  8
C-MARK
100
AcDbBlockReference
  2
ARROW-TR
 10
-42.0
 20
-8.75
 30
0.0
 50
270.0
  0
INSERT
  5
A00
330
93D
100
AcDbEntity
  8
C-MARK
100
AcDbBlockReference
  2
ARROW-L
 10
42.0
 20
1.75
 30
0.0
 50
90.0
  0
INSERT
  5
A02
330
93D
100
AcDbEntity
  8
C-MARK
100
AcDbBlockReference
  2
ARROW-T
 10
42.0
 20
5.25
 30
0.0
 50
90.0
  0
INSERT
  5
A04
330
93D
100
AcDbEntity
  8
C-MARK
100
AcDbBlockReference
  2
ARROW-TR
 10
42.0
 20
8.75
 30
0.0
 50
90.0
  0
INSERT
  5
A06
330
93D
100
AcDbEntity
  8
C-MARK
100
AcDbBlockReference
  2
ARROW-L
 10
2.75
 20
-41.0
 30
0.0
  0
INSERT
  5
A08
330
93D
100
AcDbEntity
  8
C-MARK
100
AcDbBlockReference
  2
ARROW-T
 10
6.25
 20
-41.0
 30
0.0
  0
INSERT
  5
A0A
330
93D
100
AcDbEntity
  8
C-MARK
100
AcDbBlockReference
  2
ARROW-TR
 10
9.75
 20
-41.0
 30
0.0
  0
INSERT
  5
A0C
330
93D
100
AcDbEntity
  8
C-MARK
100
AcDbBlockReference
  2
ARROW-L
 10
-2.75
 20
41.0
 30
0.0
 50
180.0
  0
INSERT
  5
A0E
330
93D
100
AcDbEntity
  8
C-MARK
100
AcDbBlockReference
  2
ARROW-T
 10
-6.25
 20
41.0
 30
0.0
 50
180.0
  0
INSERT
  5
A10
330
93D
100
AcDbEntity
  8
C-MARK
100
AcDbBlockReference
  2
ARROW-TR
 10
-9.75
 20
41.0
 30
0.0
 50
180.0
  0
INSERT
  5
A12
330
93D
100
AcDbEntity
  8
C-SGNL
100
AcDbBlockReference
  2
SIG-MASTARM
 10
-16.5
 20
17.5
 30
0.0
  0
INSERT
  5
A14
330
93D
100
AcDbEntity
  8
C-SGNL
100
AcDbBlockReference
  2
SIG-MASTARM
 10
16.5
 20
17.5
 30
0.0
 50
270.0
  0
INSERT
  5
A16
330
93D
100
AcDbEntity
  8
C-SGNL
100
AcDbBlockReference
  2
SIG-MASTARM
 10
16.5
 20
-17.5
 30
0.0
 50
180.0
  0
INSERT
  5
A18
330
93D
100
AcDbEntity
  8
C-SGNL
100
AcDbBlockReference
  2
SIG-MASTARM
 10
-16.5
 20
-17.5
 30
0.0
 50
90.0
  0
INSERT
  5
A1A
330
93D
100
AcDbEntity
  8
C-SGNL
100
AcDbBlockReference
  2
SIG-3SEC
 10
2.75
 20
17.0
 30
0.0
 50
180.0
  0
INSERT
  5
A1C
330
93D
100
AcDbEntity
  8
C-SGNL
100
AcDbBlockReference
  2
SIG-3SEC
 10
6.25
 20
17.0
 30
0.0
 50
180.0
  0
INSERT
  5
A1E
330
93D
100
AcDbEntity
  8
C-SGNL
100
AcDbBlockReference
  2
SIG-3SEC
 10
9.75
 20
17.0
 30
0.0
 50
180.0
  0
INSERT
  5
A20
330
93D
100
AcDbEntity
  8
C-SGNL
100
AcDbBlockReference
  2
SIG-3SEC
 10
-2.75
 20
-17.0
 30
0.0
  0
INSERT
  5
A22
330
93D
100
AcDbEntity
  8
C-SGNL
100
AcDbBlockReference
  2
SIG-3SEC
 10
-6.25
 20
-17.0
 30
0.0
  0
INSERT
  5
A24
330
93D
100
AcDbEntity
  8
C-SGNL
100
AcDbBlockReference
  2
SIG-3SEC
 10
-9.75
 20
-17.0
 30
0.0
  0
INSERT
  5
A26
330
93D
100
AcDbEntity
  8
C-SGNL
100
AcDbBlockReference
  2
SIG-3SEC
 10
21.5
 20
-1.75
 30
0.0
 50
90.0
  0
INSERT
  5
A28
330
93D
100
AcDbEntity
  8
C-SGNL
100
AcDbBlockReference
  2
SIG-3SEC
 10
21.5
 20
-5.25
 30
0.0
 50
90.0
  0
INSERT
  5
A2A
330
93D
100
AcDbEntity
  8
C-SGNL
100
AcDbBlockReference
  2
SIG-3SEC
 10
21.5
 20
-8.75
 30
0.0
 50
90.0
  0
INSERT
  5
A2C
330
93D
100
AcDbEntity
  8
C-SGNL
100
AcDbBlockReference
  2
SIG-3SEC
 10
-21.5
 20
1.75
 30
0.0
 50
270.0
  0
INSERT
  5
A2E
330
93D
100
AcDbEntity
  8
C-SGNL
100
AcDbBlockReference
  2
SIG-3SEC
 10
-21.5
 20
5.25
 30
0.0
 50
270.0
  0
INSERT
  5
A30
330
93D
100
AcDbEntity
  8
C-SGNL
100
AcDbBlockReference
  2
SIG-3SEC
 10
-21.5
 20
8.75
 30
0.0
 50
270.0
  0
INSERT
  5
A32
330
93D
100
AcDbEntity
  8
C-SGNL
100
AcDbBlockReference
  2
SIG-PED
 10
-13.5
 20
18.0
 30
0.0
  0
INSERT
  5
A34
330
93D
100
AcDbEntity
  8
C-SGNL
100
AcDbBlockReference
  2
SIG-PED
 10
-19.0
 20
12.5
 30
0.0
 50
270.0
  0
INSERT
  5
A36
330
93D
100
AcDbEntity
  8
C-SGNL
100
AcDbBlockReference
  2
SIG-PB
 10
-13.5
 20
15.0
 30
0.0
  0
INSERT
  5
A38
330
93D
100
AcDbEntity
  8
C-SGNL
100
AcDbBlockReference
  2
SIG-PB
 10
-16.0
 20
12.5
 30
0.0
  0
INSERT
  5
A3A
330
93D
100
AcDbEntity
  8
C-PED
100
AcDbBlockReference
  2
CURB-RAMP-TWSI
 10
-15.325
 20
9.79
 30
0.0
  0
INSERT
  5
A3C
330
93D
100
AcDbEntity
  8
C-PED
100
AcDbBlockReference
  2
CURB-RAMP-TWSI
 10
-10.79
 20
14.325
 30
0.0
 50
270.0
  0
INSERT
  5
A3E
330
93D
100
AcDbEntity
  8
C-SGNL-UG
100
AcDbBlockReference
  2
SIG-JB
 10
-18.0
 20
16.0
 30
0.0
  0
INSERT
  5
A40
330
93D
100
AcDbEntity
  8
C-SGNL
100
AcDbBlockReference
  2
SIG-PED
 10
13.5
 20
18.0
 30
0.0
  0
INSERT
  5
A42
330
93D
100
AcDbEntity
  8
C-SGNL
100
AcDbBlockReference
  2
SIG-PED
 10
19.0
 20
12.5
 30
0.0
 50
90.0
  0
INSERT
  5
A44
330
93D
100
AcDbEntity
  8
C-SGNL
100
AcDbBlockReference
  2
SIG-PB
 10
13.5
 20
15.0
 30
0.0
  0
INSERT
  5
A46
330
93D
100
AcDbEntity
  8
C-SGNL
100
AcDbBlockReference
  2
SIG-PB
 10
16.0
 20
12.5
 30
0.0
  0
INSERT
  5
A48
330
93D
100
AcDbEntity
  8
C-PED
100
AcDbBlockReference
  2
CURB-RAMP-TWSI
 10
13.675
 20
9.79
 30
0.0
  0
INSERT
  5
A4A
330
93D
100
AcDbEntity
  8
C-PED
100
AcDbBlockReference
  2
CURB-RAMP-TWSI
 10
10.79
 20
14.325
 30
0.0
 50
270.0
  0
INSERT
  5
A4C
330
93D
100
AcDbEntity
  8
C-SGNL-UG
100
AcDbBlockReference
  2
SIG-JB
 10
18.0
 20
16.0
 30
0.0
  0
INSERT
  5
A4E
330
93D
100
AcDbEntity
  8
C-SGNL
100
AcDbBlockReference
  2
SIG-PED
 10
13.5
 20
-18.0
 30
0.0
 50
180.0
  0
INSERT
  5
A50
330
93D
100
AcDbEntity
  8
C-SGNL
100
AcDbBlockReference
  2
SIG-PED
 10
19.0
 20
-12.5
 30
0.0
 50
90.0
  0
INSERT
  5
A52
330
93D
100
AcDbEntity
  8
C-SGNL
100
AcDbBlockReference
  2
SIG-PB
 10
13.5
 20
-15.0
 30
0.0
  0
INSERT
  5
A54
330
93D
100
AcDbEntity
  8
C-SGNL
100
AcDbBlockReference
  2
SIG-PB
 10
16.0
 20
-12.5
 30
0.0
  0
INSERT
  5
A56
330
93D
100
AcDbEntity
  8
C-PED
100
AcDbBlockReference
  2
CURB-RAMP-TWSI
 10
13.675
 20
-9.79
 30
0.0
  0
INSERT
  5
A58
330
93D
100
AcDbEntity
  8
C-PED
100
AcDbBlockReference
  2
CURB-RAMP-TWSI
 10
10.79
 20
-12.675
 30
0.0
 50
270.0
  0
INSERT
  5
A5A
330
93D
100
AcDbEntity
  8
C-SGNL-UG
100
AcDbBlockReference
  2
SIG-JB
 10
18.0
 20
-16.0
 30
0.0
  0
INSERT
  5
A5C
330
93D
100
AcDbEntity
  8
C-SGNL
100
AcDbBlockReference
  2
SIG-PED
 10
-13.5
 20
-18.0
 30
0.0
 50
180.0
  0
INSERT
  5
A5E
330
93D
100
AcDbEntity
  8
C-SGNL
100
AcDbBlockReference
  2
SIG-PED
 10
-19.0
 20
-12.5
 30
0.0
 50
270.0
  0
INSERT
  5
A60
330
93D
100
AcDbEntity
  8
C-SGNL
100
AcDbBlockReference
  2
SIG-PB
 10
-13.5
 20
-15.0
 30
0.0
  0
INSERT
  5
A62
330
93D
100
AcDbEntity
  8
C-SGNL
100
AcDbBlockReference
  2
SIG-PB
 10
-16.0
 20
-12.5
 30
0.0
  0
INSERT
  5
A64
330
93D
100
AcDbEntity
  8
C-PED
100
AcDbBlockReference
  2
CURB-RAMP-TWSI
 10
-15.325
 20
-9.79
 30
0.0
  0
INSERT
  5
A66
330
93D
100
AcDbEntity
  8
C-PED
100
AcDbBlockReference
  2
CURB-RAMP-TWSI
 10
-10.79
 20
-12.675
 30
0.0
 50
270.0
  0
INSERT
  5
A68
330
93D
100
AcDbEntity
  8
C-SGNL-UG
100
AcDbBlockReference
  2
SIG-JB
 10
-18.0
 20
-16.0
 30
0.0
  0
LWPOLYLINE
  5
A6A
330
93D
100
AcDbEntity
  8
C-SGNL-UG
100
AcDbPolyline
 90
5
 70
0
 10
-18.0
 20
16.0
 10
18.0
 20
16.0
 10
18.0
 20
-16.0
 10
-18.0
 20
-16.0
 10
-18.0
 20
16.0
  0
INSERT
  5
A6B
330
93D
100
AcDbEntity
  8
C-SGNL
100
AcDbBlockReference
  2
SIG-CABINET
 10
-21.0
 20
20.0
 30
0.0
  0
LWPOLYLINE
  5
A6D
330
93D
100
AcDbEntity
  8
C-SGNL-UG
100
AcDbPolyline
 90
2
 70
0
 10
-21.0
 20
20.0
 10
-18.0
 20
16.0
  0
INSERT
  5
A6E
330
93D
100
AcDbEntity
  8
C-SGNL-DET
100
AcDbBlockReference
  2
DET-LOOP
 10
-21.0
 20
-1.75
 30
0.0
  0
INSERT
  5
A70
330
93D
100
AcDbEntity
  8
C-SGNL-DET
100
AcDbBlockReference
  2
DET-LOOP
 10
-21.0
 20
-5.25
 30
0.0
  0
INSERT
  5
A72
330
93D
100
AcDbEntity
  8
C-SGNL-DET
100
AcDbBlockReference
  2
DET-LOOP
 10
-21.0
 20
-8.75
 30
0.0
  0
INSERT
  5
A74
330
93D
100
AcDbEntity
  8
C-SGNL-DET
100
AcDbBlockReference
  2
DET-LOOP
 10
21.0
 20
1.75
 30
0.0
  0
INSERT
  5
A76
330
93D
100
AcDbEntity
  8
C-SGNL-DET
100
AcDbBlockReference
  2
DET-LOOP
 10
21.0
 20
5.25
 30
0.0
  0
INSERT
  5
A78
330
93D
100
AcDbEntity
  8
C-SGNL-DET
100
AcDbBlockReference
  2
DET-LOOP
 10
21.0
 20
8.75
 30
0.0
  0
INSERT
  5
A7A
330
93D
100
AcDbEntity
  8
C-SGNL-DET
100
AcDbBlockReference
  2
DET-LOOP
 10
2.75
 20
-20.0
 30
0.0
  0
INSERT
  5
A7C
330
93D
100
AcDbEntity
  8
C-SGNL-DET
100
AcDbBlockReference
  2
DET-LOOP
 10
6.25
 20
-20.0
 30
0.0
  0
INSERT
  5
A7E
330
93D
100
AcDbEntity
  8
C-SGNL-DET
100
AcDbBlockReference
  2
DET-LOOP
 10
9.75
 20
-20.0
 30
0.0
  0
INSERT
  5
A80
330
93D
100
AcDbEntity
  8
C-SGNL-DET
100
AcDbBlockReference
  2
DET-LOOP
 10
-2.75
 20
20.0
 30
0.0
  0
INSERT
  5
A82
330
93D
100
AcDbEntity
  8
C-SGNL-DET
100
AcDbBlockReference
  2
DET-LOOP
 10
-6.25
 20
20.0
 30
0.0
  0
INSERT
  5
A84
330
93D
100
AcDbEntity
  8
C-SGNL-DET
100
AcDbBlockReference
  2
DET-LOOP
 10
-9.75
 20
20.0
 30
0.0
  0
INSERT
  5
A86
330
93D
100
AcDbEntity
  8
C-SIGN
100
AcDbBlockReference
 66
1
  2
SIGN-POST
 10
-22.0
 20
20.0
 30
0.0
  0
ATTRIB
  5
A88
330
93D
100
AcDbEntity
  8
0
100
AcDbText
 10
-22.0
 20
21.3
 30
0.0
 40
0.9
  1
Rb-11
  7
ANNO
 72
1
 11
-22.0
 21
21.3
 31
0.0
100
AcDbAttribute
  2
CODE
 70
0
 74
2
  0
SEQEND
  5
A87
330
A86
100
AcDbEntity
  8
C-SIGN
  0
INSERT
  5
A89
330
93D
100
AcDbEntity
  8
C-SIGN
100
AcDbBlockReference
 66
1
  2
SIGN-POST
 10
22.0
 20
20.0
 30
0.0
  0
ATTRIB
  5
A8B
330
93D
100
AcDbEntity
  8
0
100
AcDbText
 10
22.0
 20
21.3
 30
0.0
 40
0.9
  1
Rb-11
  7
ANNO
 72
1
 11
22.0
 21
21.3
 31
0.0
100
AcDbAttribute
  2
CODE
 70
0
 74
2
  0
SEQEND
  5
A8A
330
A89
100
AcDbEntity
  8
C-SIGN
  0
INSERT
  5
A8C
330
93D
100
AcDbEntity
  8
C-SIGN
100
AcDbBlockReference
 66
1
  2
SIGN-POST
 10
22.0
 20
-20.0
 30
0.0
  0
ATTRIB
  5
A8E
330
93D
100
AcDbEntity
  8
0
100
AcDbText
 10
22.0
 20
-18.7
 30
0.0
 40
0.9
  1
Rb-11
  7
ANNO
 72
1
 11
22.0
 21
-18.7
 31
0.0
100
AcDbAttribute
  2
CODE
 70
0
 74
2
  0
SEQEND
  5
A8D
330
A8C
100
AcDbEntity
  8
C-SIGN
  0
INSERT
  5
A8F
330
93D
100
AcDbEntity
  8
C-SIGN
100
AcDbBlockReference
 66
1
  2
SIGN-POST
 10
-22.0
 20
-20.0
 30
0.0
  0
ATTRIB
  5
A91
330
93D
100
AcDbEntity
  8
0
100
AcDbText
 10
-22.0
 20
-18.7
 30
0.0
 40
0.9
  1
Rb-11
  7
ANNO
 72
1
 11
-22.0
 21
-18.7
 31
0.0
100
AcDbAttribute
  2
CODE
 70
0
 74
2
  0
SEQEND
  5
A90
330
A8F
100
AcDbEntity
  8
C-SIGN
  0
ENDBLK
  5
93F
330
93D
100
AcDbEntity
  8
0
100
AcDbBlockEnd
  0
BLOCK
  5
B30
330
B2F
100
AcDbEntity
  8
0
100
AcDbBlockBegin
  2
*Paper_Space0
 70
0
 10
0.0
 20
0.0
 30
0.0
  3
*Paper_Space0
  1

  0
VIEWPORT
  5
B33
330
B2F
100
AcDbEntity
 67
1
  8
VIEWPORTS
100
AcDbViewport
 10
420.5
 20
297.0
 30
0.0
 40
925.1
 41
653.4000000000001
 68
1
 69
1
 12
420.5
 22
297.0
 13
0.0
 23
0.0
 14
10.0
 24
10.0
 15
10.0
 25
10.0
 16
0.0
 26
0.0
 36
1.0
 17
0.0
 27
0.0
 37
0.0
 42
50.0
 43
0.0
 44
0.0
 45
653.4000000000001
 50
0.0
 51
0.0
 72
100
 90
557088
  1

281
0
 71
0
 74
0
110
0.0
120
0.0
130
0.0
111
1.0
121
0.0
131
0.0
112
0.0
122
1.0
132
0.0
 79
0
146
0.0
282
0
  0
LWPOLYLINE
  5
B34
330
B2F
100
AcDbEntity
 67
1
  8
C-ANNO
100
AcDbPolyline
 90
4
 70
1
 10
10.0
 20
10.0
 10
831.0
 20
10.0
 10
831.0
 20
584.0
 10
10.0
 20
584.0
  0
LWPOLYLINE
  5
B35
330
B2F
100
AcDbEntity
 67
1
  8
C-ANNO
100
AcDbPolyline
 90
4
 70
1
 10
641.0
 20
10.0
 10
831.0
 20
10.0
 10
831.0
 20
100.0
 10
641.0
 20
100.0
  0
LINE
  5
B36
330
B2F
100
AcDbEntity
 67
1
  8
C-ANNO
100
AcDbLine
 10
641.0
 20
40.0
 30
0.0
 11
831.0
 21
40.0
 31
0.0
  0
LINE
  5
B37
330
B2F
100
AcDbEntity
 67
1
  8
C-ANNO
100
AcDbLine
 10
641.0
 20
56.0
 30
0.0
 11
831.0
 21
56.0
 31
0.0
  0
LINE
  5
B38
330
B2F
100
AcDbEntity
 67
1
  8
C-ANNO
100
AcDbLine
 10
641.0
 20
72.0
 30
0.0
 11
831.0
 21
72.0
 31
0.0
  0
LINE
  5
B39
330
B2F
100
AcDbEntity
 67
1
  8
C-ANNO
100
AcDbLine
 10
641.0
 20
86.0
 30
0.0
 11
831.0
 21
86.0
 31
0.0
  0
TEXT
  5
B3A
330
B2F
100
AcDbEntity
 67
1
  8
C-ANNO
100
AcDbText
 10
646.0
 20
90.0
 30
0.0
 40
3.5
  1
INTERSECTION IMPROVEMENT PLAN
  7
ANNO
 11
646.0
 21
90.0
 31
0.0
100
AcDbText
 73
2
  0
TEXT
  5
B3B
330
B2F
100
AcDbEntity
 67
1
  8
C-ANNO
100
AcDbText
 10
646.0
 20
78.0
 30
0.0
 40
3.0
  1
LOCATION:  YONGE ST CORRIDOR AT STEELES TO FINCH
  7
ANNO
 11
646.0
 21
78.0
 31
0.0
100
AcDbText
 73
2
  0
TEXT
  5
B3C
330
B2F
100
AcDbEntity
 67
1
  8
C-ANNO
100
AcDbText
 10
646.0
 20
64.0
 30
0.0
 40
3.0
  1
DRAWING:  EXISTING CONDITIONS / PROPOSED
  7
ANNO
 11
646.0
 21
64.0
 31
0.0
100
AcDbText
 73
2
  0
TEXT
  5
B3D
330
B2F
100
AcDbEntity
 67
1
  8
C-ANNO
100
AcDbText
 10
646.0
 20
48.0
 30
0.0
 40
3.0
  1
SCALE 1:500        DATE:            SHEET  1 OF 2
  7
ANNO
 11
646.0
 21
48.0
 31
0.0
100
AcDbText
 73
2
  0
TEXT
  5
B3E
330
B2F
100
AcDbEntity
 67
1
  8
C-ANNO
100
AcDbText
 10
646.0
 20
30.0
 30
0.0
 40
3.0
  1
DRAWN BY:
  7
ANNO
 11
646.0
 21
30.0
 31
0.0
100
AcDbText
 73
2
  0
TEXT
  5
B3F
330
B2F
100
AcDbEntity
 67
1
  8
C-ANNO
100
AcDbText
 10
646.0
 20
24.0
 30
0.0
 40
2.5
  1
REFERENCES:  TAC GDG, OTM BOOK 11 / 12, AODA DOPS
  7
ANNO
 11
646.0
 21
24.0
 31
0.0
100
AcDbText
 73
2
  0
VIEWPORT
  5
B40
330
B2F
100
AcDbEntity
 67
1
  8
VIEWPORTS
100
AcDbViewport
 10
320.0
 20
300.0
 30
0.0
 40
610.0
 41
550.0
 68
1
 69
3
 12
0.0
 22
0.0
 13
0.0
 23
0.0
 14
10.0
 24
10.0
 15
10.0
 25
10.0
 16
0.0
 26
0.0
 36
1.0
 17
0.0
 27
0.0
 37
0.0
 42
50.0
 43
0.0
 44
0.0
 45
275.0
 50
0.0
 51
0.0
 72
100
 90
0
  1

281
0
 71
0
 74
0
110
0.0
120
0.0
130
0.0
111
1.0
121
0.0
131
0.0
112
0.0
122
1.0
132
0.0
 79
0
146
0.0
282
0
  0
ENDBLK
  5
B31
330
B2F
100
AcDbEntity
  8
0
100
AcDbBlockEnd
  0
ENDSEC
  0
SECTION
  2
ENTITIES
  0
INSERT
  5
299
330
17
100
AcDbEntity
  8
C-ROAD
100
AcDbBlockReference
  2
INT-131
 10
0.0
 20
-0.0
 30
0.0
  0
INSERT
  5
3A8
330
17
100
AcDbEntity
  8
C-ROAD
100
AcDbBlockReference
  2
INT-1381
 10
0.0
 20
-288.40760318478607
 30
0.0
  0
INSERT
  5
4B7
330
17
100
AcDbEntity
  8
C-ROAD
100
AcDbBlockReference
  2
INT-130
 10
0.0
 20
-476.63122516133444
 30
0.0
  0
INSERT
  5
5C6
330
17
100
AcDbEntity
  8
C-ROAD
100
AcDbBlockReference
  2
INT-856
 10
0.0
 20
-878.4359444276012
 30
0.0
  0
INSERT
  5
71D
330
17
100
AcDbEntity
  8
C-ROAD
100
AcDbBlockReference
  2
INT-129
 10
0.0
 20
-1238.0306967251447
 30
0.0
  0
INSERT
  5
82C
330
17
100
AcDbEntity
  8
C-ROAD
100
AcDbBlockReference
  2
INT-2177
 10
0.0
 20
-1527.6838753865018
 30
0.0
  0
INSERT
  5
93B
330
17
100
AcDbEntity
  8
C-ROAD
100
AcDbBlockReference
  2
INT-1151
 10
0.0
 20
-1851.5704639021606
 30
0.0
  0
INSERT
  5
A92
330
17
100
AcDbEntity
  8
C-ROAD
100
AcDbBlockReference
  2
INT-128
 10
0.0
 20
-2062.099237977417
 30
0.0
  0
LWPOLYLINE
  5
A94
330
17
100
AcDbEntity
  8
C-CURB
100
AcDbPolyline
 90
2
 70
0
 10
-11.5
 20
-95.0
 10
-11.5
 20
-199.29579219651188
  0
LWPOLYLINE
  5
A95
330
17
100
AcDbEntity
  8
C-CURB
100
AcDbPolyline
 90
2
 70
0
 10
11.5
 20
-95.0
 10
11.5
 20
-199.29579219651188
  0
LWPOLYLINE
  5
A96
330
17
100
AcDbEntity
  8
C-PED
100
AcDbPolyline
 90
2
 70
0
 10
-14.0
 20
-95.0
 10
-14.0
 20
-199.29579219651188
  0
LWPOLYLINE
  5
A97
330
17
100
AcDbEntity
  8
C-PED
100
AcDbPolyline
 90
2
 70
0
 10
-16.0
 20
-95.0
 10
-16.0
 20
-199.29579219651188
  0
LWPOLYLINE
  5
A98
330
17
100
AcDbEntity
  8
C-PED
100
AcDbPolyline
 90
2
 70
0
 10
14.0
 20
-95.0
 10
14.0
 20
-199.29579219651188
  0
LWPOLYLINE
  5
A99
330
17
100
AcDbEntity
  8
C-PED
100
AcDbPolyline
 90
2
 70
0
 10
16.0
 20
-95.0
 10
16.0
 20
-199.29579219651188
  0
LWPOLYLINE
  5
A9A
330
17
100
AcDbEntity
  8
C-ISLD
100
AcDbPolyline
 90
2
 70
0
 10
-1.0
 20
-95.0
 10
-1.0
 20
-199.29579219651188
  0
LWPOLYLINE
  5
A9B
330
17
100
AcDbEntity
  8
C-ISLD
100
AcDbPolyline
 90
2
 70
0
 10
1.0
 20
-95.0
 10
1.0
 20
-199.29579219651188
  0
LWPOLYLINE
  5
A9C
330
17
100
AcDbEntity
  8
C-MARK-LANE
100
AcDbPolyline
 90
2
 70
0
 10
4.5
 20
-95.0
 10
4.5
 20
-199.29579219651188
  0
LWPOLYLINE
  5
A9D
330
17
100
AcDbEntity
  8
C-MARK-LANE
100
AcDbPolyline
 90
2
 70
0
 10
-4.5
 20
-95.0
 10
-4.5
 20
-199.29579219651188
  0
LWPOLYLINE
  5
A9E
330
17
100
AcDbEntity
  8
C-MARK-LANE
100
AcDbPolyline
 90
2
 70
0
 10
8.0
 20
-95.0
 10
8.0
 20
-199.29579219651188
  0
LWPOLYLINE
  5
A9F
330
17
100
AcDbEntity
  8
C-MARK-LANE
100
AcDbPolyline
 90
2
 70
0
 10
-8.0
 20
-95.0
 10
-8.0
 20
-199.29579219651188
  0
LWPOLYLINE
  5
AA0
330
17
100
AcDbEntity
  8
C-CURB
100
AcDbPolyline
 90
2
 70
0
 10
-11.5
 20
-377.5194141730602
 10
-11.5
 20
-387.5194141730602
  0
LWPOLYLINE
  5
AA1
330
17
100
AcDbEntity
  8
C-CURB
100
AcDbPolyline
 90
2
 70
0
 10
11.5
 20
-377.5194141730602
 10
11.5
 20
-387.5194141730602
  0
LWPOLYLINE
  5
AA2
330
17
100
AcDbEntity
  8
C-PED
100
AcDbPolyline
 90
2
 70
0
 10
-14.0
 20
-377.5194141730602
 10
-14.0
 20
-387.5194141730602
  0
LWPOLYLINE
  5
AA3
330
17
100
AcDbEntity
  8
C-PED
100
AcDbPolyline
 90
2
 70
0
 10
-16.0
 20
-377.5194141730602
 10
-16.0
 20
-387.5194141730602
  0
LWPOLYLINE
  5
AA4
330
17
100
AcDbEntity
  8
C-PED
100
AcDbPolyline
 90
2
 70
0
 10
14.0
 20
-377.5194141730602
 10
14.0
 20
-387.5194141730602
  0
LWPOLYLINE
  5
AA5
330
17
100
AcDbEntity
  8
C-PED
100
AcDbPolyline
 90
2
 70
0
 10
16.0
 20
-377.5194141730602
 10
16.0
 20
-387.5194141730602
  0
LWPOLYLINE
  5
AA6
330
17
100
AcDbEntity
  8
C-ISLD
100
AcDbPolyline
 90
2
 70
0
 10
-1.0
 20
-377.5194141730602
 10
-1.0
 20
-387.5194141730602
  0
LWPOLYLINE
  5
AA7
330
17
100
AcDbEntity
  8
C-ISLD
100
AcDbPolyline
 90
2
 70
0
 10
1.0
 20
-377.5194141730602
 10
1.0
 20
-387.5194141730602
  0
LWPOLYLINE
  5
AA8
330
17
100
AcDbEntity
  8
C-MARK-LANE
100
AcDbPolyline
 90
2
 70
0
 10
4.5
 20
-377.5194141730602
 10
4.5
 20
-387.5194141730602
  0
LWPOLYLINE
  5
AA9
330
17
100
AcDbEntity
  8
C-MARK-LANE
100
AcDbPolyline
 90
2
 70
0
 10
-4.5
 20
-377.5194141730602
 10
-4.5
 20
-387.5194141730602
  0
LWPOLYLINE
  5
AAA
330
17
100
AcDbEntity
  8
C-MARK-LANE
100
AcDbPolyline
 90
2
 70
0
 10
8.0
 20
-377.5194141730602
 10
8.0
 20
-387.5194141730602
  0
LWPOLYLINE
  5
AAB
330
17
100
AcDbEntity
  8
C-MARK-LANE
100
AcDbPolyline
 90
2
 70
0
 10
-8.0
 20
-377.5194141730602
 10
-8.0
 20
-387.5194141730602
  0
LWPOLYLINE
  5
AAC
330
17
100
AcDbEntity
  8
C-CURB
100
AcDbPolyline
 90
2
 70
0
 10
-11.5
 20
-565.7430361496087
 10
-11.5
 20
-703.6385682788293
  0
LWPOLYLINE
  5
AAD
330
17
100
AcDbEntity
  8
C-CURB
100
AcDbPolyline
 90
2
 70
0
 10
11.5
 20
-565.7430361496087
 10
11.5
 20
-703.6385682788293
  0
LWPOLYLINE
  5
AAE
330
17
100
AcDbEntity
  8
C-PED
100
AcDbPolyline
 90
2
 70
0
 10
-14.0
 20
-565.7430361496087
 10
-14.0
 20
-703.6385682788293
  0
LWPOLYLINE
  5
AAF
330
17
100
AcDbEntity
  8
C-PED
100
AcDbPolyline
 90
2
 70
0
 10
-16.0
 20
-565.7430361496087
 10
-16.0
 20
-703.6385682788293
  0
LWPOLYLINE
  5
AB0
330
17
100
AcDbEntity
  8
C-PED
100
AcDbPolyline
 90
2
 70
0
 10
14.0
 20
-565.7430361496087
 10
14.0
 20
-703.6385682788293
  0
LWPOLYLINE
  5
AB1
330
17
100
AcDbEntity
  8
C-PED
100
AcDbPolyline
 90
2
 70
0
 10
16.0
 20
-565.7430361496087
 10
16.0
 20
-703.6385682788293
  0
LWPOLYLINE
  5
AB2
330
17
100
AcDbEntity
  8
C-ISLD
100
AcDbPolyline
 90
2
 70
0
 10
-1.0
 20
-565.7430361496087
 10
-1.0
 20
-703.6385682788293
  0
LWPOLYLINE
  5
AB3
330
17
100
AcDbEntity
  8
C-ISLD
100
AcDbPolyline
 90
2
 70
0
 10
1.0
 20
-565.7430361496087
 10
1.0
 20
-703.6385682788293
  0
LWPOLYLINE
  5
AB4
330
17
100
AcDbEntity
  8
C-MARK-LANE
100
AcDbPolyline
 90
2
 70
0
 10
4.5
 20
-565.7430361496087
 10
4.5
 20
-703.6385682788293
  0
LWPOLYLINE
  5
AB5
330
17
100
AcDbEntity
  8
C-MARK-LANE
100
AcDbPolyline
 90
2
 70
0
 10
-4.5
 20
-565.7430361496087
 10
-4.5
 20
-703.6385682788293
  0
LWPOLYLINE
  5
AB6
330
17
100
AcDbEntity
  8
C-MARK-LANE
100
AcDbPolyline
 90
2
 70
0
 10
8.0
 20
-565.7430361496087
 10
8.0
 20
-703.6385682788293
  0
LWPOLYLINE
  5
AB7
330
17
100
AcDbEntity
  8
C-MARK-LANE
100
AcDbPolyline
 90
2
 70
0
 10
-8.0
 20
-565.7430361496087
 10
-8.0
 20
-703.6385682788293
  0
LWPOLYLINE
  5
AB8
330
17
100
AcDbEntity
  8
C-CURB
100
AcDbPolyline
 90
2
 70
0
 10
-11.5
 20
-1053.233320576373
 10
-11.5
 20
-1098.204107394466
  0
LWPOLYLINE
  5
AB9
330
17
100
AcDbEntity
  8
C-CURB
100
AcDbPolyline
 90
2
 70
0
 10
11.5
 20
-1053.233320576373
 10
11.5
 20
-1098.204107394466
  0
LWPOLYLINE
  5
ABA
330
17
100
AcDbEntity
  8
C-PED
100
AcDbPolyline
 90
2
 70
0
 10
-14.0
 20
-1053.233320576373
 10
-14.0
 20
-1098.204107394466
  0
LWPOLYLINE
  5
ABB
330
17
100
AcDbEntity
  8
C-PED
100
AcDbPolyline
 90
2
 70
0
 10
-16.0
 20
-1053.233320576373
 10
-16.0
 20
-1098.204107394466
  0
LWPOLYLINE
  5
ABC
330
17
100
AcDbEntity
  8
C-PED
100
AcDbPolyline
 90
2
 70
0
 10
14.0
 20
-1053.233320576373
 10
14.0
 20
-1098.204107394466
  0
LWPOLYLINE
  5
ABD
330
17
100
AcDbEntity
  8
C-PED
100
AcDbPolyline
 90
2
 70
0
 10
16.0
 20
-1053.233320576373
 10
16.0
 20
-1098.204107394466
  0
LWPOLYLINE
  5
ABE
330
17
100
AcDbEntity
  8
C-ISLD
100
AcDbPolyline
 90
2
 70
0
 10
-1.0
 20
-1053.233320576373
 10
-1.0
 20
-1098.204107394466
  0
LWPOLYLINE
  5
ABF
330
17
100
AcDbEntity
  8
C-ISLD
100
AcDbPolyline
 90
2
 70
0
 10
1.0
 20
-1053.233320576373
 10
1.0
 20
-1098.204107394466
  0
LWPOLYLINE
  5
AC0
330
17
100
AcDbEntity
  8
C-MARK-LANE
100
AcDbPolyline
 90
2
 70
0
 10
4.5
 20
-1053.233320576373
 10
4.5
 20
-1098.204107394466
  0
LWPOLYLINE
  5
AC1
330
17
100
AcDbEntity
  8
C-MARK-LANE
100
AcDbPolyline
 90
2
 70
0
 10
-4.5
 20
-1053.233320576373
 10
-4.5
 20
-1098.204107394466
  0
LWPOLYLINE
  5
AC2
330
17
100
AcDbEntity
  8
C-MARK-LANE
100
AcDbPolyline
 90
2
 70
0
 10
8.0
 20
-1053.233320576373
 10
8.0
 20
-1098.204107394466
  0
LWPOLYLINE
  5
AC3
330
17
100
AcDbEntity
  8
C-MARK-LANE
100
AcDbPolyline
 90
2
 70
0
 10
-8.0
 20
-1053.233320576373
 10
-8.0
 20
-1098.204107394466
  0
LWPOLYLINE
  5
AC4
330
17
100
AcDbEntity
  8
C-CURB
100
AcDbPolyline
 90
2
 70
0
 10
-11.5
 20
-1377.8572860558234
 10
-11.5
 20
-1387.8572860558234
  0
LWPOLYLINE
  5
AC5
330
17
100
AcDbEntity
  8
C-CURB
100
AcDbPolyline
 90
2
 70
0
 10
11.5
 20
-1377.8572860558234
 10
11.5
 20
-1387.8572860558234
  0
LWPOLYLINE
  5
AC6
330
17
100
AcDbEntity
  8
C-PED
100
AcDbPolyline
 90
2
 70
0
 10
-14.0
 20
-1377.8572860558234
 10
-14.0
 20
-1387.8572860558234
  0
LWPOLYLINE
  5
AC7
330
17
100
AcDbEntity
  8
C-PED
100
AcDbPolyline
 90
2
 70
0
 10
-16.0
 20
-1377.8572860558234
 10
-16.0
 20
-1387.8572860558234
  0
LWPOLYLINE
  5
AC8
330
17
100
AcDbEntity
  8
C-PED
100
AcDbPolyline
 90
2
 70
0
 10
14.0
 20
-1377.8572860558234
 10
14.0
 20
-1387.8572860558234
  0
LWPOLYLINE
  5
AC9
330
17
100
AcDbEntity
  8
C-PED
100
AcDbPolyline
 90
2
 70
0
 10
16.0
 20
-1377.8572860558234
 10
16.0
 20
-1387.8572860558234
  0
LWPOLYLINE
  5
ACA
330
17
100
AcDbEntity
  8
C-ISLD
100
AcDbPolyline
 90
2
 70
0
 10
-1.0
 20
-1377.8572860558234
 10
-1.0
 20
-1387.8572860558234
  0
LWPOLYLINE
  5
ACB
330
17
100
AcDbEntity
  8
C-ISLD
100
AcDbPolyline
 90
2
 70
0
 10
1.0
 20
-1377.8572860558234
 10
1.0
 20
-1387.8572860558234
  0
LWPOLYLINE
  5
ACC
330
17
100
AcDbEntity
  8
C-MARK-LANE
100
AcDbPolyline
 90
2
 70
0
 10
4.5
 20
-1377.8572860558234
 10
4.5
 20
-1387.8572860558234
  0
LWPOLYLINE
  5
ACD
330
17
100
AcDbEntity
  8
C-MARK-LANE
100
AcDbPolyline
 90
2
 70
0
 10
-4.5
 20
-1377.8572860558234
 10
-4.5
 20
-1387.8572860558234
  0
LWPOLYLINE
  5
ACE
330
17
100
AcDbEntity
  8
C-MARK-LANE
100
AcDbPolyline
 90
2
 70
0
 10
8.0
 20
-1377.8572860558234
 10
8.0
 20
-1387.8572860558234
  0
LWPOLYLINE
  5
ACF
330
17
100
AcDbEntity
  8
C-MARK-LANE
100
AcDbPolyline
 90
2
 70
0
 10
-8.0
 20
-1377.8572860558234
 10
-8.0
 20
-1387.8572860558234
  0
LWPOLYLINE
  5
AD0
330
17
100
AcDbEntity
  8
C-CURB
100
AcDbPolyline
 90
2
 70
0
 10
-11.5
 20
-1667.5104647171802
 10
-11.5
 20
-1751.3060768645323
  0
LWPOLYLINE
  5
AD1
330
17
100
AcDbEntity
  8
C-CURB
100
AcDbPolyline
 90
2
 70
0
 10
11.5
 20
-1667.5104647171802
 10
11.5
 20
-1751.3060768645323
  0
LWPOLYLINE
  5
AD2
330
17
100
AcDbEntity
  8
C-PED
100
AcDbPolyline
 90
2
 70
0
 10
-14.0
 20
-1667.5104647171802
 10
-14.0
 20
-1751.3060768645323
  0
LWPOLYLINE
  5
AD3
330
17
100
AcDbEntity
  8
C-PED
100
AcDbPolyline
 90
2
 70
0
 10
-16.0
 20
-1667.5104647171802
 10
-16.0
 20
-1751.3060768645323
  0
LWPOLYLINE
  5
AD4
330
17
100
AcDbEntity
  8
C-PED
100
AcDbPolyline
 90
2
 70
0
 10
14.0
 20
-1667.5104647171802
 10
14.0
 20
-1751.3060768645323
  0
LWPOLYLINE
  5
AD5
330
17
100
AcDbEntity
  8
C-PED
100
AcDbPolyline
 90
2
 70
0
 10
16.0
 20
-1667.5104647171802
 10
16.0
 20
-1751.3060768645323
  0
LWPOLYLINE
  5
AD6
330
17
100
AcDbEntity
  8
C-ISLD
100
AcDbPolyline
 90
2
 70
0
 10
-1.0
 20
-1667.5104647171802
 10
-1.0
 20
-1751.3060768645323
  0
LWPOLYLINE
  5
AD7
330
17
100
AcDbEntity
  8
C-ISLD
100
AcDbPolyline
 90
2
 70
0
 10
1.0
 20
-1667.5104647171802
 10
1.0
 20
-1751.3060768645323
  0
LWPOLYLINE
  5
AD8
330
17
100
AcDbEntity
  8
C-MARK-LANE
100
AcDbPolyline
 90
2
 70
0
 10
4.5
 20
-1667.5104647171802
 10
4.5
 20
-1751.3060768645323
  0
LWPOLYLINE
  5
AD9
330
17
100
AcDbEntity
  8
C-MARK-LANE
100
AcDbPolyline
 90
2
 70
0
 10
-4.5
 20
-1667.5104647171802
 10
-4.5
 20
-1751.3060768645323
  0
LWPOLYLINE
  5
ADA
330
17
100
AcDbEntity
  8
C-MARK-LANE
100
AcDbPolyline
 90
2
 70
0
 10
8.0
 20
-1667.5104647171802
 10
8.0
 20
-1751.3060768645323
  0
LWPOLYLINE
  5
ADB
330
17
100
AcDbEntity
  8
C-MARK-LANE
100
AcDbPolyline
 90
2
 70
0
 10
-8.0
 20
-1667.5104647171802
 10
-8.0
 20
-1751.3060768645323
  0
LWPOLYLINE
  5
ADC
330
17
100
AcDbEntity
  8
C-CURB
100
AcDbPolyline
 90
2
 70
0
 10
-11.5
 20
-1951.8348509397888
 10
-11.5
 20
-1967.099237977417
  0
LWPOLYLINE
  5
ADD
330
17
100
AcDbEntity
  8
C-CURB
100
AcDbPolyline
 90
2
 70
0
 10
11.5
 20
-1951.8348509397888
 10
11.5
 20
-1967.099237977417
  0
LWPOLYLINE
  5
ADE
330
17
100
AcDbEntity
  8
C-PED
100
AcDbPolyline
 90
2
 70
0
 10
-14.0
 20
-1951.8348509397888
 10
-14.0
 20
-1967.099237977417
  0
LWPOLYLINE
  5
ADF
330
17
100
AcDbEntity
  8
C-PED
100
AcDbPolyline
 90
2
 70
0
 10
-16.0
 20
-1951.8348509397888
 10
-16.0
 20
-1967.099237977417
  0
LWPOLYLINE
  5
AE0
330
17
100
AcDbEntity
  8
C-PED
100
AcDbPolyline
 90
2
 70
0
 10
14.0
 20
-1951.8348509397888
 10
14.0
 20
-1967.099237977417
  0
LWPOLYLINE
  5
AE1
330
17
100
AcDbEntity
  8
C-PED
100
AcDbPolyline
 90
2
 70
0
 10
16.0
 20
-1951.8348509397888
 10
16.0
 20
-1967.099237977417
  0
LWPOLYLINE
  5
AE2
330
17
100
AcDbEntity
  8
C-ISLD
100
AcDbPolyline
 90
2
 70
0
 10
-1.0
 20
-1951.8348509397888
 10
-1.0
 20
-1967.099237977417
  0
LWPOLYLINE
  5
AE3
330
17
100
AcDbEntity
  8
C-ISLD
100
AcDbPolyline
 90
2
 70
0
 10
1.0
 20
-1951.8348509397888
 10
1.0
 20
-1967.099237977417
  0
LWPOLYLINE
  5
AE4
330
17
100
AcDbEntity
  8
C-MARK-LANE
100
AcDbPolyline
 90
2
 70
0
 10
4.5
 20
-1951.8348509397888
 10
4.5
 20
-1967.099237977417
  0
LWPOLYLINE
  5
AE5
330
17
100
AcDbEntity
  8
C-MARK-LANE
100
AcDbPolyline
 90
2
 70
0
 10
-4.5
 20
-1951.8348509397888
 10
-4.5
 20
-1967.099237977417
  0
LWPOLYLINE
  5
AE6
330
17
100
AcDbEntity
  8
C-MARK-LANE
100
AcDbPolyline
 90
2
 70
0
 10
8.0
 20
-1951.8348509397888
 10
8.0
 20
-1967.099237977417
  0
LWPOLYLINE
  5
AE7
330
17
100
AcDbEntity
  8
C-MARK-LANE
100
AcDbPolyline
 90
2
 70
0
 10
-8.0
 20
-1951.8348509397888
 10
-8.0
 20
-1967.099237977417
  0
LWPOLYLINE
  5
AE8
330
17
100
AcDbEntity
  8
C-ANNO
100
AcDbPolyline
 90
2
 70
0
 10
-33.5
 20
20.0
 10
-33.5
 20
-2082.099237977417
  0
LWPOLYLINE
  5
AE9
330
17
100
AcDbEntity
  8
C-ANNO
100
AcDbPolyline
 90
2
 70
0
 10
-35.5
 20
-0.0
 10
-31.5
 20
-0.0
  0
TEXT
  5
AEA
330
17
100
AcDbEntity
  8
C-ANNO
100
AcDbText
 10
-37.5
 20
-0.0
 30
0.0
 40
1.25
  1
0+000.00
  7
ANNO
 72
2
 11
-37.5
 21
-0.0
 31
0.0
100
AcDbText
 73
2
  0
LWPOLYLINE
  5
AEB
330
17
100
AcDbEntity
  8
C-ANNO
100
AcDbPolyline
 90
2
 70
0
 10
-35.5
 20
-100.0
 10
-31.5
 20
-100.0
  0
TEXT
  5
AEC
330
17
100
AcDbEntity
  8
C-ANNO
100
AcDbText
 10
-37.5
 20
-100.0
 30
0.0
 40
1.25
  1
0+100.00
  7
ANNO
 72
2
 11
-37.5
 21
-100.0
 31
0.0
100
AcDbText
 73
2
  0
LWPOLYLINE
  5
AED
330
17
100
AcDbEntity
  8
C-ANNO
100
AcDbPolyline
 90
2
 70
0
 10
-35.5
 20
-200.0
 10
-31.5
 20
-200.0
  0
TEXT
  5
AEE
330
17
100
AcDbEntity
  8
C-ANNO
100
AcDbText
 10
-37.5
 20
-200.0
 30
0.0
 40
1.25
  1
0+200.00
  7
ANNO
 72
2
 11
-37.5
 21
-200.0
 31
0.0
100
AcDbText
 73
2
  0
LWPOLYLINE
  5
AEF
330
17
100
AcDbEntity
  8
C-ANNO
100
AcDbPolyline
 90
2
 70
0
 10
-35.5
 20
-300.0
 10
-31.5
 20
-300.0
  0
TEXT
  5
AF0
330
17
100
AcDbEntity
  8
C-ANNO
100
AcDbText
 10
-37.5
 20
-300.0
 30
0.0
 40
1.25
  1
0+300.00
  7
ANNO
 72
2
 11
-37.5
 21
-300.0
 31
0.0
100
AcDbText
 73
2
  0
LWPOLYLINE
  5
AF1
330
17
100
AcDbEntity
  8
C-ANNO
100
AcDbPolyline
 90
2
 70
0
 10
-35.5
 20
-400.0
 10
-31.5
 20
-400.0
  0
TEXT
  5
AF2
330
17
100
AcDbEntity
  8
C-ANNO
100
AcDbText
 10
-37.5
 20
-400.0
 30
0.0
 40
1.25
  1
0+400.00
  7
ANNO
 72
2
 11
-37.5
 21
-400.0
 31
0.0
100
AcDbText
 73
2
  0
LWPOLYLINE
  5
AF3
330
17
100
AcDbEntity
  8
C-ANNO
100
AcDbPolyline
 90
2
 70
0
 10
-35.5
 20
-500.0
 10
-31.5
 20
-500.0
  0
TEXT
  5
AF4
330
17
100
AcDbEntity
  8
C-ANNO
100
AcDbText
 10
-37.5
 20
-500.0
 30
0.0
 40
1.25
  1
0+500.00
  7
ANNO
 72
2
 11
-37.5
 21
-500.0
 31
0.0
100
AcDbText
 73
2
  0
LWPOLYLINE
  5
AF5
330
17
100
AcDbEntity
  8
C-ANNO
100
AcDbPolyline
 90
2
 70
0
 10
-35.5
 20
-600.0
 10
-31.5
 20
-600.0
  0
TEXT
  5
AF6
330
17
100
AcDbEntity
  8
C-ANNO
100
AcDbText
 10
-37.5
 20
-600.0
 30
0.0
 40
1.25
  1
0+600.00
  7
ANNO
 72
2
 11
-37.5
 21
-600.0
 31
0.0
100
AcDbText
 73
2
  0
LWPOLYLINE
  5
AF7
330
17
100
AcDbEntity
  8
C-ANNO
100
AcDbPolyline
 90
2
 70
0
 10
-35.5
 20
-700.0
 10
-31.5
 20
-700.0
  0
TEXT
  5
AF8
330
17
100
AcDbEntity
  8
C-ANNO
100
AcDbText
 10
-37.5
 20
-700.0
 30
0.0
 40
1.25
  1
0+700.00
  7
ANNO
 72
2
 11
-37.5
 21
-700.0
 31
0.0
100
AcDbText
 73
2
  0
LWPOLYLINE
  5
AF9
330
17
100
AcDbEntity
  8
C-ANNO
100
AcDbPolyline
 90
2
 70
0
 10
-35.5
 20
-800.0
 10
-31.5
 20
-800.0
  0
TEXT
  5
AFA
330
17
100
AcDbEntity
  8
C-ANNO
100
AcDbText
 10
-37.5
 20
-800.0
 30
0.0
 40
1.25
  1
0+800.00
  7
ANNO
 72
2
 11
-37.5
 21
-800.0
 31
0.0
100
AcDbText
 73
2
  0
LWPOLYLINE
  5
AFB
330
17
100
AcDbEntity
  8
C-ANNO
100
AcDbPolyline
 90
2
 70
0
 10
-35.5
 20
-900.0
 10
-31.5
 20
-900.0
  0
TEXT
  5
AFC
330
17
100
AcDbEntity
  8
C-ANNO
100
AcDbText
 10
-37.5
 20
-900.0
 30
0.0
 40
1.25
  1
0+900.00
  7
ANNO
 72
2
 11
-37.5
 21
-900.0
 31
0.0
100
AcDbText
 73
2
  0
LWPOLYLINE
  5
AFD
330
17
100
AcDbEntity
  8
C-ANNO
100
AcDbPolyline
 90
2
 70
0
 10
-35.5
 20
-1000.0
 10
-31.5
 20
-1000.0
  0
TEXT
  5
AFE
330
17
100
AcDbEntity
  8
C-ANNO
100
AcDbText
 10
-37.5
 20
-1000.0
 30
0.0
 40
1.25
  1
1+000.00
  7
ANNO
 72
2
 11
-37.5
 21
-1000.0
 31
0.0
100
AcDbText
 73
2
  0
LWPOLYLINE
  5
AFF
330
17
100
AcDbEntity
  8
C-ANNO
100
AcDbPolyline
 90
2
 70
0
 10
-35.5
 20
-1100.0
 10
-31.5
 20
-1100.0
  0
TEXT
  5
B00
330
17
100
AcDbEntity
  8
C-ANNO
100
AcDbText
 10
-37.5
 20
-1100.0
 30
0.0
 40
1.25
  1
1+100.00
  7
ANNO
 72
2
 11
-37.5
 21
-1100.0
 31
0.0
100
AcDbText
 73
2
  0
LWPOLYLINE
  5
B01
330
17
100
AcDbEntity
  8
C-ANNO
100
AcDbPolyline
 90
2
 70
0
 10
-35.5
 20
-1200.0
 10
-31.5
 20
-1200.0
  0
TEXT
  5
B02
330
17
100
AcDbEntity
  8
C-ANNO
100
AcDbText
 10
-37.5
 20
-1200.0
 30
0.0
 40
1.25
  1
1+200.00
  7
ANNO
 72
2
 11
-37.5
 21
-1200.0
 31
0.0
100
AcDbText
 73
2
  0
LWPOLYLINE
  5
B03
330
17
100
AcDbEntity
  8
C-ANNO
100
AcDbPolyline
 90
2
 70
0
 10
-35.5
 20
-1300.0
 10
-31.5
 20
-1300.0
  0
TEXT
  5
B04
330
17
100
AcDbEntity
  8
C-ANNO
100
AcDbText
 10
-37.5
 20
-1300.0
 30
0.0
 40
1.25
  1
1+300.00
  7
ANNO
 72
2
 11
-37.5
 21
-1300.0
 31
0.0
100
AcDbText
 73
2
  0
LWPOLYLINE
  5
B05
330
17
100
AcDbEntity
  8
C-ANNO
100
AcDbPolyline
 90
2
 70
0
 10
-35.5
 20
-1400.0
 10
-31.5
 20
-1400.0
  0
TEXT
  5
B06
330
17
100
AcDbEntity
  8
C-ANNO
100
AcDbText
 10
-37.5
 20
-1400.0
 30
0.0
 40
1.25
  1
1+400.00
  7
ANNO
 72
2
 11
-37.5
 21
-1400.0
 31
0.0
100
AcDbText
 73
2
  0
LWPOLYLINE
  5
B07
330
17
100
AcDbEntity
  8
C-ANNO
100
AcDbPolyline
 90
2
 70
0
 10
-35.5
 20
-1500.0
 10
-31.5
 20
-1500.0
  0
TEXT
  5
B08
330
17
100
AcDbEntity
  8
C-ANNO
100
AcDbText
 10
-37.5
 20
-1500.0
 30
0.0
 40
1.25
  1
1+500.00
  7
ANNO
 72
2
 11
-37.5
 21
-1500.0
 31
0.0
100
AcDbText
 73
2
  0
LWPOLYLINE
  5
B09
330
17
100
AcDbEntity
  8
C-ANNO
100
AcDbPolyline
 90
2
 70
0
 10
-35.5
 20
-1600.0
 10
-31.5
 20
-1600.0
  0
TEXT
  5
B0A
330
17
100
AcDbEntity
  8
C-ANNO
100
AcDbText
 10
-37.5
 20
-1600.0
 30
0.0
 40
1.25
  1
1+600.00
  7
ANNO
 72
2
 11
-37.5
 21
-1600.0
 31
0.0
100
AcDbText
 73
2
  0
LWPOLYLINE
  5
B0B
330
17
100
AcDbEntity
  8
C-ANNO
100
AcDbPolyline
 90
2
 70
0
 10
-35.5
 20
-1700.0
 10
-31.5
 20
-1700.0
  0
TEXT
  5
B0C
330
17
100
AcDbEntity
  8
C-ANNO
100
AcDbText
 10
-37.5
 20
-1700.0
 30
0.0
 40
1.25
  1
1+700.00
  7
ANNO
 72
2
 11
-37.5
 21
-1700.0
 31
0.0
100
AcDbText
 73
2
  0
LWPOLYLINE
  5
B0D
330
17
100
AcDbEntity
  8
C-ANNO
100
AcDbPolyline
 90
2
 70
0
 10
-35.5
 20
-1800.0
 10
-31.5
 20
-1800.0
  0
TEXT
  5
B0E
330
17
100
AcDbEntity
  8
C-ANNO
100
AcDbText
 10
-37.5
 20
-1800.0
 30
0.0
 40
1.25
  1
1+800.00
  7
ANNO
 72
2
 11
-37.5
 21
-1800.0
 31
0.0
100
AcDbText
 73
2
  0
LWPOLYLINE
  5
B0F
330
17
100
AcDbEntity
  8
C-ANNO
100
AcDbPolyline
 90
2
 70
0
 10
-35.5
 20
-1900.0
 10
-31.5
 20
-1900.0
  0
TEXT
  5
B10
330
17
100
AcDbEntity
  8
C-ANNO
100
AcDbText
 10
-37.5
 20
-1900.0
 30
0.0
 40
1.25
  1
1+900.00
  7
ANNO
 72
2
 11
-37.5
 21
-1900.0
 31
0.0
100
AcDbText
 73
2
  0
LWPOLYLINE
  5
B11
330
17
100
AcDbEntity
  8
C-ANNO
100
AcDbPolyline
 90
2
 70
0
 10
-35.5
 20
-2000.0
 10
-31.5
 20
-2000.0
  0
TEXT
  5
B12
330
17
100
AcDbEntity
  8
C-ANNO
100
AcDbText
 10
-37.5
 20
-2000.0
 30
0.0
 40
1.25
  1
2+000.00
  7
ANNO
 72
2
 11
-37.5
 21
-2000.0
 31
0.0
100
AcDbText
 73
2
  0
LWPOLYLINE
  5
B13
330
17
100
AcDbEntity
  8
C-DIMS
100
AcDbPolyline
 90
2
 70
0
 10
-39.5
 20
-500.0
 10
41.5
 20
-500.0
  0
TEXT
  5
B14
330
17
100
AcDbEntity
  8
C-DIMS
100
AcDbText
 10
43.5
 20
-500.0
 30
0.0
 40
1.75
  1
MATCH LINE STA 0+500.00
  7
ANNO
 11
43.5
 21
-500.0
 31
0.0
100
AcDbText
 73
2
  0
LWPOLYLINE
  5
B15
330
17
100
AcDbEntity
  8
C-DIMS
100
AcDbPolyline
 90
2
 70
0
 10
-39.5
 20
-1000.0
 10
41.5
 20
-1000.0
  0
TEXT
  5
B16
330
17
100
AcDbEntity
  8
C-DIMS
100
AcDbText
 10
43.5
 20
-1000.0
 30
0.0
 40
1.75
  1
MATCH LINE STA 1+000.00
  7
ANNO
 11
43.5
 21
-1000.0
 31
0.0
100
AcDbText
 73
2
  0
LWPOLYLINE
  5
B17
330
17
100
AcDbEntity
  8
C-DIMS
100
AcDbPolyline
 90
2
 70
0
 10
-39.5
 20
-1500.0
 10
41.5
 20
-1500.0
  0
TEXT
  5
B18
330
17
100
AcDbEntity
  8
C-DIMS
100
AcDbText
 10
43.5
 20
-1500.0
 30
0.0
 40
1.75
  1
MATCH LINE STA 1+500.00
  7
ANNO
 11
43.5
 21
-1500.0
 31
0.0
100
AcDbText
 73
2
  0
LWPOLYLINE
  5
B19
330
17
100
AcDbEntity
  8
C-DIMS
100
AcDbPolyline
 90
2
 70
0
 10
-39.5
 20
-2000.0
 10
41.5
 20
-2000.0
  0
TEXT
  5
B1A
330
17
100
AcDbEntity
  8
C-DIMS
100
AcDbText
 10
43.5
 20
-2000.0
 30
0.0
 40
1.75
  1
MATCH LINE STA 2+000.00
  7
ANNO
 11
43.5
 21
-2000.0
 31
0.0
100
AcDbText
 73
2
  0
TEXT
  5
B1B
330
17
100
AcDbEntity
  8
C-ANNO
100
AcDbText
 10
23.5
 20
4.0
 30
0.0
 40
1.75
  1
Steeles Ave E / Yonge St / Steeles Ave W   PX 131   STA 0+000.00
  7
ANNO
 11
23.5
 21
4.0
 31
0.0
100
AcDbText
 73
2
  0
TEXT
  5
B1C
330
17
100
AcDbEntity
  8
C-ANNO
100
AcDbText
 10
23.5
 20
-0.0
 30
0.0
 40
1.25
  1
cycle 60 s   arterial green 25 s   offset 0 s
  7
ANNO
 11
23.5
 21
-0.0
 31
0.0
100
AcDbText
 73
2
  0
TEXT
  5
B1D
330
17
100
AcDbEntity
  8
C-ANNO
100
AcDbText
 10
23.5
 20
-284.40760318478607
 30
0.0
 40
1.75
  1
Yonge St / Athabaska Ave   PX 1381   STA 0+288.41
  7
ANNO
 11
23.5
 21
-284.40760318478607
 31
0.0
100
AcDbText
 73
2
  0
TEXT
  5
B1E
330
17
100
AcDbEntity
  8
C-ANNO
100
AcDbText
 10
23.5
 20
-288.40760318478607
 30
0.0
 40
1.25
  1
cycle 60 s   arterial green 40 s   offset 23 s
  7
ANNO
 11
23.5
 21
-288.40760318478607
 31
0.0
100
AcDbText
 73
2
  0
TEXT
  5
B1F
330
17
100
AcDbEntity
  8
C-ANNO
100
AcDbText
 10
23.5
 20
-472.63122516133444
 30
0.0
 40
1.75
  1
Yonge St / Madawaska Ave / Moore Park Av   PX 130   STA 0+476.63
  7
ANNO
 11
23.5
 21
-472.63122516133444
 31
0.0
100
AcDbText
 73
2
  0
TEXT
  5
B20
330
17
100
AcDbEntity
  8
C-ANNO
100
AcDbText
 10
23.5
 20
-476.63122516133444
 30
0.0
 40
1.25
  1
cycle 60 s   arterial green 40 s   offset 34 s
  7
ANNO
 11
23.5
 21
-476.63122516133444
 31
0.0
100
AcDbText
 73
2
  0
TEXT
  5
B21
330
17
100
AcDbEntity
  8
C-ANNO
100
AcDbText
 10
23.5
 20
-874.4359444276012
 30
0.0
 40
1.75
  1
Yonge St / Patricia Ave   PX 856   STA 0+878.44
  7
ANNO
 11
23.5
 21
-874.4359444276012
 31
0.0
100
AcDbText
 73
2
  0
TEXT
  5
B22
330
17
100
AcDbEntity
  8
C-ANNO
100
AcDbText
 10
23.5
 20
-878.4359444276012
 30
0.0
 40
1.25
  1
cycle 60 s   arterial green 41 s   offset 3 s
  7
ANNO
 11
23.5
 21
-878.4359444276012
 31
0.0
100
AcDbText
 73
2
  0
TEXT
  5
B23
330
17
100
AcDbEntity
  8
C-ANNO
100
AcDbText
 10
23.5
 20
-1234.0306967251447
 30
0.0
 40
1.75
  1
Yonge St / Cummer Ave / Drewry Ave   PX 129   STA 1+238.03
  7
ANNO
 11
23.5
 21
-1234.0306967251447
 31
0.0
100
AcDbText
 73
2
  0
TEXT
  5
B24
330
17
100
AcDbEntity
  8
C-ANNO
100
AcDbText
 10
23.5
 20
-1238.0306967251447
 30
0.0
 40
1.25
  1
cycle 60 s   arterial green 42 s   offset 29 s
  7
ANNO
 11
23.5
 21
-1238.0306967251447
 31
0.0
100
AcDbText
 73
2
  0
TEXT
  5
B25
330
17
100
AcDbEntity
  8
C-ANNO
100
AcDbText
 10
23.5
 20
-1523.6838753865018
 30
0.0
 40
1.75
  1
Yonge St / Olympic Garden Dr / Narges Dr   PX 2177   STA 1+527.68
  7
ANNO
 11
23.5
 21
-1523.6838753865018
 31
0.0
100
AcDbText
 73
2
  0
TEXT
  5
B26
330
17
100
AcDbEntity
  8
C-ANNO
100
AcDbText
 10
23.5
 20
-1527.6838753865018
 30
0.0
 40
1.25
  1
cycle 60 s   arterial green 46 s   offset 50 s
  7
ANNO
 11
23.5
 21
-1527.6838753865018
 31
0.0
100
AcDbText
 73
2
  0
TEXT
  5
B27
330
17
100
AcDbEntity
  8
C-ANNO
100
AcDbText
 10
23.5
 20
-1847.5704639021606
 30
0.0
 40
1.75
  1
Yonge St / Hendon Ave / Bishop Ave   PX 1151   STA 1+851.57
  7
ANNO
 11
23.5
 21
-1847.5704639021606
 31
0.0
100
AcDbText
 73
2
  0
TEXT
  5
B28
330
17
100
AcDbEntity
  8
C-ANNO
100
AcDbText
 10
23.5
 20
-1851.5704639021606
 30
0.0
 40
1.25
  1
cycle 60 s   arterial green 24 s   offset 1 s
  7
ANNO
 11
23.5
 21
-1851.5704639021606
 31
0.0
100
AcDbText
 73
2
  0
TEXT
  5
B29
330
17
100
AcDbEntity
  8
C-ANNO
100
AcDbText
 10
23.5
 20
-2058.099237977417
 30
0.0
 40
1.75
  1
Finch Ave E / Yonge St / Finch Ave W   PX 128   STA 2+062.10
  7
ANNO
 11
23.5
 21
-2058.099237977417
 31
0.0
100
AcDbText
 73
2
  0
TEXT
  5
B2A
330
17
100
AcDbEntity
  8
C-ANNO
100
AcDbText
 10
23.5
 20
-2062.099237977417
 30
0.0
 40
1.25
  1
cycle 60 s   arterial green 30 s   offset 28 s
  7
ANNO
 11
23.5
 21
-2062.099237977417
 31
0.0
100
AcDbText
 73
2
  0
INSERT
  5
B2B
330
17
100
AcDbEntity
  8
C-LEGEND
100
AcDbBlockReference
  2
NORTH-ARROW
 10
-63.5
 20
-40.0
 30
0.0
  0
INSERT
  5
B2D
330
17
100
AcDbEntity
  8
C-LEGEND
100
AcDbBlockReference
  2
SCALE-BAR-500
 10
-103.5
 20
40.0
 30
0.0
  0
ENDSEC
  0
SECTION
  2
OBJECTS
  0
DICTIONARY
  5
A
330
0
100
AcDbDictionary
281
1
  3
ACAD_COLOR
350
B
  3
ACAD_GROUP
350
C
  3
ACAD_LAYOUT
350
D
  3
ACAD_MATERIAL
350
E
  3
ACAD_MLEADERSTYLE
350
F
  3
ACAD_MLINESTYLE
350
10
  3
ACAD_PLOTSETTINGS
350
11
  3
ACAD_PLOTSTYLENAME
350
12
  3
ACAD_SCALELIST
350
14
  3
ACAD_TABLESTYLE
350
15
  3
ACAD_VISUALSTYLE
350
16
  3
EZDXF_META
350
2D
  0
DICTIONARY
  5
B
330
A
100
AcDbDictionary
281
1
  0
DICTIONARY
  5
C
330
A
100
AcDbDictionary
281
1
  0
DICTIONARY
  5
D
330
A
100
AcDbDictionary
281
1
  3
Model
350
1A
  3
Layout1
350
1E
  3
A1 - 1to500
350
B32
  0
DICTIONARY
  5
E
330
A
100
AcDbDictionary
281
1
  3
ByBlock
350
1F
  3
ByLayer
350
20
  3
Global
350
21
  0
DICTIONARY
  5
F
330
A
100
AcDbDictionary
281
1
  3
Standard
350
2C
  0
DICTIONARY
  5
10
330
A
100
AcDbDictionary
281
1
  3
Standard
350
22
  0
DICTIONARY
  5
11
330
A
100
AcDbDictionary
281
1
  0
ACDBDICTIONARYWDFLT
  5
12
330
A
100
AcDbDictionary
281
1
  3
Normal
350
13
100
AcDbDictionaryWithDefault
340
13
  0
ACDBPLACEHOLDER
  5
13
330
12
  0
DICTIONARY
  5
14
330
A
100
AcDbDictionary
281
1
  0
DICTIONARY
  5
15
330
A
100
AcDbDictionary
281
1
  0
DICTIONARY
  5
16
330
A
100
AcDbDictionary
281
1
  3
2dWireframe
350
5A
  3
Basic
350
5B
  3
Brighten
350
5C
  3
ColorChange
350
5D
  3
Conceptual
350
5E
  3
Dim
350
5F
  3
EdgeColorOff
350
60
  3
Facepattern
350
61
  3
Flat
350
62
  3
FlatWithEdges
350
63
  3
Gouraud
350
64
  3
GouraudWithEdges
350
65
  3
Hidden
350
66
  3
JitterOff
350
67
  3
Linepattern
350
68
  3
Modeling
350
69
  3
OverhangOff
350
6A
  3
Realistic
350
6B
  3
Shaded
350
6C
  3
Shaded with edges
350
6D
  3
Shades of Gray
350
6E
  3
Sketchy
350
6F
  3
Thicken
350
70
  3
Wireframe
350
71
  3
X-Ray
350
72
  0
LAYOUT
  5
1A
330
D
100
AcDbPlotSettings
  1

  4
A3
  6

 40
7.5
 41
20.0
 42
7.5
 43
20.0
 44
420.0
 45
297.0
 46
0.0
 47
0.0
 48
0.0
 49
0.0
140
0.0
141
0.0
142
1.0
143
1.0
 70
1024
 72
1
 73
0
 74
5
  7

 75
16
 76
0
 77
2
 78
300
147
1.0
148
0.0
149
0.0
100
AcDbLayout
  1
Model
 70
1
 71
0
 10
0.0
 20
0.0
 11
420.0
 21
297.0
 12
0.0
 22
0.0
 32
0.0
 14
1e+20
 24
1e+20
 34
1e+20
 15
-1e+20
 25
-1e+20
 35
-1e+20
146
0.0
 13
0.0
 23
0.0
 33
0.0
 16
1.0
 26
0.0
 36
0.0
 17
0.0
 27
1.0
 37
0.0
 76
1
330
17
  0
LAYOUT
  5
1E
330
D
100
AcDbPlotSettings
  1

  4
A3
  6

 40
7.5
 41
20.0
 42
7.5
 43
20.0
 44
420.0
 45
297.0
 46
0.0
 47
0.0
 48
0.0
 49
0.0
140
0.0
141
0.0
142
1.0
143
1.0
 70
0
 72
1
 73
0
 74
5
  7

 75
16
 76
0
 77
2
 78
300
147
1.0
148
0.0
149
0.0
100
AcDbLayout
  1
Layout1
 70
1
 71
1
 10
0.0
 20
0.0
 11
420.0
 21
297.0
 12
0.0
 22
0.0
 32
0.0
 14
1e+20
 24
1e+20
 34
1e+20
 15
-1e+20
 25
-1e+20
 35
-1e+20
146
0.0
 13
0.0
 23
0.0
 33
0.0
 16
1.0
 26
0.0
 36
0.0
 17
0.0
 27
1.0
 37
0.0
 76
1
330
1B
  0
MATERIAL
  5
1F
102
{ACAD_REACTORS
330
E
102
}
330
E
100
AcDbMaterial
  1
ByBlock
  2

 70
0
 40
1.0
 71
1
 41
1.0
 91
-1023410177
 42
1.0
 72
1
  3

 73
1
 74
1
 75
1
 44
0.5
 73
0
 45
1.0
 46
1.0
 77
1
  4

 78
1
 79
1
170
1
 48
1.0
171
1
  6

172
1
173
1
174
1
140
1.0
141
1.0
175
1
  7

176
1
177
1
178
1
143
1.0
179
1
  8

270
1
271
1
272
1
145
1.0
146
1.0
273
1
  9

274
1
275
1
276
1
 42
1.0
 72
1
  3

 73
1
 74
1
 75
1
 94
63
  0
MATERIAL
  5
20
102
{ACAD_REACTORS
330
E
102
}
330
E
100
AcDbMaterial
  1
ByLayer
  2

 70
0
 40
1.0
 71
1
 41
1.0
 91
-1023410177
 42
1.0
 72
1
  3

 73
1
 74
1
 75
1
 44
0.5
 73
0
 45
1.0
 46
1.0
 77
1
  4

 78
1
 79
1
170
1
 48
1.0
171
1
  6

172
1
173
1
174
1
140
1.0
141
1.0
175
1
  7

176
1
177
1
178
1
143
1.0
179
1
  8

270
1
271
1
272
1
145
1.0
146
1.0
273
1
  9

274
1
275
1
276
1
 42
1.0
 72
1
  3

 73
1
 74
1
 75
1
 94
63
  0
MATERIAL
  5
21
102
{ACAD_REACTORS
330
E
102
}
330
E
100
AcDbMaterial
  1
Global
  2

 70
0
 40
1.0
 71
1
 41
1.0
 91
-1023410177
 42
1.0
 72
1
  3

 73
1
 74
1
 75
1
 44
0.5
 73
0
 45
1.0
 46
1.0
 77
1
  4

 78
1
 79
1
170
1
 48
1.0
171
1
  6

172
1
173
1
174
1
140
1.0
141
1.0
175
1
  7

176
1
177
1
178
1
143
1.0
179
1
  8

270
1
271
1
272
1
145
1.0
146
1.0
273
1
  9

274
1
275
1
276
1
 42
1.0
 72
1
  3

 73
1
 74
1
 75
1
 94
63
  0
MLINESTYLE
  5
22
102
{ACAD_REACTORS
330
10
102
}
330
10
100
AcDbMlineStyle
  2
Standard
 70
0
  3

 62
256
 51
90.0
 52
90.0
 71
2
 49
0.5
 62
256
  6
BYLAYER
 49
-0.5
 62
256
  6
BYLAYER
  0
MLEADERSTYLE
  5
2C
102
{ACAD_REACTORS
330
F
102
}
330
F
100
AcDbMLeaderStyle
179
2
170
2
171
1
172
0
 90
2
 40
0.0
 41
0.0
173
1
 91
-1056964608
 92
-2
290
1
 42
2.0
291
1
 43
8.0
  3
Standard
 44
4.0
300

342
29
174
1
175
1
176
0
178
1
 93
-1056964608
 45
4.0
292
0
297
0
 46
4.0
 94
-1056964608
 47
1.0
 49
1.0
140
1.0
294
1
141
0.0
177
0
142
1.0
295
0
296
0
143
3.75
271
0
272
9
273
9
  0
DICTIONARY
  5
2D
330
A
100
AcDbDictionary
280
1
281
1
  3
CREATED_BY_EZDXF
350
2E
  3
WRITTEN_BY_EZDXF
350
B43
  0
DICTIONARYVAR
  5
2E
330
2D
100
DictionaryVariables
280
0
  1
1.4.4 @ 2026-09-03T19:15:20.743189+00:00
  0
VISUALSTYLE
  5
5A
102
{ACAD_REACTORS
330
16
102
}
330
16
100
AcDbVisualStyle
  2
2dWireframe
 70
4
 90
0
 40
0.6
 62
7
290
0
291
0
  0
VISUALSTYLE
  5
5B
102
{ACAD_REACTORS
330
16
102
}
330
16
100
AcDbVisualStyle
  2
Basic
 70
7
 90
1
 40
0.6
 62
7
290
0
291
1
  0
VISUALSTYLE
  5
5C
102
{ACAD_REACTORS
330
16
102
}
330
16
100
AcDbVisualStyle
  2
Brighten
 70
12
 90
2
 40
0.6
 62
7
290
0
291
1
  0
VISUALSTYLE
  5
5D
102
{ACAD_REACTORS
330
16
102
}
330
16
100
AcDbVisualStyle
  2
ColorChange
 70
16
 90
2
 40
0.6
 62
8
290
0
291
1
  0
VISUALSTYLE
  5
5E
102
{ACAD_REACTORS
330
16
102
}
330
16
100
AcDbVisualStyle
  2
Conceptual
 70
9
 90
3
 40
0.6
 62
7
290
0
291
0
  0
VISUALSTYLE
  5
5F
102
{ACAD_REACTORS
330
16
102
}
330
16
100
AcDbVisualStyle
  2
Dim
 70
11
 90
2
 40
0.6
 62
7
290
0
291
1
  0
VISUALSTYLE
  5
60
102
{ACAD_REACTORS
330
16
102
}
330
16
100
AcDbVisualStyle
  2
EdgeColorOff
 70
22
 90
2
 40
0.6
 62
7
290
0
291
1
  0
VISUALSTYLE
  5
61
102
{ACAD_REACTORS
330
16
102
}
330
16
100
AcDbVisualStyle
  2
Facepattern
 70
15
 90
2
 40
0.6
 62
7
290
0
291
1
  0
VISUALSTYLE
  5
62
102
{ACAD_REACTORS
330
16
102
}
330
16
100
AcDbVisualStyle
  2
Flat
 70
0
 90
2
 40
0.6
 62
7
290
0
291
1
  0
VISUALSTYLE
  5
63
102
{ACAD_REACTORS
330
16
102
}
330
16
100
AcDbVisualStyle
  2
FlatWithEdges
 70
1
 90
2
 40
0.6
 62
7
290
0
291
1
  0
VISUALSTYLE
  5
64
102
{ACAD_REACTORS
330
16
102
}
330
16
100
AcDbVisualStyle
  2
Gouraud
 70
2
 90
2
 40
0.6
 62
7
290
0
291
1
  0
VISUALSTYLE
  5
65
102
{ACAD_REACTORS
330
16
102
}
330
16
100
AcDbVisualStyle
  2
GouraudWithEdges
 70
3
 90
2
 40
0.6
 62
7
290
0
291
1
  0
VISUALSTYLE
  5
66
102
{ACAD_REACTORS
330
16
102
}
330
16
100
AcDbVisualStyle
  2
Hidden
 70
6
 90
1
 40
0.6
 62
7
290
0
291
0
  0
VISUALSTYLE
  5
67
102
{ACAD_REACTORS
330
16
102
}
330
16
100
AcDbVisualStyle
  2
JitterOff
 70
20
 90
2
 40
0.6
 62
7
290
0
291
1
  0
VISUALSTYLE
  5
68
102
{ACAD_REACTORS
330
16
102
}
330
16
100
AcDbVisualStyle
  2
Linepattern
 70
14
 90
2
 40
0.6
 62
7
290
0
291
1
  0
VISUALSTYLE
  5
69
102
{ACAD_REACTORS
330
16
102
}
330
16
100
AcDbVisualStyle
  2
Modeling
 70
10
 90
2
 40
0.6
 62
7
290
0
291
0
  0
VISUALSTYLE
  5
6A
102
{ACAD_REACTORS
330
16
102
}
330
16
100
AcDbVisualStyle
  2
OverhangOff
 70
21
 90
2
 40
0.6
 62
7
290
0
291
1
  0
VISUALSTYLE
  5
6B
102
{ACAD_REACTORS
330
16
102
}
330
16
100
AcDbVisualStyle
  2
Realistic
 70
8
 90
2
 40
0.6
 62
7
290
0
291
0
  0
VISUALSTYLE
  5
6C
102
{ACAD_REACTORS
330
16
102
}
330
16
100
AcDbVisualStyle
  2
Shaded
 70
27
 90
2
 40
0.6
 62
7
290
0
291
0
  0
VISUALSTYLE
  5
6D
102
{ACAD_REACTORS
330
16
102
}
330
16
100
AcDbVisualStyle
  2
Shaded with edges
 70
26
 90
2
 40
0.6
 62
7
290
0
291
0
  0
VISUALSTYLE
  5
6E
102
{ACAD_REACTORS
330
16
102
}
330
16
100
AcDbVisualStyle
  2
Shades of Gray
 70
23
 90
2
 40
0.6
 62
7
290
0
291
0
  0
VISUALSTYLE
  5
6F
102
{ACAD_REACTORS
330
16
102
}
330
16
100
AcDbVisualStyle
  2
Sketchy
 70
24
 90
1
 40
0.6
 62
7
290
0
291
0
  0
VISUALSTYLE
  5
70
102
{ACAD_REACTORS
330
16
102
}
330
16
100
AcDbVisualStyle
  2
Thicken
 70
13
 90
2
 40
0.6
 62
7
290
0
291
1
  0
VISUALSTYLE
  5
71
102
{ACAD_REACTORS
330
16
102
}
330
16
100
AcDbVisualStyle
  2
Wireframe
 70
5
 90
0
 40
0.6
 62
7
290
0
291
0
  0
VISUALSTYLE
  5
72
102
{ACAD_REACTORS
330
16
102
}
330
16
100
AcDbVisualStyle
  2
X-Ray
 70
25
 90
2
 40
0.5
 62
7
290
0
291
0
  0
LAYOUT
  5
B32
330
D
100
AcDbPlotSettings
  1

  2
DWG to PDF.pc3
  4
ezdxf_(841.00_x_594.00_MM)
  6

 40
0.0
 41
0.0
 42
0.0
 43
0.0
 44
841.0
 45
594.0
 46
0.0
 47
0.0
 48
0.0
 49
0.0
140
0.0
141
0.0
142
1.0
143
1.0
 70
672
 72
1
 73
0
 74
5
  7

 75
16
 76
0
 77
2
 78
300
147
1.0
148
0.0
149
0.0
100
AcDbLayout
  1
A1 - 1to500
 70
1
 71
3
 10
-0.0
 20
-0.0
 11
841.0
 21
594.0
 12
0.0
 22
0.0
 32
0.0
 14
1e+20
 24
1e+20
 34
1e+20
 15
-1e+20
 25
-1e+20
 35
-1e+20
146
0.0
 13
0.0
 23
0.0
 33
0.0
 16
1.0
 26
0.0
 36
0.0
 17
0.0
 27
1.0
 37
0.0
 76
1
330
B2F
331
B33
  0
DICTIONARYVAR
  5
B43
330
2D
100
DictionaryVariables
280
0
  1
1.4.4 @ 2026-09-03T19:15:20.826622+00:00
  0
ENDSEC
  0
EOF
