_id,count_id,count_date,location_name,longitude,latitude,centreline_type,centreline_id,px,start_time,end_time,n_appr_cars_r,n_appr_cars_t,n_appr_cars_l,s_appr_cars_r,s_appr_cars_t,s_appr_cars_l,e_appr_cars_r,e_appr_cars_t,e_appr_cars_l,w_appr_cars_r,w_appr_cars_t,w_appr_cars_l,n_appr_truck_r,n_appr_truck_t,n_appr_truck_l,s_appr_truck_r,s_appr_truck_t,s_appr_truck_l,e_appr_truck_r,e_appr_truck_t,e_appr_truck_l,w_appr_truck_r,w_appr_truck_t,w_appr_truck_l,n_appr_bus_r,n_appr_bus_t,n_appr_bus_l,s_appr_bus_r,s_appr_bus_t,s_appr_bus_l,e_appr_bus_r,e_appr_bus_t,e_appr_bus_l,w_appr_bus_r,w_appr_bus_t,w_appr_bus_l,n_appr_peds,s_appr_peds,e_appr_peds,w_appr_peds,n_appr_bike,s_appr_bike,e_appr_bike,w_appr_bike
165142,116114,2026-05-26,Yonge St / Cummer Ave / Drewry Ave,-79.4173504579467,43.7870687806437,2,13445250,129,2026-05-26T09:45:00,2026-05-26T10:00:00,19,221,12,27,209,10,16,49,28,14,27,9,1,2,0,0,2,0,1,0,0,1,0,0,0,18,0,1,14,1,0,1,1,1,0,0,10,11,22,10,2,0,0,0
165143,116114,2026-05-26,Yonge St / Cummer Ave / Drewry Ave,-79.4173504579467,43.7870687806437,2,13445250,129,2026-05-26T16:00:00,2026-05-26T16:15:00,22,255,25,39,278,12,16,50,22,13,44,16,0,0,0,0,3,0,0,1,0,0,1,2,0,14,1,2,18,2,0,1,3,1,0,0,16,10,25,31,7,2,1,0
165144,116114,2026-05-26,Yonge St / Cummer Ave / Drewry Ave,-79.4173504579467,43.7870687806437,2,13445250,129,2026-05-26T19:45:00,2026-05-26T20:00:00,22,244,10,15,219,15,21,26,17,14,20,17,0,1,0,0,3,0,0,0,0,1,1,0,0,13,0,1,18,1,0,0,1,1,0,0,19,18,31,42,10,5,1,1
165147,116116,2026-05-26,Yonge St / Olympic Garden Dr / Narges Dr,-79.4167212705432,43.7845037738791,2,13445545,2177,2026-05-26T08:45:00,2026-05-26T09:00:00,8,400,2,9,276,6,6,1,14,3,0,0,0,1,0,0,2,0,0,0,0,0,0,0,0,27,0,0,28,0,0,0,0,0,0,0,4,10,35,14,1,0,0,0
165148,116116,2026-05-26,Yonge St / Olympic Garden Dr / Narges Dr,-79.4167212705432,43.7845037738791,2,13445545,2177,2026-05-26T14:00:00,2026-05-26T14:15:00,4,286,6,7,277,0,2,0,6,1,0,1,0,3,0,0,5,0,0,0,0,0,0,0,0,16,0,0,16,0,0,0,0,1,0,0,2,1,14,20,2,3,0,0
165156,116119,2026-05-26,Finch Ave E / Yonge St / Finch Ave W,-79.4155776992011,43.7797690838483,2,13446142,128,2026-05-26T06:30:00,2026-05-26T06:45:00,10,132,12,11,86,25,9,73,2,16,48,13,0,4,0,0,3,1,1,0,0,1,0,0,0,4,1,1,2,0,0,4,0,0,8,2,12,3,34,30,1,0,0,0
165157,116119,2026-05-26,Finch Ave E / Yonge St / Finch Ave W,-79.4155776992011,43.7797690838483,2,13446142,128,2026-05-26T17:15:00,2026-05-26T17:30:00,39,232,23,21,205,38,12,101,11,17,165,41,1,2,0,1,1,0,0,1,1,0,2,0,0,2,0,0,4,0,0,5,0,0,5,0,54,74,181,210,6,2,1,1
165158,116119,2026-05-26,Finch Ave E / Yonge St / Finch Ave W,-79.4155776992011,43.7797690838483,2,13446142,128,2026-05-26T17:45:00,2026-05-26T18:00:00,45,200,30,20,214,27,17,127,20,13,136,35,0,2,0,1,2,1,1,1,0,0,3,0,0,1,0,0,4,0,0,5,0,0,7,0,71,96,227,223,3,5,1,3
165166,116122,2026-05-26,Yonge St / Hendon Ave / Bishop Ave,-79.4160016938587,43.7816376840421,2,13445900,1151,2026-05-26T08:45:00,2026-05-26T09:00:00,42,284,27,11,241,15,53,57,11,8,37,27,2,2,0,0,4,1,0,0,0,0,1,0,0,2,13,0,18,0,2,1,7,0,1,1,46,28,58,58,1,0,6,1
165167,116122,2026-05-26,Yonge St / Hendon Ave / Bishop Ave,-79.4160016938587,43.7816376840421,2,13445900,1151,2026-05-26T14:00:00,2026-05-26T14:15:00,37,226,16,8,211,5,32,17,7,12,26,35,1,4,0,0,6,0,0,0,0,0,0,0,0,1,7,0,10,0,2,1,2,0,0,0,18,22,53,27,2,6,8,6
165518,116427,2026-06-30,Yonge St / Madawaska Ave / Moore Park Ave,-79.4190145403399,43.7938100179332,2,13444390,130,2026-06-30T08:15:00,2026-06-30T08:30:00,5,315,2,1,251,3,3,6,1,4,5,6,0,3,0,0,0,0,1,0,0,0,0,0,0,21,0,0,16,0,0,0,0,0,0,0,4,2,6,9,0,0,0,0
165519,116427,2026-06-30,Yonge St / Madawaska Ave / Moore Park Ave,-79.4190145403399,43.7938100179332,2,13444390,130,2026-06-30T08:30:00,2026-06-30T08:45:00,8,346,4,3,271,4,3,5,1,2,9,15,0,2,0,0,5,1,0,0,0,0,0,0,0,22,0,0,20,0,0,0,0,0,0,0,5,5,5,10,2,0,0,0
165520,116427,2026-06-30,Yonge St / Madawaska Ave / Moore Park Ave,-79.4190145403399,43.7938100179332,2,13444390,130,2026-06-30T09:30:00,2026-06-30T09:45:00,11,304,3,0,245,2,5,4,4,5,4,15,0,2,0,0,4,1,0,0,0,0,0,0,0,19,0,0,19,0,0,0,1,0,0,0,9,2,14,6,2,1,2,0
165521,116427,2026-06-30,Yonge St / Madawaska Ave / Moore Park Ave,-79.4190145403399,43.7938100179332,2,13444390,130,2026-06-30T17:30:00,2026-06-30T17:45:00,19,369,12,10,305,7,4,5,3,10,13,27,0,0,0,0,1,0,0,0,0,0,1,0,0,16,0,0,20,0,0,0,0,0,0,0,10,11,17,17,2,2,0,1
165522,116427,2026-06-30,Yonge St / Madawaska Ave / Moore Park Ave,-79.4190145403399,43.7938100179332,2,13444390,130,2026-06-30T17:45:00,2026-06-30T18:00:00,18,345,19,13,293,6,6,12,5,9,13,18,0,1,0,0,4,0,0,0,0,0,0,0,0,17,0,0,17,1,0,0,0,0,0,0,13,4,14,18,3,3,0,0
165523,116428,2026-06-30,Yonge St / Patricia Ave,-79.4181348587275,43.7902527332681,2,13444838,856,2026-06-30T06:15:00,2026-06-30T06:30:00,2,124,0,0,71,2,0,0,0,7,0,0,0,2,0,0,2,0,0,0,0,0,0,0,0,18,0,0,15,0,0,0,0,0,0,0,2,1,5,4,2,1,0,0
165524,116428,2026-06-30,Yonge St / Patricia Ave,-79.4181348587275,43.7902527332681,2,13444838,856,2026-06-30T07:00:00,2026-06-30T07:15:00,3,202,0,0,90,3,0,0,0,1,0,6,0,4,0,0,4,0,0,0,0,0,0,0,0,20,0,0,17,0,0,0,0,0,0,0,2,5,7,4,0,0,0,0
165525,116428,2026-06-30,Yonge St / Patricia Ave,-79.4181348587275,43.7902527332681,2,13444838,856,2026-06-30T10:15:00,2026-06-30T10:30:00,7,279,0,0,210,7,0,0,0,6,0,15,0,2,0,0,4,0,0,0,0,1,0,0,0,13,0,0,14,0,0,0,0,0,0,0,11,7,27,14,0,0,0,0
165526,116428,2026-06-30,Yonge St / Patricia Ave,-79.4181348587275,43.7902527332681,2,13444838,856,2026-06-30T10:45:00,2026-06-30T11:00:00,6,231,0,0,245,3,0,0,0,3,0,11,0,6,0,0,4,0,0,0,0,0,0,0,0,12,0,0,12,0,0,0,0,0,0,0,5,9,25,9,3,2,0,0
165527,116428,2026-06-30,Yonge St / Patricia Ave,-79.4181348587275,43.7902527332681,2,13444838,856,2026-06-30T14:00:00,2026-06-30T14:15:00,7,284,0,0,299,6,0,0,0,10,0,7,0,4,0,0,6,0,0,0,0,0,0,1,0,12,0,0,13,0,0,0,0,0,0,0,7,10,19,11,3,0,0,1
165528,116428,2026-06-30,Yonge St / Patricia Ave,-79.4181348587275,43.7902527332681,2,13444838,856,2026-06-30T16:15:00,2026-06-30T16:30:00,12,291,0,0,298,10,0,0,0,11,0,17,0,1,0,0,3,0,0,0,0,0,0,0,0,19,0,0,19,0,0,0,0,0,0,0,8,16,21,9,3,2,0,0
165529,116429,2026-06-30,Steeles Ave E / Yonge St / Steeles Ave W,-79.420060868408,43.7980294054522,2,13443870,131,2026-06-30T07:45:00,2026-06-30T08:00:00,22,220,43,10,151,32,24,179,27,85,111,30,1,2,1,1,2,0,0,2,1,0,3,1,0,13,0,6,9,6,0,0,4,5,0,0,44,31,24,51,1,2,2,1
165530,116429,2026-06-30,Steeles Ave E / Yonge St / Steeles Ave W,-79.420060868408,43.7980294054522,2,13443870,131,2026-06-30T12:15:00,2026-06-30T12:30:00,50,193,29,20,215,48,49,152,24,53,121,62,1,1,1,0,6,1,3,6,1,1,1,0,0,4,0,1,3,3,0,1,2,3,0,0,37,16,23,51,3,4,0,1
177617,116114,2026-05-26,Yonge St / Cummer Ave / Drewry Ave,-79.4173504579467,43.7870687806437,2,13445250,129,2026-05-26T18:15:00,2026-05-26T18:30:00,25,318,33,41,282,24,13,43,23,17,34,17,2,1,0,0,2,0,0,2,1,0,0,0,0,19,0,2,18,3,0,0,0,1,0,0,18,18,32,59,3,4,0,1
177621,116116,2026-05-26,Yonge St / Olympic Garden Dr / Narges Dr,-79.4167212705432,43.7845037738791,2,13445545,2177,2026-05-26T06:30:00,2026-05-26T06:45:00,1,186,1,1,107,4,1,0,3,2,0,0,0,3,0,0,3,0,0,0,0,0,0,0,0,24,0,0,24,0,0,0,0,0,0,0,0,2,6,12,1,0,0,0
177622,116116,2026-05-26,Yonge St / Olympic Garden Dr / Narges Dr,-79.4167212705432,43.7845037738791,2,13445545,2177,2026-05-26T17:15:00,2026-05-26T17:30:00,1,339,9,7,358,1,5,0,10,1,0,0,0,2,0,0,0,0,0,0,1,0,0,0,0,18,0,0,19,0,0,0,0,0,0,0,6,6,21,41,9,2,1,0
177623,116116,2026-05-26,Yonge St / Olympic Garden Dr / Narges Dr,-79.4167212705432,43.7845037738791,2,13445545,2177,2026-05-26T17:45:00,2026-05-26T18:00:00,1,346,8,9,341,2,6,0,12,0,0,1,0,0,0,0,1,0,0,0,0,0,0,0,0,20,0,0,22,0,0,0,0,0,0,0,7,3,40,31,3,2,0,1
177628,116119,2026-05-26,Finch Ave E / Yonge St / Finch Ave W,-79.4155776992011,43.7797690838483,2,13446142,128,2026-05-26T08:45:00,2026-05-26T09:00:00,33,247,21,25,209,48,19,129,34,22,109,38,0,4,0,0,5,0,0,1,0,3,0,0,3,6,1,1,3,0,1,6,0,0,8,0,46,32,122,101,1,1,0,1
177629,116119,2026-05-26,Finch Ave E / Yonge St / Finch Ave W,-79.4155776992011,43.7797690838483,2,13446142,128,2026-05-26T14:00:00,2026-05-26T14:15:00,35,209,25,25,173,31,14,80,12,23,87,36,0,4,0,0,6,0,0,2,2,0,0,0,0,4,0,1,1,0,1,6,0,0,6,0,22,29,80,77,6,3,0,0
177636,116122,2026-05-26,Yonge St / Hendon Ave / Bishop Ave,-79.4160016938587,43.7816376840421,2,13445900,1151,2026-05-26T06:30:00,2026-05-26T06:45:00,10,151,6,6,88,6,13,11,7,5,10,13,0,4,1,0,4,0,0,0,0,0,0,0,0,2,11,0,13,0,4,1,2,0,0,0,8,6,14,9,1,0,1,1
177637,116122,2026-05-26,Yonge St / Hendon Ave / Bishop Ave,-79.4160016938587,43.7816376840421,2,13445900,1151,2026-05-26T17:15:00,2026-05-26T17:30:00,29,260,35,4,250,13,49,29,16,9,48,63,2,3,0,0,0,0,0,0,0,0,1,1,0,0,7,0,10,0,2,0,2,0,0,0,54,34,80,69,8,2,9,3
177638,116122,2026-05-26,Yonge St / Hendon Ave / Bishop Ave,-79.4160016938587,43.7816376840421,2,13445900,1151,2026-05-26T17:45:00,2026-05-26T18:00:00,22,248,38,10,247,8,61,30,7,18,53,67,0,2,0,0,3,0,0,0,0,0,0,1,0,0,9,0,10,0,4,0,1,0,0,0,39,34,94,66,4,9,13,4
177717,116427,2026-06-30,Yonge St / Madawaska Ave / Moore Park Ave,-79.4190145403399,43.7938100179332,2,13444390,130,2026-06-30T11:00:00,2026-06-30T11:15:00,20,263,10,2,262,5,7,4,2,3,4,12,0,5,0,0,2,0,0,0,0,0,0,0,0,15,0,0,12,1,0,0,0,0,0,0,2,9,6,12,0,2,1,0
177718,116427,2026-06-30,Yonge St / Madawaska Ave / Moore Park Ave,-79.4190145403399,43.7938100179332,2,13444390,130,2026-06-30T11:15:00,2026-06-30T11:30:00,18,256,10,3,235,6,7,5,0,2,1,16,0,4,0,0,4,1,0,0,0,0,0,0,0,13,0,0,6,1,0,0,0,0,0,0,6,9,13,17,1,1,1,1
177719,116427,2026-06-30,Yonge St / Madawaska Ave / Moore Park Ave,-79.4190145403399,43.7938100179332,2,13444390,130,2026-06-30T12:30:00,2026-06-30T12:45:00,14,298,16,7,322,6,4,3,5,5,2,16,0,6,0,0,6,0,0,0,0,0,0,1,0,11,0,0,13,0,0,0,0,0,0,0,8,14,16,22,6,2,1,0
177720,116427,2026-06-30,Yonge St / Madawaska Ave / Moore Park Ave,-79.4190145403399,43.7938100179332,2,13444390,130,2026-06-30T14:30:00,2026-06-30T14:45:00,15,296,13,5,308,6,6,4,1,1,11,15,1,3,0,0,5,0,0,0,0,0,0,0,0,17,0,0,12,0,0,0,0,0,0,0,10,2,15,16,5,1,1,1
177721,116427,2026-06-30,Yonge St / Madawaska Ave / Moore Park Ave,-79.4190145403399,43.7938100179332,2,13444390,130,2026-06-30T19:45:00,2026-06-30T20:00:00,30,313,12,2,279,6,5,6,5,4,2,10,1,1,0,0,1,0,0,0,0,0,0,0,0,11,0,0,15,0,0,0,0,0,0,0,8,17,19,29,5,5,7,1
177722,116428,2026-06-30,Yonge St / Patricia Ave,-79.4181348587275,43.7902527332681,2,13444838,856,2026-06-30T06:30:00,2026-06-30T06:45:00,0,145,0,0,109,0,0,0,0,4,0,3,0,2,0,0,2,0,0,0,0,0,0,0,0,20,0,0,16,0,0,0,0,0,0,0,0,4,3,1,0,0,0,0
177723,116428,2026-06-30,Yonge St / Patricia Ave,-79.4181348587275,43.7902527332681,2,13444838,856,2026-06-30T15:00:00,2026-06-30T15:15:00,8,283,0,0,311,4,0,0,0,10,0,5,0,4,0,0,2,0,0,0,0,0,0,0,0,21,0,0,15,0,0,0,0,0,0,0,8,12,15,21,6,0,0,0
177724,116429,2026-06-30,Steeles Ave E / Yonge St / Steeles Ave W,-79.420060868408,43.7980294054522,2,13443870,131,2026-06-30T09:15:00,2026-06-30T09:30:00,41,200,30,17,191,37,28,158,42,53,124,58,1,4,3,0,1,2,1,5,1,0,3,0,0,5,0,3,6,4,0,0,4,3,0,0,29,33,30,47,0,0,0,0
177725,116429,2026-06-30,Steeles Ave E / Yonge St / Steeles Ave W,-79.420060868408,43.7980294054522,2,13443870,131,2026-06-30T15:15:00,2026-06-30T15:30:00,48,202,33,11,196,32,51,196,40,71,191,74,3,1,0,0,4,0,0,5,0,1,4,1,0,3,0,4,4,4,0,0,3,5,1,0,40,30,38,51,0,3,1,1
177726,116429,2026-06-30,Steeles Ave E / Yonge St / Steeles Ave W,-79.420060868408,43.7980294054522,2,13443870,131,2026-06-30T15:45:00,2026-06-30T16:00:00,39,222,34,8,219,41,60,179,35,55,158,63,1,2,2,0,1,0,0,3,1,1,2,0,0,7,0,5,4,3,0,1,3,6,1,0,43,28,42,49,1,1,1,1
177727,116429,2026-06-30,Steeles Ave E / Yonge St / Steeles Ave W,-79.420060868408,43.7980294054522,2,13443870,131,2026-06-30T17:00:00,2026-06-30T17:15:00,23,219,35,8,219,39,41,183,37,95,198,58,1,1,1,0,1,0,0,3,0,1,1,0,0,10,0,4,10,7,0,0,2,6,0,0,43,49,41,73,2,1,2,1
177728,116429,2026-06-30,Steeles Ave E / Yonge St / Steeles Ave W,-79.420060868408,43.7980294054522,2,13443870,131,2026-06-30T18:15:00,2026-06-30T18:30:00,25,239,31,14,213,32,47,188,52,86,175,69,1,1,0,0,1,1,1,2,0,2,2,1,0,10,0,6,7,5,0,0,4,7,2,0,49,49,39,68,3,0,1,1
177729,116429,2026-06-30,Steeles Ave E / Yonge St / Steeles Ave W,-79.420060868408,43.7980294054522,2,13443870,131,2026-06-30T19:00:00,2026-06-30T19:15:00,40,236,28,11,235,34,42,181,46,80,169,65,1,0,0,1,1,1,0,1,1,0,1,0,0,9,0,2,8,6,0,0,3,8,0,0,45,35,37,58,3,4,0,2
190294,116114,2026-05-26,Yonge St / Cummer Ave / Drewry Ave,-79.4173504579467,43.7870687806437,2,13445250,129,2026-05-26T07:00:00,2026-05-26T07:15:00,10,209,5,13,114,4,9,19,11,8,31,10,0,2,0,0,3,0,0,0,0,0,0,0,0,23,0,2,20,2,0,0,2,3,2,0,6,8,4,10,0,0,0,0
190295,116114,2026-05-26,Yonge St / Cummer Ave / Drewry Ave,-79.4173504579467,43.7870687806437,2,13445250,129,2026-05-26T14:15:00,2026-05-26T14:30:00,25,239,20,21,213,10,15,35,10,9,44,18,0,3,0,0,4,0,0,0,0,0,1,0,0,17,0,1,17,4,0,4,0,1,1,0,10,18,22,36,5,1,3,0
190296,116114,2026-05-26,Yonge St / Cummer Ave / Drewry Ave,-79.4173504579467,43.7870687806437,2,13445250,129,2026-05-26T14:45:00,2026-05-26T15:00:00,28,264,15,17,251,6,15,27,8,15,40,18,1,1,0,0,2,0,0,0,0,0,0,0,1,15,0,2,13,1,0,2,3,1,0,0,21,12,18,41,1,2,0,1
190297,116114,2026-05-26,Yonge St / Cummer Ave / Drewry Ave,-79.4173504579467,43.7870687806437,2,13445250,129,2026-05-26T17:30:00,2026-05-26T17:45:00,36,326,38,49,257,34,10,51,33,10,46,17,0,1,0,1,0,0,0,0,0,0,0,0,0,21,0,3,22,0,0,0,1,2,0,0,20,10,33,37,4,2,1,2
190298,116114,2026-05-26,Yonge St / Cummer Ave / Drewry Ave,-79.4173504579467,43.7870687806437,2,13445250,129,2026-05-26T19:00:00,2026-05-26T19:15:00,19,264,12,31,261,10,16,29,22,17,32,16,0,1,0,0,1,1,0,0,0,0,0,0,0,16,0,3,21,0,0,0,1,1,1,0,19,21,47,41,5,0,0,2
190303,116116,2026-05-26,Yonge St / Olympic Garden Dr / Narges Dr,-79.4167212705432,43.7845037738791,2,13445545,2177,2026-05-26T10:15:00,2026-05-26T10:30:00,0,218,4,3,235,1,5,1,4,3,0,0,0,5,0,0,1,0,0,0,0,0,0,0,0,19,0,0,20,0,0,0,0,0,0,0,2,4,17,14,1,0,0,1
190304,116116,2026-05-26,Yonge St / Olympic Garden Dr / Narges Dr,-79.4167212705432,43.7845037738791,2,13445545,2177,2026-05-26T10:45:00,2026-05-26T11:00:00,2,222,2,3,233,1,5,0,5,4,0,1,1,9,0,0,6,0,0,0,0,0,0,0,0,12,0,0,11,0,0,0,0,0,0,0,3,9,25,14,2,2,0,1
190305,116116,2026-05-26,Yonge St / Olympic Garden Dr / Narges Dr,-79.4167212705432,43.7845037738791,2,13445545,2177,2026-05-26T13:15:00,2026-05-26T13:30:00,1,235,6,14,268,0,5,0,8,0,0,1,0,3,0,0,4,0,0,0,0,0,0,0,0,12,0,0,13,0,0,0,0,0,0,0,4,5,16,21,1,1,0,0
190306,116116,2026-05-26,Yonge St / Olympic Garden Dr / Narges Dr,-79.4167212705432,43.7845037738791,2,13445545,2177,2026-05-26T15:00:00,2026-05-26T15:15:00,5,252,6,10,329,1,6,0,7,1,0,0,0,5,0,0,7,0,0,0,0,0,0,0,0,21,0,0,26,0,0,0,0,0,0,0,1,1,21,30,1,1,0,1
190310,116119,2026-05-26,Finch Ave E / Yonge St / Finch Ave W,-79.4155776992011,43.7797690838483,2,13446142,128,2026-05-26T08:15:00,2026-05-26T08:30:00,22,231,31,14,173,32,18,161,23,15,156,27,0,6,0,0,3,0,1,2,0,1,0,0,0,6,1,1,4,0,1,5,0,1,4,0,39,20,192,95,1,1,0,0
190311,116119,2026-05-26,Finch Ave E / Yonge St / Finch Ave W,-79.4155776992011,43.7797690838483,2,13446142,128,2026-05-26T10:00:00,2026-05-26T10:15:00,25,149,25,17,164,29,15,88,14,25,81,25,1,4,1,0,4,1,0,6,0,0,1,0,1,2,0,0,4,1,0,4,0,1,7,0,28,23,80,71,0,0,0,0
190312,116119,2026-05-26,Finch Ave E / Yonge St / Finch Ave W,-79.4155776992011,43.7797690838483,2,13446142,128,2026-05-26T11:15:00,2026-05-26T11:30:00,22,138,18,18,175,24,11,103,14,19,90,47,1,3,1,0,5,0,0,2,1,1,4,1,1,3,0,1,1,0,0,5,0,0,4,0,30,32,87,71,1,1,0,0
190313,116119,2026-05-26,Finch Ave E / Yonge St / Finch Ave W,-79.4155776992011,43.7797690838483,2,13446142,128,2026-05-26T12:15:00,2026-05-26T12:30:00,26,187,23,19,160,27,13,96,15,21,95,38,1,2,0,2,5,3,0,5,0,2,3,0,0,3,0,0,2,1,0,6,0,0,4,1,48,62,117,116,3,2,0,0
190314,116119,2026-05-26,Finch Ave E / Yonge St / Finch Ave W,-79.4155776992011,43.7797690838483,2,13446142,128,2026-05-26T18:00:00,2026-05-26T18:15:00,37,212,42,32,202,33,19,119,21,25,147,45,0,1,0,0,0,0,0,1,1,1,2,1,0,5,0,1,2,0,0,5,0,0,5,0,38,96,211,168,2,5,1,4
190322,116122,2026-05-26,Yonge St / Hendon Ave / Bishop Ave,-79.4160016938587,43.7816376840421,2,13445900,1151,2026-05-26T10:15:00,2026-05-26T10:30:00,19,176,14,6,179,4,29,18,6,6,10,30,1,6,0,0,2,0,0,0,0,0,0,0,0,2,10,0,7,0,2,1,4,0,0,0,14,19,28,23,0,2,3,0
190323,116122,2026-05-26,Yonge St / Hendon Ave / Bishop Ave,-79.4160016938587,43.7816376840421,2,13445900,1151,2026-05-26T10:45:00,2026-05-26T11:00:00,20,180,16,5,187,8,34,14,7,13,15,18,0,11,0,0,6,0,2,0,0,2,0,0,0,2,6,0,8,1,1,0,1,0,0,1,14,11,42,21,2,5,2,0
190324,116122,2026-05-26,Yonge St / Hendon Ave / Bishop Ave,-79.4160016938587,43.7816376840421,2,13445900,1151,2026-05-26T13:15:00,2026-05-26T13:30:00,15,219,18,11,214,8,40,14,8,9,23,34,2,4,0,0,4,0,1,1,0,0,0,0,0,1,8,0,6,0,3,0,1,0,0,0,16,20,54,44,2,2,6,1
190325,116122,2026-05-26,Yonge St / Hendon Ave / Bishop Ave,-79.4160016938587,43.7816376840421,2,13445900,1151,2026-05-26T15:00:00,2026-05-26T15:15:00,22,209,21,10,248,6,40,26,12,14,42,45,0,5,0,0,7,0,1,0,0,1,0,0,1,3,11,0,19,0,4,1,1,0,0,0,23,16,52,57,2,1,3,2
190682,116426,2026-06-30,Yonge St / Athabaska Ave,-79.4194226533823,43.7954769300405,2,13444177,1381,2026-06-30T11:30:00,2026-06-30T11:45:00,34,258,4,5,230,9,5,7,5,4,1,27,0,8,0,0,4,0,0,1,0,0,0,0,0,11,0,0,16,0,0,0,0,0,0,0,9,14,17,9,3,2,0,0
190683,116426,2026-06-30,Yonge St / Athabaska Ave,-79.4194226533823,43.7954769300405,2,13444177,1381,2026-06-30T11:45:00,2026-06-30T12:00:00,20,266,4,7,240,14,4,7,4,4,1,23,0,4,0,0,3,0,0,0,0,0,0,1,0,10,0,0,10,0,0,0,0,0,0,0,13,12,27,6,1,0,1,0
190684,116426,2026-06-30,Yonge St / Athabaska Ave,-79.4194226533823,43.7954769300405,2,13444177,1381,2026-06-30T16:45:00,2026-06-30T17:00:00,26,315,7,8,260,10,2,8,5,18,0,33,0,2,0,0,1,0,0,0,0,0,0,1,0,11,0,0,18,0,0,0,0,0,0,0,9,14,13,4,2,1,0,3
190685,116427,2026-06-30,Yonge St / Madawaska Ave / Moore Park Ave,-79.4190145403399,43.7938100179332,2,13444390,130,2026-06-30T07:45:00,2026-06-30T08:00:00,3,314,2,0,180,3,3,3,2,2,4,3,0,2,0,0,4,0,0,0,0,0,1,0,0,22,0,0,22,1,0,0,0,0,0,0,4,1,6,7,0,1,0,0
190686,116427,2026-06-30,Yonge St / Madawaska Ave / Moore Park Ave,-79.4190145403399,43.7938100179332,2,13444390,130,2026-06-30T12:15:00,2026-06-30T12:30:00,19,262,11,2,324,5,3,6,4,2,6,12,0,3,0,0,5,0,0,0,0,1,0,1,0,7,0,0,10,1,0,0,0,0,0,0,11,7,9,23,3,4,0,4
190687,116428,2026-06-30,Yonge St / Patricia Ave,-79.4181348587275,43.7902527332681,2,13444838,856,2026-06-30T10:30:00,2026-06-30T10:45:00,9,229,0,0,239,5,0,0,0,6,0,12,0,3,0,0,4,0,0,0,0,0,0,0,0,14,0,0,13,0,0,0,0,0,0,0,15,4,26,16,3,1,0,0
190688,116428,2026-06-30,Yonge St / Patricia Ave,-79.4181348587275,43.7902527332681,2,13444838,856,2026-06-30T12:45:00,2026-06-30T13:00:00,15,270,0,0,287,4,0,0,0,17,0,18,1,6,0,0,2,0,0,0,0,0,0,1,0,13,0,0,10,0,0,0,0,0,0,0,4,14,23,16,8,2,0,0
190689,116428,2026-06-30,Yonge St / Patricia Ave,-79.4181348587275,43.7902527332681,2,13444838,856,2026-06-30T13:00:00,2026-06-30T13:15:00,13,221,0,0,213,8,0,0,0,10,0,17,0,5,0,0,4,0,0,0,0,0,0,0,0,13,0,0,15,0,0,0,0,0,0,0,22,11,28,22,5,6,0,0
190690,116428,2026-06-30,Yonge St / Patricia Ave,-79.4181348587275,43.7902527332681,2,13444838,856,2026-06-30T18:00:00,2026-06-30T18:15:00,22,353,0,0,336,12,0,0,0,19,0,14,0,1,0,0,2,0,0,0,0,0,0,0,0,19,0,0,19,0,0,0,0,0,0,0,12,15,27,22,3,4,0,0
190691,116428,2026-06-30,Yonge St / Patricia Ave,-79.4181348587275,43.7902527332681,2,13444838,856,2026-06-30T18:30:00,2026-06-30T18:45:00,17,321,0,0,310,10,0,0,0,18,0,19,0,2,0,0,2,0,0,0,0,1,0,1,1,19,0,0,20,0,0,0,0,0,0,0,4,15,20,12,3,1,0,0
190692,116429,2026-06-30,Steeles Ave E / Yonge St / Steeles Ave W,-79.420060868408,43.7980294054522,2,13443870,131,2026-06-30T08:15:00,2026-06-30T08:30:00,29,238,34,13,217,36,24,201,32,71,153,35,2,3,2,0,2,1,0,1,0,0,3,1,0,13,0,5,8,4,0,0,5,4,0,0,31,37,29,38,1,2,0,0
190693,116429,2026-06-30,Steeles Ave E / Yonge St / Steeles Ave W,-79.420060868408,43.7980294054522,2,13443870,131,2026-06-30T08:30:00,2026-06-30T08:45:00,19,247,29,8,209,40,20,187,31,80,148,42,1,1,0,0,2,1,0,6,2,1,3,2,0,8,0,4,10,5,0,0,5,9,1,0,48,39,31,55,0,0,1,2
190694,116429,2026-06-30,Steeles Ave E / Yonge St / Steeles Ave W,-79.420060868408,43.7980294054522,2,13443870,131,2026-06-30T09:30:00,2026-06-30T09:45:00,42,199,41,13,172,39,39,181,34,52,141,48,3,2,2,1,4,0,2,4,0,1,3,3,0,8,0,4,9,6,0,0,5,6,0,0,25,35,26,45,0,0,0,1
190695,116429,2026-06-30,Steeles Ave E / Yonge St / Steeles Ave W,-79.420060868408,43.7980294054522,2,13443870,131,2026-06-30T17:30:00,2026-06-30T17:45:00,37,242,30,6,253,32,44,190,41,85,176,59,0,0,1,0,0,0,0,2,0,0,5,0,0,11,0,4,12,5,0,0,1,5,0,0,42,37,37,72,1,0,1,3
190696,116429,2026-06-30,Steeles Ave E / Yonge St / Steeles Ave W,-79.420060868408,43.7980294054522,2,13443870,131,2026-06-30T17:45:00,2026-06-30T18:00:00,38,224,26,9,257,46,49,170,31,80,175,58,0,0,0,0,2,0,0,1,0,1,7,0,0,10,0,4,11,5,0,0,4,2,0,0,59,32,45,99,0,3,3,0
202975,116114,2026-05-26,Yonge St / Cummer Ave / Drewry Ave,-79.4173504579467,43.7870687806437,2,13445250,129,2026-05-26T08:00:00,2026-05-26T08:15:00,14,366,8,38,208,18,9,46,47,14,43,9,0,5,1,0,6,0,0,0,1,1,0,0,2,20,0,5,22,2,1,2,2,3,2,1,17,29,22,31,1,0,0,2
202976,116114,2026-05-26,Yonge St / Cummer Ave / Drewry Ave,-79.4173504579467,43.7870687806437,2,13445250,129,2026-05-26T16:45:00,2026-05-26T17:00:00,18,256,36,48,272,25,14,57,22,11,49,15,0,0,0,0,1,0,0,0,0,0,1,1,0,14,0,3,21,1,0,0,3,1,0,0,24,19,31,41,3,6,1,0
202982,116116,2026-05-26,Yonge St / Olympic Garden Dr / Narges Dr,-79.4167212705432,43.7845037738791,2,13445545,2177,2026-05-26T08:15:00,2026-05-26T08:30:00,7,408,7,10,267,4,13,0,18,1,1,1,0,4,0,0,5,0,0,0,0,0,0,0,0,31,0,0,25,0,0,0,0,0,0,0,3,0,40,21,0,0,0,0
202983,116116,2026-05-26,Yonge St / Olympic Garden Dr / Narges Dr,-79.4167212705432,43.7845037738791,2,13445545,2177,2026-05-26T10:00:00,2026-05-26T10:15:00,2,231,3,7,245,0,10,0,10,1,0,0,0,3,0,0,3,0,0,0,0,0,0,1,0,23,0,0,18,0,0,0,0,0,0,0,0,3,20,17,1,0,0,0
202984,116116,2026-05-26,Yonge St / Olympic Garden Dr / Narges Dr,-79.4167212705432,43.7845037738791,2,13445545,2177,2026-05-26T11:15:00,2026-05-26T11:30:00,2,206,6,6,255,1,7,1,8,1,0,1,0,5,0,0,6,0,0,0,0,0,0,1,0,13,0,0,15,0,0,0,0,0,0,0,3,2,10,17,0,0,0,0
202985,116116,2026-05-26,Yonge St / Olympic Garden Dr / Narges Dr,-79.4167212705432,43.7845037738791,2,13445545,2177,2026-05-26T12:15:00,2026-05-26T12:30:00,1,216,5,3,246,0,4,0,8,0,1,1,0,1,0,0,5,0,0,0,0,0,0,0,0,14,0,0,14,0,0,0,0,0,0,0,3,4,8,11,3,4,0,2
202986,116116,2026-05-26,Yonge St / Olympic Garden Dr / Narges Dr,-79.4167212705432,43.7845037738791,2,13445545,2177,2026-05-26T18:00:00,2026-05-26T18:15:00,1,377,12,9,367,0,3,0,13,0,0,1,0,1,0,0,0,0,0,0,0,0,0,0,0,19,0,0,24,0,0,0,0,0,0,0,10,12,37,45,1,4,1,1
202999,116119,2026-05-26,Finch Ave E / Yonge St / Finch Ave W,-79.4155776992011,43.7797690838483,2,13446142,128,2026-05-26T10:15:00,2026-05-26T10:30:00,23,172,17,20,148,37,12,107,11,29,83,36,2,1,2,1,0,0,0,2,1,1,1,1,0,7,0,1,1,0,0,5,0,1,5,0,22,23,50,64,0,1,0,0
203000,116119,2026-05-26,Finch Ave E / Yonge St / Finch Ave W,-79.4155776992011,43.7797690838483,2,13446142,128,2026-05-26T10:45:00,2026-05-26T11:00:00,16,157,18,14,153,39,13,85,15,20,86,40,2,8,2,1,4,0,1,4,1,0,2,1,1,2,0,1,2,0,0,4,0,0,6,0,36,22,76,79,2,3,0,1
203001,116119,2026-05-26,Finch Ave E / Yonge St / Finch Ave W,-79.4155776992011,43.7797690838483,2,13446142,128,2026-05-26T13:15:00,2026-05-26T13:30:00,19,189,21,27,182,22,8,97,13,22,118,37,0,4,1,1,4,0,1,1,1,0,5,0,0,1,1,1,0,0,0,3,0,0,5,0,59,52,131,128,3,2,0,0
203002,116119,2026-05-26,Finch Ave E / Yonge St / Finch Ave W,-79.4155776992011,43.7797690838483,2,13446142,128,2026-05-26T15:00:00,2026-05-26T15:15:00,21,220,14,24,208,27,16,101,16,26,137,32,1,4,0,1,5,0,0,1,0,0,2,1,0,3,0,1,2,0,1,7,0,0,6,3,27,43,73,122,1,1,0,0
203008,116122,2026-05-26,Yonge St / Hendon Ave / Bishop Ave,-79.4160016938587,43.7816376840421,2,13445900,1151,2026-05-26T08:15:00,2026-05-26T08:30:00,33,259,15,11,186,14,59,34,15,18,45,38,0,6,0,0,8,0,0,0,1,1,0,0,0,5,12,1,15,0,2,0,3,0,1,0,41,19,56,59,2,1,1,1
203009,116122,2026-05-26,Yonge St / Hendon Ave / Bishop Ave,-79.4160016938587,43.7816376840421,2,13445900,1151,2026-05-26T10:00:00,2026-05-26T10:15:00,19,207,10,6,194,8,34,23,6,9,15,21,0,5,0,0,2,1,0,0,1,1,1,0,0,2,11,1,11,0,3,1,2,0,1,0,16,15,39,32,2,0,2,0
203010,116122,2026-05-26,Yonge St / Hendon Ave / Bishop Ave,-79.4160016938587,43.7816376840421,2,13445900,1151,2026-05-26T11:15:00,2026-05-26T11:30:00,14,170,17,6,197,10,36,11,9,11,18,28,0,4,0,1,6,0,0,0,0,0,0,0,1,2,8,0,8,0,2,0,3,1,0,0,25,15,48,31,0,1,7,0
203011,116122,2026-05-26,Yonge St / Hendon Ave / Bishop Ave,-79.4160016938587,43.7816376840421,2,13445900,1151,2026-05-26T12:15:00,2026-05-26T12:30:00,16,198,18,7,206,4,29,13,8,13,15,25,0,3,0,0,9,0,1,1,0,0,0,0,0,0,9,0,10,0,1,0,2,0,1,0,30,39,59,28,5,4,5,2
203012,116122,2026-05-26,Yonge St / Hendon Ave / Bishop Ave,-79.4160016938587,43.7816376840421,2,13445900,1151,2026-05-26T18:00:00,2026-05-26T18:15:00,28,274,36,4,257,11,43,22,7,10,48,67,0,1,0,0,2,0,0,0,0,0,0,0,0,2,6,0,9,0,4,0,4,0,0,0,47,35,103,85,10,6,18,27
203362,116426,2026-06-30,Yonge St / Athabaska Ave,-79.4194226533823,43.7954769300405,2,13444177,1381,2026-06-30T09:00:00,2026-06-30T09:15:00,13,300,3,2,221,4,3,7,6,2,0,10,0,4,0,0,6,0,0,0,0,0,0,0,0,19,0,0,13,0,0,0,0,0,0,0,7,2,17,5,1,0,0,0
203363,116426,2026-06-30,Yonge St / Athabaska Ave,-79.4194226533823,43.7954769300405,2,13444177,1381,2026-06-30T14:15:00,2026-06-30T14:30:00,19,255,4,6,258,2,0,9,3,6,0,22,1,3,0,0,0,0,0,1,1,0,0,0,0,12,0,0,13,0,0,0,0,0,0,0,29,8,18,15,1,2,0,1
203364,116427,2026-06-30,Yonge St / Madawaska Ave / Moore Park Ave,-79.4190145403399,43.7938100179332,2,13444390,130,2026-06-30T09:15:00,2026-06-30T09:30:00,10,261,3,3,265,3,4,2,6,3,7,13,0,4,0,0,2,0,0,0,0,2,0,0,0,14,0,0,13,1,0,0,0,0,0,0,5,9,10,12,1,0,0,0
203365,116427,2026-06-30,Yonge St / Madawaska Ave / Moore Park Ave,-79.4190145403399,43.7938100179332,2,13444390,130,2026-06-30T15:15:00,2026-06-30T15:30:00,21,327,15,7,292,8,11,16,0,3,3,15,0,2,0,1,3,0,0,0,0,1,0,0,0,13,0,0,13,1,0,0,0,0,0,0,4,5,8,10,3,1,0,1
203366,116427,2026-06-30,Yonge St / Madawaska Ave / Moore Park Ave,-79.4190145403399,43.7938100179332,2,13444390,130,2026-06-30T15:45:00,2026-06-30T16:00:00,20,318,14,8,312,5,11,9,8,3,14,22,0,3,0,0,5,0,0,1,0,0,0,0,0,18,0,0,13,0,0,0,0,0,0,0,4,14,9,24,4,0,1,1
203367,116427,2026-06-30,Yonge St / Madawaska Ave / Moore Park Ave,-79.4190145403399,43.7938100179332,2,13444390,130,2026-06-30T17:00:00,2026-06-30T17:15:00,28,358,17,8,298,3,7,13,10,3,16,15,1,1,0,0,2,0,0,0,0,0,0,0,0,17,0,0,19,0,0,0,0,0,0,0,9,10,9,14,4,0,0,0
203368,116427,2026-06-30,Yonge St / Madawaska Ave / Moore Park Ave,-79.4190145403399,43.7938100179332,2,13444390,130,2026-06-30T18:15:00,2026-06-30T18:30:00,16,350,15,2,279,7,7,8,3,4,17,15,0,1,1,0,2,0,0,0,0,0,0,0,0,21,0,0,20,1,0,0,0,0,0,0,13,3,9,23,0,2,1,1
203369,116427,2026-06-30,Yonge St / Madawaska Ave / Moore Park Ave,-79.4190145403399,43.7938100179332,2,13444390,130,2026-06-30T19:00:00,2026-06-30T19:15:00,26,341,16,5,305,2,5,6,5,4,6,21,0,0,0,0,2,0,0,0,0,0,0,0,0,20,0,0,18,0,0,0,0,0,0,0,11,5,18,15,3,1,2,1
203370,116428,2026-06-30,Yonge St / Patricia Ave,-79.4181348587275,43.7902527332681,2,13444838,856,2026-06-30T06:00:00,2026-06-30T06:15:00,1,105,0,0,57,2,0,0,0,3,0,0,0,2,0,0,4,0,0,0,0,0,0,0,0,14,0,0,18,0,0,0,0,0,0,0,1,2,3,6,1,0,0,0
203371,116428,2026-06-30,Yonge St / Patricia Ave,-79.4181348587275,43.7902527332681,2,13444838,856,2026-06-30T07:15:00,2026-06-30T07:30:00,3,231,0,0,137,1,0,0,0,7,0,4,0,3,0,0,0,0,0,0,0,0,0,0,0,15,0,0,19,0,0,0,0,0,0,0,2,5,3,2,0,1,0,0
203372,116428,2026-06-30,Yonge St / Patricia Ave,-79.4181348587275,43.7902527332681,2,13444838,856,2026-06-30T16:00:00,2026-06-30T16:15:00,10,340,0,0,265,6,0,0,0,17,0,11,2,4,0,0,2,0,0,0,0,0,0,0,0,12,0,0,18,0,0,0,0,0,0,0,16,11,29,21,0,2,0,1
203373,116428,2026-06-30,Yonge St / Patricia Ave,-79.4181348587275,43.7902527332681,2,13444838,856,2026-06-30T17:15:00,2026-06-30T17:30:00,14,375,0,0,284,10,0,0,0,17,0,13,1,2,0,0,1,0,0,0,0,0,0,0,0,21,0,0,20,0,0,0,0,0,0,0,6,31,20,31,1,1,0,0
203374,116428,2026-06-30,Yonge St / Patricia Ave,-79.4181348587275,43.7902527332681,2,13444838,856,2026-06-30T19:15:00,2026-06-30T19:30:00,11,314,0,0,305,9,0,0,0,12,0,18,0,1,0,0,1,0,0,0,0,0,0,0,0,15,0,0,15,0,0,0,0,0,0,0,6,10,21,19,4,6,0,2
203375,116429,2026-06-30,Steeles Ave E / Yonge St / Steeles Ave W,-79.420060868408,43.7980294054522,2,13443870,131,2026-06-30T11:00:00,2026-06-30T11:15:00,50,199,28,11,181,39,38,170,36,56,126,51,3,3,1,0,3,0,1,8,2,1,5,4,0,9,0,3,7,3,0,0,2,5,0,0,29,18,23,46,2,0,0,1
203376,116429,2026-06-30,Steeles Ave E / Yonge St / Steeles Ave W,-79.420060868408,43.7980294054522,2,13443870,131,2026-06-30T11:15:00,2026-06-30T11:30:00,58,179,29,17,181,44,38,175,39,56,140,60,2,3,1,1,4,0,1,5,0,0,5,2,0,4,0,0,4,2,0,0,4,4,0,0,41,15,20,41,0,2,1,0
203377,116429,2026-06-30,Steeles Ave E / Yonge St / Steeles Ave W,-79.420060868408,43.7980294054522,2,13443870,131,2026-06-30T12:30:00,2026-06-30T12:45:00,71,183,35,13,229,39,56,158,36,65,149,48,1,4,0,1,2,1,0,7,0,2,5,4,1,4,0,2,7,4,0,1,3,4,0,0,35,35,29,46,5,0,4,1
203378,116429,2026-06-30,Steeles Ave E / Yonge St / Steeles Ave W,-79.420060868408,43.7980294054522,2,13443870,131,2026-06-30T14:30:00,2026-06-30T14:45:00,59,180,39,9,210,38,40,200,37,62,174,56,1,1,0,2,3,0,2,6,0,1,1,3,0,4,0,3,6,4,0,0,3,7,0,0,48,28,47,48,3,0,1,1
203379,116429,2026-06-30,Steeles Ave E / Yonge St / Steeles Ave W,-79.420060868408,43.7980294054522,2,13443870,131,2026-06-30T19:45:00,2026-06-30T20:00:00,35,203,26,13,242,31,39,145,31,86,152,66,0,1,1,0,1,0,1,0,1,0,0,0,0,5,0,4,6,4,0,0,1,5,0,0,22,27,35,37,1,5,1,0
211423,116426,2026-06-30,Yonge St / Athabaska Ave,-79.4194226533823,43.7954769300405,2,13444177,1381,2026-06-30T10:00:00,2026-06-30T10:15:00,18,233,2,3,183,3,3,9,1,7,0,17,0,11,0,0,5,0,0,0,0,0,0,0,1,15,0,0,13,0,0,0,0,0,0,0,2,10,9,8,1,2,0,3
211424,116426,2026-06-30,Yonge St / Athabaska Ave,-79.4194226533823,43.7954769300405,2,13444177,1381,2026-06-30T13:15:00,2026-06-30T13:30:00,20,233,3,5,216,11,7,5,1,8,1,17,1,7,0,0,3,0,0,0,0,0,0,0,0,12,0,0,9,0,0,0,0,0,0,0,15,8,19,17,3,2,1,0
211425,116426,2026-06-30,Yonge St / Athabaska Ave,-79.4194226533823,43.7954769300405,2,13444177,1381,2026-06-30T15:30:00,2026-06-30T15:45:00,18,265,8,8,233,11,5,7,6,11,0,35,0,0,0,1,2,0,0,0,0,1,0,0,1,14,0,0,21,0,0,0,0,0,0,0,10,14,20,15,0,2,0,0
211426,116426,2026-06-30,Yonge St / Athabaska Ave,-79.4194226533823,43.7954769300405,2,13444177,1381,2026-06-30T19:30:00,2026-06-30T19:45:00,33,299,6,12,262,17,5,10,10,14,5,37,0,0,0,0,3,0,0,0,0,0,0,0,0,18,0,0,15,0,0,0,0,0,0,0,17,7,17,9,3,5,1,1
215494,116114,2026-05-26,Yonge St / Cummer Ave / Drewry Ave,-79.4173504579467,43.7870687806437,2,13445250,129,2026-05-26T09:30:00,2026-05-26T09:45:00,8,237,15,11,201,15,12,57,29,12,37,16,0,7,0,0,1,1,0,2,0,1,1,0,1,22,0,2,20,3,0,3,1,2,3,0,6,8,21,18,0,3,0,1
215495,116114,2026-05-26,Yonge St / Cummer Ave / Drewry Ave,-79.4173504579467,43.7870687806437,2,13445250,129,2026-05-26T12:45:00,2026-05-26T13:00:00,20,211,20,23,225,13,17,40,15,12,30,21,0,3,0,1,8,0,0,1,0,0,0,0,0,11,0,1,12,1,0,0,1,1,0,0,16,16,33,38,4,3,0,0
215501,116116,2026-05-26,Yonge St / Olympic Garden Dr / Narges Dr,-79.4167212705432,43.7845037738791,2,13445545,2177,2026-05-26T06:00:00,2026-05-26T06:15:00,1,104,2,1,56,2,5,0,4,0,0,0,0,2,0,0,3,0,0,0,0,0,0,0,0,20,0,0,18,0,0,0,0,0,0,0,0,1,6,3,1,0,0,0
215502,116116,2026-05-26,Yonge St / Olympic Garden Dr / Narges Dr,-79.4167212705432,43.7845037738791,2,13445545,2177,2026-05-26T07:30:00,2026-05-26T07:45:00,2,373,1,5,158,1,6,0,7,1,0,0,0,0,0,0,4,0,0,0,0,0,0,0,0,24,0,0,28,1,0,0,0,0,0,0,4,2,20,17,2,0,0,0
215503,116116,2026-05-26,Yonge St / Olympic Garden Dr / Narges Dr,-79.4167212705432,43.7845037738791,2,13445545,2177,2026-05-26T09:15:00,2026-05-26T09:30:00,2,314,6,11,210,4,7,0,9,3,0,0,0,6,0,0,3,0,1,0,0,0,0,0,0,26,0,0,21,0,0,0,0,0,0,0,0,7,21,22,0,0,1,0
215504,116116,2026-05-26,Yonge St / Olympic Garden Dr / Narges Dr,-79.4167212705432,43.7845037738791,2,13445545,2177,2026-05-26T18:30:00,2026-05-26T18:45:00,0,370,12,12,299,2,10,0,8,2,0,3,0,1,0,0,1,0,0,0,0,0,0,0,0,18,0,0,20,0,0,0,0,0,0,0,5,5,31,41,3,3,3,0
215505,116116,2026-05-26,Yonge St / Olympic Garden Dr / Narges Dr,-79.4167212705432,43.7845037738791,2,13445545,2177,2026-05-26T19:30:00,2026-05-26T19:45:00,0,269,6,12,287,1,6,0,9,0,0,0,0,2,0,0,0,0,0,0,0,0,0,0,0,22,0,0,19,0,0,0,0,0,0,0,3,6,22,33,2,8,0,1
215514,116119,2026-05-26,Finch Ave E / Yonge St / Finch Ave W,-79.4155776992011,43.7797690838483,2,13446142,128,2026-05-26T06:45:00,2026-05-26T07:00:00,12,120,11,4,80,20,8,91,14,12,53,14,0,2,0,2,4,0,0,3,0,1,1,0,0,3,0,0,3,1,0,7,0,0,6,0,12,10,43,25,3,0,0,1
215515,116119,2026-05-26,Finch Ave E / Yonge St / Finch Ave W,-79.4155776992011,43.7797690838483,2,13446142,128,2026-05-26T07:15:00,2026-05-26T07:30:00,23,173,18,13,120,32,11,101,11,4,63,17,1,3,0,0,5,1,0,2,0,0,2,1,0,4,1,1,5,0,0,4,0,0,9,0,25,8,88,78,0,0,1,0
215516,116119,2026-05-26,Finch Ave E / Yonge St / Finch Ave W,-79.4155776992011,43.7797690838483,2,13446142,128,2026-05-26T08:30:00,2026-05-26T08:45:00,23,236,19,20,181,26,14,162,21,18,118,45,0,3,0,1,3,0,0,3,1,1,1,1,0,3,0,1,8,1,0,8,1,1,6,0,49,22,155,97,0,2,2,2
215517,116119,2026-05-26,Finch Ave E / Yonge St / Finch Ave W,-79.4155776992011,43.7797690838483,2,13446142,128,2026-05-26T13:45:00,2026-05-26T14:00:00,27,159,18,23,149,25,21,106,15,32,87,31,1,4,0,1,3,0,0,7,0,1,2,2,0,1,0,0,1,0,0,5,0,0,6,1,39,44,94,84,3,4,3,0
215518,116119,2026-05-26,Finch Ave E / Yonge St / Finch Ave W,-79.4155776992011,43.7797690838483,2,13446142,128,2026-05-26T15:15:00,2026-05-26T15:30:00,41,183,22,15,213,26,17,90,24,14,128,39,3,1,0,0,2,1,0,0,0,0,1,0,1,5,0,1,2,0,0,4,0,3,8,2,41,53,110,117,2,2,1,2
215519,116119,2026-05-26,Finch Ave E / Yonge St / Finch Ave W,-79.4155776992011,43.7797690838483,2,13446142,128,2026-05-26T16:30:00,2026-05-26T16:45:00,48,194,29,23,209,31,17,108,17,19,159,43,1,1,1,0,2,0,1,1,1,0,1,2,0,5,0,1,3,1,0,4,0,0,5,1,51,70,150,185,3,2,0,2
215520,116119,2026-05-26,Finch Ave E / Yonge St / Finch Ave W,-79.4155776992011,43.7797690838483,2,13446142,128,2026-05-26T17:00:00,2026-05-26T17:15:00,45,213,31,16,206,26,23,147,21,21,186,37,0,0,1,3,1,0,0,1,0,0,2,0,0,5,0,1,0,0,0,4,0,0,5,0,70,55,122,184,5,4,1,3
215528,116122,2026-05-26,Yonge St / Hendon Ave / Bishop Ave,-79.4160016938587,43.7816376840421,2,13445900,1151,2026-05-26T06:00:00,2026-05-26T06:15:00,4,100,8,5,44,1,15,8,7,8,3,3,0,2,0,0,3,0,0,0,0,0,0,1,0,1,12,1,8,0,3,0,1,0,0,0,3,4,5,2,1,0,1,0
215529,116122,2026-05-26,Yonge St / Hendon Ave / Bishop Ave,-79.4160016938587,43.7816376840421,2,13445900,1151,2026-05-26T07:30:00,2026-05-26T07:45:00,32,199,8,6,117,12,43,28,8,12,21,21,0,0,0,0,5,0,0,0,0,2,0,0,0,2,12,0,11,0,4,1,3,0,0,1,23,14,49,18,3,0,1,2
215530,116122,2026-05-26,Yonge St / Hendon Ave / Bishop Ave,-79.4160016938587,43.7816376840421,2,13445900,1151,2026-05-26T09:15:00,2026-05-26T09:30:00,19,260,15,6,174,12,40,27,16,14,19,21,1,8,0,1,3,0,0,0,0,0,0,0,0,1,12,0,12,0,4,1,6,0,1,0,28,24,51,37,2,2,3,4
215531,116122,2026-05-26,Yonge St / Hendon Ave / Bishop Ave,-79.4160016938587,43.7816376840421,2,13445900,1151,2026-05-26T18:30:00,2026-05-26T18:45:00,35,288,36,11,218,7,51,20,6,11,36,57,0,0,0,0,0,0,1,0,0,0,0,0,0,1,9,3,17,0,1,0,1,0,0,0,38,20,79,75,3,4,6,5
215532,116122,2026-05-26,Yonge St / Hendon Ave / Bishop Ave,-79.4160016938587,43.7816376840421,2,13445900,1151,2026-05-26T19:30:00,2026-05-26T19:45:00,22,204,19,7,232,8,29,13,9,15,29,40,0,4,0,0,0,0,0,0,0,0,0,0,0,1,10,0,8,0,3,0,1,0,0,0,25,20,77,48,5,6,5,1
215892,116426,2026-06-30,Yonge St / Athabaska Ave,-79.4194226533823,43.7954769300405,2,13444177,1381,2026-06-30T06:00:00,2026-06-30T06:15:00,4,82,0,1,67,0,1,0,0,0,0,0,0,2,0,0,4,0,0,0,0,0,0,0,0,15,0,0,17,0,0,0,0,0,0,0,1,2,1,0,0,0,0,0
215893,116426,2026-06-30,Yonge St / Athabaska Ave,-79.4194226533823,43.7954769300405,2,13444177,1381,2026-06-30T07:15:00,2026-06-30T07:30:00,2,237,0,0,135,0,1,0,0,1,0,2,0,6,0,0,1,0,0,0,0,0,0,0,0,22,0,0,19,0,0,0,0,0,0,0,3,6,1,3,1,0,0,0
215894,116426,2026-06-30,Yonge St / Athabaska Ave,-79.4194226533823,43.7954769300405,2,13444177,1381,2026-06-30T16:00:00,2026-06-30T16:15:00,35,308,4,7,250,10,5,5,5,16,0,29,1,5,0,0,3,0,0,0,1,0,0,0,0,15,0,0,18,0,0,0,0,0,0,0,13,14,23,13,3,1,2,0
215895,116426,2026-06-30,Yonge St / Athabaska Ave,-79.4194226533823,43.7954769300405,2,13444177,1381,2026-06-30T17:15:00,2026-06-30T17:30:00,26,304,5,7,228,5,3,13,9,14,3,27,1,2,0,0,1,0,0,0,0,0,0,0,0,19,0,0,16,0,0,0,0,0,0,0,11,26,28,10,3,2,0,0
215910,116426,2026-06-30,Yonge St / Athabaska Ave,-79.4194226533823,43.7954769300405,2,13444177,1381,2026-06-30T19:15:00,2026-06-30T19:30:00,32,300,8,10,229,22,5,5,7,10,1,23,0,1,0,0,2,0,0,0,0,0,0,0,0,12,0,0,14,0,0,0,0,0,0,0,17,18,26,17,5,2,0,0
215911,116427,2026-06-30,Yonge St / Madawaska Ave / Moore Park Ave,-79.4190145403399,43.7938100179332,2,13444390,130,2026-06-30T06:45:00,2026-06-30T07:00:00,3,160,0,0,86,1,3,0,1,1,1,2,0,2,0,0,0,0,0,0,0,0,0,0,0,19,0,0,20,0,0,0,0,0,0,0,3,1,1,2,1,0,0,0
215912,116427,2026-06-30,Yonge St / Madawaska Ave / Moore Park Ave,-79.4190145403399,43.7938100179332,2,13444390,130,2026-06-30T07:30:00,2026-06-30T07:45:00,3,289,0,2,146,1,2,2,0,3,3,2,0,11,0,0,3,0,0,0,0,0,0,0,0,22,0,0,16,1,0,0,0,0,0,0,4,2,1,4,0,2,1,0
215913,116427,2026-06-30,Yonge St / Madawaska Ave / Moore Park Ave,-79.4190145403399,43.7938100179332,2,13444390,130,2026-06-30T08:45:00,2026-06-30T09:00:00,12,366,3,3,257,4,1,8,4,4,9,12,0,8,0,0,5,0,0,0,0,0,0,0,0,13,0,0,32,1,1,1,3,0,0,0,4,3,13,7,2,1,0,0
215914,116428,2026-06-30,Yonge St / Patricia Ave,-79.4181348587275,43.7902527332681,2,13444838,856,2026-06-30T09:00:00,2026-06-30T09:15:00,4,315,0,0,215,4,0,0,0,4,0,7,1,5,0,0,4,0,0,0,0,0,0,0,0,18,0,0,15,0,0,0,0,0,0,0,8,8,29,7,1,1,0,0
215915,116428,2026-06-30,Yonge St / Patricia Ave,-79.4181348587275,43.7902527332681,2,13444838,856,2026-06-30T14:15:00,2026-06-30T14:30:00,11,286,0,0,283,5,0,0,0,7,0,12,1,4,0,0,5,0,0,0,0,2,0,0,0,10,0,0,14,0,0,0,0,0,0,0,15,12,21,7,5,2,0,1
215916,116429,2026-06-30,Steeles Ave E / Yonge St / Steeles Ave W,-79.420060868408,43.7980294054522,2,13443870,131,2026-06-30T09:45:00,2026-06-30T10:00:00,38,184,37,11,196,42,38,196,25,49,118,45,2,5,4,1,1,0,2,5,1,1,5,4,0,2,0,4,8,4,0,0,4,6,0,0,28,23,30,42,0,2,0,1
215917,116429,2026-06-30,Steeles Ave E / Yonge St / Steeles Ave W,-79.420060868408,43.7980294054522,2,13443870,131,2026-06-30T13:45:00,2026-06-30T14:00:00,52,172,40,21,189,51,34,165,36,67,129,51,1,3,2,0,6,0,1,13,0,0,1,5,0,7,0,4,3,5,0,0,4,2,0,0,33,21,24,62,4,1,1,0
215918,116429,2026-06-30,Steeles Ave E / Yonge St / Steeles Ave W,-79.420060868408,43.7980294054522,2,13443870,131,2026-06-30T14:45:00,2026-06-30T15:00:00,35,196,42,9,215,45,51,174,28,66,164,64,0,0,2,1,2,0,0,8,0,2,4,1,0,4,0,5,5,5,0,0,3,3,1,0,21,25,44,47,2,0,1,0
226908,116114,2026-05-26,Yonge St / Cummer Ave / Drewry Ave,-79.4173504579467,43.7870687806437,2,13445250,129,2026-05-26T09:00:00,2026-05-26T09:15:00,15,330,13,36,250,17,11,46,50,15,32,14,1,3,0,0,2,0,0,1,0,0,2,1,0,15,0,2,20,4,0,1,2,2,0,0,8,8,10,15,2,2,0,1
226916,116116,2026-05-26,Yonge St / Olympic Garden Dr / Narges Dr,-79.4167212705432,43.7845037738791,2,13445545,2177,2026-05-26T06:45:00,2026-05-26T07:00:00,2,198,1,1,116,5,2,0,8,2,0,0,0,3,0,0,3,0,0,0,0,0,0,0,0,22,0,0,22,0,0,0,0,0,0,0,2,0,15,14,0,0,0,0
226917,116116,2026-05-26,Yonge St / Olympic Garden Dr / Narges Dr,-79.4167212705432,43.7845037738791,2,13445545,2177,2026-05-26T07:15:00,2026-05-26T07:30:00,0,295,1,3,178,0,10,0,8,1,0,1,0,2,0,0,6,0,0,0,0,0,0,0,0,30,0,0,28,0,0,0,0,0,0,0,2,2,13,10,2,0,0,0
226918,116116,2026-05-26,Yonge St / Olympic Garden Dr / Narges Dr,-79.4167212705432,43.7845037738791,2,13445545,2177,2026-05-26T08:30:00,2026-05-26T08:45:00,5,444,6,6,273,3,10,0,13,0,1,1,1,4,0,0,2,1,0,0,0,0,0,0,0,24,0,0,28,0,0,0,0,0,0,0,3,1,32,19,1,0,0,0
226919,116116,2026-05-26,Yonge St / Olympic Garden Dr / Narges Dr,-79.4167212705432,43.7845037738791,2,13445545,2177,2026-05-26T13:45:00,2026-05-26T14:00:00,1,230,8,4,247,1,6,0,11,0,0,2,0,3,0,0,9,0,0,0,0,0,0,0,0,12,0,0,11,0,0,0,0,0,0,0,7,5,26,19,2,0,1,0
226920,116116,2026-05-26,Yonge St / Olympic Garden Dr / Narges Dr,-79.4167212705432,43.7845037738791,2,13445545,2177,2026-05-26T15:15:00,2026-05-26T15:30:00,1,276,10,9,321,0,3,0,7,0,0,2,0,5,0,0,1,0,0,0,0,0,0,0,0,19,0,0,17,0,0,0,0,0,0,0,5,4,24,31,3,1,0,1
226921,116116,2026-05-26,Yonge St / Olympic Garden Dr / Narges Dr,-79.4167212705432,43.7845037738791,2,13445545,2177,2026-05-26T16:30:00,2026-05-26T16:45:00,2,315,8,7,329,0,6,0,5,4,0,0,0,0,0,0,1,0,0,0,0,0,0,0,0,26,0,0,27,0,1,0,0,0,0,0,3,4,26,31,6,2,0,1
226922,116116,2026-05-26,Yonge St / Olympic Garden Dr / Narges Dr,-79.4167212705432,43.7845037738791,2,13445545,2177,2026-05-26T17:00:00,2026-05-26T17:15:00,5,329,11,14,336,2,14,0,16,3,0,0,0,0,0,0,1,0,0,0,0,0,0,0,0,21,0,0,24,0,0,0,0,0,0,0,2,9,22,31,3,3,1,1
226928,116119,2026-05-26,Finch Ave E / Yonge St / Finch Ave W,-79.4155776992011,43.7797690838483,2,13446142,128,2026-05-26T06:00:00,2026-05-26T06:15:00,5,98,6,11,38,20,8,36,4,10,43,5,0,1,0,0,3,0,0,1,0,3,1,0,0,1,0,1,2,0,0,4,0,0,8,1,8,5,22,19,1,0,1,0
226929,116119,2026-05-26,Finch Ave E / Yonge St / Finch Ave W,-79.4155776992011,43.7797690838483,2,13446142,128,2026-05-26T07:30:00,2026-05-26T07:45:00,22,185,17,13,111,30,17,118,10,12,111,19,0,1,1,1,4,2,1,5,0,2,2,0,0,5,0,0,3,1,0,10,0,1,6,1,30,9,95,76,1,1,0,0
226930,116119,2026-05-26,Finch Ave E / Yonge St / Finch Ave W,-79.4155776992011,43.7797690838483,2,13446142,128,2026-05-26T09:15:00,2026-05-26T09:30:00,37,225,31,23,152,32,14,101,10,19,111,32,0,5,1,0,2,0,2,2,1,1,1,0,2,4,0,0,3,0,0,5,0,0,9,0,34,18,89,81,0,0,0,0
226931,116119,2026-05-26,Finch Ave E / Yonge St / Finch Ave W,-79.4155776992011,43.7797690838483,2,13446142,128,2026-05-26T18:30:00,2026-05-26T18:45:00,30,227,37,23,170,30,25,107,19,31,159,48,0,0,0,0,0,0,0,0,0,0,3,0,0,2,0,1,5,0,3,5,0,0,2,0,89,71,214,104,2,5,0,3
226932,116119,2026-05-26,Finch Ave E / Yonge St / Finch Ave W,-79.4155776992011,43.7797690838483,2,13446142,128,2026-05-26T19:30:00,2026-05-26T19:45:00,24,202,27,23,176,32,14,86,18,22,106,38,0,3,1,0,0,0,0,0,0,0,0,1,1,1,0,1,0,0,0,5,1,0,5,0,27,64,169,121,1,4,0,1
226939,116122,2026-05-26,Yonge St / Hendon Ave / Bishop Ave,-79.4160016938587,43.7816376840421,2,13445900,1151,2026-05-26T06:45:00,2026-05-26T07:00:00,19,113,10,7,91,7,21,12,9,11,8,12,0,2,0,0,3,1,0,0,0,0,0,0,0,1,9,0,10,0,2,1,2,0,1,0,9,11,25,9,3,0,3,0
226941,116122,2026-05-26,Yonge St / Hendon Ave / Bishop Ave,-79.4160016938587,43.7816376840421,2,13445900,1151,2026-05-26T07:15:00,2026-05-26T07:30:00,27,191,13,12,131,20,33,23,7,16,14,27,0,4,0,0,7,0,0,0,0,0,0,0,0,2,15,0,18,0,3,0,3,0,1,0,22,11,28,15,1,0,1,2
226942,116122,2026-05-26,Yonge St / Hendon Ave / Bishop Ave,-79.4160016938587,43.7816376840421,2,13445900,1151,2026-05-26T08:30:00,2026-05-26T08:45:00,46,245,16,13,210,19,40,67,20,26,35,39,0,4,0,0,3,1,1,1,0,0,0,0,0,2,13,0,14,0,3,0,1,0,0,0,48,43,72,57,1,1,3,1
226943,116122,2026-05-26,Yonge St / Hendon Ave / Bishop Ave,-79.4160016938587,43.7816376840421,2,13445900,1151,2026-05-26T13:45:00,2026-05-26T14:00:00,24,187,24,7,193,4,33,19,10,8,27,30,0,3,0,0,6,0,2,0,0,0,0,0,1,0,9,0,7,0,2,0,2,0,0,0,25,24,54,34,5,3,2,2
226944,116122,2026-05-26,Yonge St / Hendon Ave / Bishop Ave,-79.4160016938587,43.7816376840421,2,13445900,1151,2026-05-26T15:15:00,2026-05-26T15:30:00,29,214,25,9,241,4,53,32,13,11,44,54,1,5,0,0,1,0,0,0,0,0,0,0,0,1,7,0,9,0,4,2,3,1,0,1,33,22,56,38,3,3,9,1
226945,116122,2026-05-26,Yonge St / Hendon Ave / Bishop Ave,-79.4160016938587,43.7816376840421,2,13445900,1151,2026-05-26T16:30:00,2026-05-26T16:45:00,31,253,35,8,245,5,39,26,11,11,71,64,0,1,0,0,3,1,1,1,0,1,0,0,0,1,9,0,14,0,3,0,4,0,1,1,51,23,80,67,10,4,10,0
226946,116122,2026-05-26,Yonge St / Hendon Ave / Bishop Ave,-79.4160016938587,43.7816376840421,2,13445900,1151,2026-05-26T17:00:00,2026-05-26T17:15:00,36,283,34,14,230,6,48,25,8,12,67,65,2,0,0,0,1,0,0,0,0,0,0,0,0,2,9,1,11,0,3,0,3,0,0,0,48,34,76,67,5,6,10,7
227289,116426,2026-06-30,Yonge St / Athabaska Ave,-79.4194226533823,43.7954769300405,2,13444177,1381,2026-06-30T10:30:00,2026-06-30T10:45:00,23,239,1,3,206,6,4,8,1,8,0,12,0,3,0,0,4,0,0,0,1,0,0,0,1,10,0,0,14,0,0,0,0,0,0,0,11,10,32,5,2,1,0,0
227290,116426,2026-06-30,Yonge St / Athabaska Ave,-79.4194226533823,43.7954769300405,2,13444177,1381,2026-06-30T12:45:00,2026-06-30T13:00:00,27,251,7,7,221,16,6,17,7,9,0,24,1,4,0,0,1,0,0,0,0,0,0,1,1,13,0,0,7,0,0,0,0,0,0,0,15,11,26,11,4,0,0,0
227291,116426,2026-06-30,Yonge St / Athabaska Ave,-79.4194226533823,43.7954769300405,2,13444177,1381,2026-06-30T13:00:00,2026-06-30T13:15:00,24,214,6,6,223,8,4,7,5,11,0,37,0,6,0,0,5,0,0,0,0,0,0,1,0,10,0,0,12,0,0,0,0,0,0,1,15,24,32,8,2,1,0,0
227292,116426,2026-06-30,Yonge St / Athabaska Ave,-79.4194226533823,43.7954769300405,2,13444177,1381,2026-06-30T18:00:00,2026-06-30T18:15:00,35,310,2,10,233,15,4,9,8,9,2,22,0,2,0,0,1,0,0,0,0,0,0,0,0,18,0,0,19,0,0,0,0,0,0,0,16,9,20,15,5,1,1,3
227293,116426,2026-06-30,Yonge St / Athabaska Ave,-79.4194226533823,43.7954769300405,2,13444177,1381,2026-06-30T18:30:00,2026-06-30T18:45:00,28,290,4,6,233,17,7,12,3,12,2,30,0,1,0,0,1,0,0,0,0,0,0,0,0,15,0,0,21,0,0,0,0,0,0,0,20,13,20,14,2,2,0,1
227294,116427,2026-06-30,Yonge St / Madawaska Ave / Moore Park Ave,-79.4190145403399,43.7938100179332,2,13444390,130,2026-06-30T16:30:00,2026-06-30T16:45:00,21,329,12,3,314,5,10,9,3,8,15,14,0,3,0,0,3,0,0,0,0,2,1,0,0,18,0,0,16,1,0,0,0,0,0,0,7,7,9,12,3,4,1,0
227295,116427,2026-06-30,Yonge St / Madawaska Ave / Moore Park Ave,-79.4190145403399,43.7938100179332,2,13444390,130,2026-06-30T18:45:00,2026-06-30T19:00:00,19,309,16,12,285,5,8,11,7,8,8,14,0,0,0,0,2,0,0,0,0,0,0,0,0,11,0,0,10,1,0,0,0,0,0,0,4,4,16,16,5,4,0,0
227296,116428,2026-06-30,Yonge St / Patricia Ave,-79.4181348587275,43.7902527332681,2,13444838,856,2026-06-30T11:30:00,2026-06-30T11:45:00,14,240,0,0,289,6,0,0,0,4,0,12,0,7,0,0,4,0,0,0,0,1,0,0,0,6,0,0,13,0,0,0,0,0,0,0,8,8,39,15,3,3,0,0
227297,116428,2026-06-30,Yonge St / Patricia Ave,-79.4181348587275,43.7902527332681,2,13444838,856,2026-06-30T11:45:00,2026-06-30T12:00:00,9,300,0,0,290,6,0,0,0,9,0,11,1,5,0,0,8,1,0,0,0,0,0,0,0,13,0,0,12,0,0,0,0,0,0,0,7,11,27,16,4,1,0,0
227298,116428,2026-06-30,Yonge St / Patricia Ave,-79.4181348587275,43.7902527332681,2,13444838,856,2026-06-30T16:45:00,2026-06-30T17:00:00,10,312,0,0,307,11,0,0,0,17,0,15,1,3,0,0,3,0,0,0,0,0,0,0,0,13,0,0,21,0,0,0,0,0,0,0,12,16,27,15,4,2,0,0
227299,116429,2026-06-30,Steeles Ave E / Yonge St / Steeles Ave W,-79.420060868408,43.7980294054522,2,13443870,131,2026-06-30T08:00:00,2026-06-30T08:15:00,23,218,28,9,145,27,18,204,36,104,158,29,1,5,2,0,1,0,1,1,0,1,2,4,0,13,0,4,9,5,0,0,4,4,0,0,35,36,36,33,1,0,0,0
227300,116429,2026-06-30,Steeles Ave E / Yonge St / Steeles Ave W,-79.420060868408,43.7980294054522,2,13443870,131,2026-06-30T12:00:00,2026-06-30T12:15:00,51,209,31,16,205,33,42,159,29,48,143,52,1,3,0,1,3,2,2,7,0,2,4,0,0,6,0,4,4,3,0,0,4,6,1,0,43,32,22,65,1,2,3,1
227301,116429,2026-06-30,Steeles Ave E / Yonge St / Steeles Ave W,-79.420060868408,43.7980294054522,2,13443870,131,2026-06-30T13:30:00,2026-06-30T13:45:00,67,194,28,14,194,36,44,166,39,70,159,62,0,6,2,2,1,1,2,5,0,2,9,1,0,2,0,4,7,1,0,0,4,5,0,0,54,22,29,63,2,3,1,2
239246,116114,2026-05-26,Yonge St / Cummer Ave / Drewry Ave,-79.4173504579467,43.7870687806437,2,13445250,129,2026-05-26T06:15:00,2026-05-26T06:30:00,4,133,4,6,64,3,6,8,9,14,10,5,2,2,0,0,2,0,0,1,0,0,0,0,0,16,0,1,18,1,0,0,0,1,1,0,7,6,2,12,0,0,0,0
239247,116114,2026-05-26,Yonge St / Cummer Ave / Drewry Ave,-79.4173504579467,43.7870687806437,2,13445250,129,2026-05-26T11:00:00,2026-05-26T11:15:00,13,174,20,13,203,4,16,34,20,5,27,14,0,8,0,0,6,0,0,2,0,1,0,0,0,14,0,1,14,1,0,0,2,1,0,0,6,5,21,16,4,2,2,2
239248,116114,2026-05-26,Yonge St / Cummer Ave / Drewry Ave,-79.4173504579467,43.7870687806437,2,13445250,129,2026-05-26T13:30:00,2026-05-26T13:45:00,17,217,17,12,212,16,16,37,12,10,25,16,0,4,0,0,3,0,0,2,0,0,1,0,0,11,0,0,12,2,0,0,1,1,1,0,17,16,23,20,1,3,0,1
239249,116114,2026-05-26,Yonge St / Cummer Ave / Drewry Ave,-79.4173504579467,43.7870687806437,2,13445250,129,2026-05-26T15:30:00,2026-05-26T15:45:00,18,255,27,31,289,15,19,38,21,8,56,13,0,2,0,0,3,0,0,1,0,0,0,0,0,19,0,2,17,3,0,0,5,0,0,0,23,17,55,38,7,0,4,1
239250,116114,2026-05-26,Yonge St / Cummer Ave / Drewry Ave,-79.4173504579467,43.7870687806437,2,13445250,129,2026-05-26T19:15:00,2026-05-26T19:30:00,17,253,23,20,229,18,5,37,12,21,24,9,0,1,0,0,1,0,0,0,0,0,0,0,0,18,0,2,18,1,0,0,2,1,0,0,14,16,31,33,4,4,1,0
239256,116116,2026-05-26,Yonge St / Olympic Garden Dr / Narges Dr,-79.4167212705432,43.7845037738791,2,13445545,2177,2026-05-26T11:30:00,2026-05-26T11:45:00,2,242,2,6,261,2,3,0,6,0,0,1,0,3,0,0,7,1,0,0,0,1,0,0,0,10,0,0,16,0,0,0,0,0,0,0,2,2,18,7,2,0,1,0
239257,116116,2026-05-26,Yonge St / Olympic Garden Dr / Narges Dr,-79.4167212705432,43.7845037738791,2,13445545,2177,2026-05-26T12:00:00,2026-05-26T12:15:00,1,269,3,6,271,1,3,1,5,2,0,0,0,1,0,0,3,0,1,0,0,0,0,0,0,12,0,0,14,0,0,0,0,0,0,0,3,5,11,13,2,0,0,1
239258,116116,2026-05-26,Yonge St / Olympic Garden Dr / Narges Dr,-79.4167212705432,43.7845037738791,2,13445545,2177,2026-05-26T12:30:00,2026-05-26T12:45:00,1,262,4,5,258,1,3,0,4,0,0,5,0,4,0,0,5,0,0,0,0,0,0,0,0,13,0,0,11,0,0,0,0,0,0,0,4,4,10,17,0,2,0,0
239259,116116,2026-05-26,Yonge St / Olympic Garden Dr / Narges Dr,-79.4167212705432,43.7845037738791,2,13445545,2177,2026-05-26T13:00:00,2026-05-26T13:15:00,2,249,1,6,277,2,4,0,6,5,0,8,0,2,0,0,3,0,0,0,0,0,0,0,0,16,0,0,15,0,0,0,0,1,0,0,5,7,23,23,0,4,0,0
239260,116116,2026-05-26,Yonge St / Olympic Garden Dr / Narges Dr,-79.4167212705432,43.7845037738791,2,13445545,2177,2026-05-26T15:45:00,2026-05-26T16:00:00,2,282,6,15,289,0,5,0,8,2,0,4,0,1,0,0,1,0,0,0,0,0,0,0,1,22,0,0,28,0,0,0,1,0,1,0,9,8,28,27,0,4,0,0
239269,116119,2026-05-26,Finch Ave E / Yonge St / Finch Ave W,-79.4155776992011,43.7797690838483,2,13446142,128,2026-05-26T07:45:00,2026-05-26T08:00:00,17,194,13,27,134,38,18,170,15,12,123,26,2,3,1,0,2,0,0,3,0,0,2,1,0,5,0,1,5,0,0,7,0,0,6,0,17,15,125,102,0,1,1,1
239270,116119,2026-05-26,Finch Ave E / Yonge St / Finch Ave W,-79.4155776992011,43.7797690838483,2,13446142,128,2026-05-26T10:30:00,2026-05-26T10:45:00,14,173,17,17,138,24,16,96,17,23,104,41,2,3,0,0,3,1,0,1,0,0,1,0,0,1,1,0,0,1,0,5,0,0,3,1,22,34,79,82,0,1,0,1
239271,116119,2026-05-26,Finch Ave E / Yonge St / Finch Ave W,-79.4155776992011,43.7797690838483,2,13446142,128,2026-05-26T11:45:00,2026-05-26T12:00:00,23,152,23,18,155,30,16,106,16,16,103,24,0,4,1,0,3,1,0,6,0,1,1,1,0,3,1,0,3,0,0,5,0,0,4,1,55,40,89,93,1,0,0,2
239272,116119,2026-05-26,Finch Ave E / Yonge St / Finch Ave W,-79.4155776992011,43.7797690838483,2,13446142,128,2026-05-26T14:30:00,2026-05-26T14:45:00,34,176,23,18,198,23,15,80,20,16,120,35,0,3,0,0,2,0,0,1,0,0,1,0,0,2,0,1,2,0,0,6,0,0,5,2,37,26,88,117,1,2,2,1
239273,116119,2026-05-26,Finch Ave E / Yonge St / Finch Ave W,-79.4155776992011,43.7797690838483,2,13446142,128,2026-05-26T16:15:00,2026-05-26T16:30:00,44,211,31,22,217,29,18,112,18,19,136,38,0,2,0,0,3,0,0,3,0,0,2,1,0,3,0,0,2,0,0,6,0,1,5,2,38,48,137,210,4,0,0,2
239284,116122,2026-05-26,Yonge St / Hendon Ave / Bishop Ave,-79.4160016938587,43.7816376840421,2,13445900,1151,2026-05-26T11:30:00,2026-05-26T11:45:00,19,198,15,13,220,11,32,23,9,8,13,31,1,4,0,0,7,0,0,0,0,0,0,0,0,0,5,0,10,0,1,0,0,0,0,0,22,33,61,25,1,3,4,1
239285,116122,2026-05-26,Yonge St / Hendon Ave / Bishop Ave,-79.4160016938587,43.7816376840421,2,13445900,1151,2026-05-26T12:00:00,2026-05-26T12:15:00,21,202,19,4,192,6,36,29,13,11,26,31,1,3,2,0,3,0,0,1,0,0,0,1,0,2,7,0,5,0,4,1,1,0,1,1,36,51,63,44,0,3,6,4
239286,116122,2026-05-26,Yonge St / Hendon Ave / Bishop Ave,-79.4160016938587,43.7816376840421,2,13445900,1151,2026-05-26T12:30:00,2026-05-26T12:45:00,20,226,19,5,188,7,31,29,10,10,21,37,0,4,0,1,6,2,1,0,0,0,0,0,0,1,9,0,5,0,2,0,1,0,0,0,39,28,70,47,2,1,6,4
239287,116122,2026-05-26,Yonge St / Hendon Ave / Bishop Ave,-79.4160016938587,43.7816376840421,2,13445900,1151,2026-05-26T13:00:00,2026-05-26T13:15:00,30,177,13,13,184,8,42,17,16,10,28,40,0,4,0,1,5,0,2,0,0,1,1,0,0,1,8,0,6,0,4,2,1,0,1,0,30,29,52,38,2,4,5,3
239288,116122,2026-05-26,Yonge St / Hendon Ave / Bishop Ave,-79.4160016938587,43.7816376840421,2,13445900,1151,2026-05-26T15:45:00,2026-05-26T16:00:00,28,243,23,8,234,7,34,34,9,17,39,53,0,1,0,0,3,0,0,0,0,0,0,0,0,3,7,0,15,0,4,0,1,0,0,2,36,34,68,50,2,3,10,0
239654,116426,2026-06-30,Yonge St / Athabaska Ave,-79.4194226533823,43.7954769300405,2,13444177,1381,2026-06-30T06:30:00,2026-06-30T06:45:00,1,129,0,0,117,1,0,0,1,0,0,2,0,0,0,0,2,0,0,0,0,0,0,0,0,16,0,0,15,0,0,0,0,0,0,0,3,0,4,2,0,0,1,0
239655,116426,2026-06-30,Yonge St / Athabaska Ave,-79.4194226533823,43.7954769300405,2,13444177,1381,2026-06-30T15:00:00,2026-06-30T15:15:00,29,252,5,9,253,9,5,9,8,7,1,31,1,2,0,0,2,1,0,0,0,0,0,1,0,20,0,0,15,0,0,0,0,0,0,0,14,7,14,13,4,0,0,0
239656,116427,2026-06-30,Yonge St / Madawaska Ave / Moore Park Ave,-79.4190145403399,43.7938100179332,2,13444390,130,2026-06-30T09:45:00,2026-06-30T10:00:00,11,253,2,5,310,2,10,1,2,3,6,11,0,5,0,0,4,0,0,0,0,0,0,0,0,14,0,0,16,1,0,0,0,0,0,0,7,1,11,6,3,0,1,3
239657,116427,2026-06-30,Yonge St / Madawaska Ave / Moore Park Ave,-79.4190145403399,43.7938100179332,2,13444390,130,2026-06-30T13:45:00,2026-06-30T14:00:00,15,291,13,3,304,9,11,9,4,0,6,14,0,4,0,0,7,0,0,0,0,0,0,0,0,15,0,0,10,1,0,0,0,0,0,0,10,1,17,16,2,0,0,0
239658,116427,2026-06-30,Yonge St / Madawaska Ave / Moore Park Ave,-79.4190145403399,43.7938100179332,2,13444390,130,2026-06-30T14:45:00,2026-06-30T15:00:00,19,284,9,2,277,3,10,6,6,2,10,7,0,5,0,0,4,1,0,0,0,0,0,0,0,8,0,0,15,1,0,0,0,0,0,0,6,6,16,15,0,0,0,0
239659,116428,2026-06-30,Yonge St / Patricia Ave,-79.4181348587275,43.7902527332681,2,13444838,856,2026-06-30T10:00:00,2026-06-30T10:15:00,3,210,0,0,214,4,0,0,0,4,0,7,1,9,0,0,6,1,0,0,0,0,0,0,0,16,0,0,13,0,0,0,0,0,0,0,10,9,27,13,0,2,0,1
239660,116428,2026-06-30,Yonge St / Patricia Ave,-79.4181348587275,43.7902527332681,2,13444838,856,2026-06-30T13:15:00,2026-06-30T13:30:00,9,224,0,0,290,7,0,0,0,14,0,14,0,3,0,0,2,0,0,0,0,0,0,0,0,11,0,0,10,0,0,0,0,0,0,0,13,10,18,8,6,2,0,1
239661,116428,2026-06-30,Yonge St / Patricia Ave,-79.4181348587275,43.7902527332681,2,13444838,856,2026-06-30T15:30:00,2026-06-30T15:45:00,10,298,0,0,251,9,0,0,0,11,0,8,0,2,0,0,4,0,0,0,0,0,0,1,0,12,0,0,18,0,0,0,0,0,0,0,4,8,14,13,2,2,0,0
239662,116428,2026-06-30,Yonge St / Patricia Ave,-79.4181348587275,43.7902527332681,2,13444838,856,2026-06-30T19:30:00,2026-06-30T19:45:00,13,324,0,0,324,8,0,0,0,12,0,15,0,0,0,0,2,0,0,0,0,0,0,0,0,16,0,0,19,0,0,0,0,0,0,0,18,13,26,18,3,3,1,0
239663,116429,2026-06-30,Steeles Ave E / Yonge St / Steeles Ave W,-79.420060868408,43.7980294054522,2,13443870,131,2026-06-30T06:45:00,2026-06-30T07:00:00,18,104,16,11,61,26,12,153,17,37,74,19,0,3,0,0,0,0,2,2,0,1,3,2,0,9,0,6,7,5,0,0,4,6,0,0,25,20,14,21,1,2,0,1
239664,116429,2026-06-30,Steeles Ave E / Yonge St / Steeles Ave W,-79.420060868408,43.7980294054522,2,13443870,131,2026-06-30T07:30:00,2026-06-30T07:45:00,30,223,23,9,116,22,19,157,20,63,139,44,2,4,2,2,0,1,1,1,1,2,3,1,0,8,0,3,5,6,0,1,6,6,0,0,35,51,25,69,2,2,2,1
239665,116429,2026-06-30,Steeles Ave E / Yonge St / Steeles Ave W,-79.420060868408,43.7980294054522,2,13443870,131,2026-06-30T08:45:00,2026-06-30T09:00:00,25,248,38,9,207,36,33,182,41,88,133,47,2,5,1,0,3,1,0,4,0,2,4,3,0,6,0,5,11,6,0,0,4,4,0,0,32,30,30,48,2,2,1,1
251546,116114,2026-05-26,Yonge St / Cummer Ave / Drewry Ave,-79.4173504579467,43.7870687806437,2,13445250,129,2026-05-26T18:45:00,2026-05-26T19:00:00,27,257,17,35,255,11,22,49,30,6,46,19,0,3,0,0,0,0,0,0,0,0,0,0,0,21,0,4,16,3,0,1,1,1,0,0,21,29,43,53,7,3,1,3
251552,116116,2026-05-26,Yonge St / Olympic Garden Dr / Narges Dr,-79.4167212705432,43.7845037738791,2,13445545,2177,2026-05-26T07:45:00,2026-05-26T08:00:00,1,397,1,5,209,3,6,0,4,1,0,0,0,5,0,0,2,0,0,0,0,0,0,0,0,24,0,2,25,0,1,0,1,0,0,0,6,0,31,14,0,0,0,0
251553,116116,2026-05-26,Yonge St / Olympic Garden Dr / Narges Dr,-79.4167212705432,43.7845037738791,2,13445545,2177,2026-05-26T10:30:00,2026-05-26T10:45:00,2,220,6,6,218,2,4,0,12,3,0,1,0,4,0,0,2,0,0,0,0,0,0,0,0,17,0,0,19,0,0,0,0,0,0,0,1,3,21,20,0,1,0,1
251554,116116,2026-05-26,Yonge St / Olympic Garden Dr / Narges Dr,-79.4167212705432,43.7845037738791,2,13445545,2177,2026-05-26T11:45:00,2026-05-26T12:00:00,0,234,3,5,238,0,1,0,6,0,0,1,0,3,0,1,3,0,0,0,0,0,0,0,0,15,0,0,19,0,0,0,0,0,0,0,3,1,12,13,5,0,0,0
251555,116116,2026-05-26,Yonge St / Olympic Garden Dr / Narges Dr,-79.4167212705432,43.7845037738791,2,13445545,2177,2026-05-26T14:30:00,2026-05-26T14:45:00,2,264,6,6,275,1,4,0,4,2,0,1,0,2,0,0,3,0,0,0,0,0,0,0,0,16,0,0,21,0,0,0,0,0,0,0,5,2,18,23,1,2,0,1
251556,116116,2026-05-26,Yonge St / Olympic Garden Dr / Narges Dr,-79.4167212705432,43.7845037738791,2,13445545,2177,2026-05-26T16:15:00,2026-05-26T16:30:00,3,312,6,13,378,0,10,0,16,2,1,3,0,2,0,0,5,0,0,0,0,0,0,0,0,18,0,0,23,0,0,0,0,0,0,0,2,0,24,41,2,0,0,0
251566,116119,2026-05-26,Finch Ave E / Yonge St / Finch Ave W,-79.4155776992011,43.7797690838483,2,13446142,128,2026-05-26T11:30:00,2026-05-26T11:45:00,17,183,19,20,168,29,23,84,10,17,102,35,1,1,3,0,7,0,1,4,0,0,2,0,0,1,0,1,0,0,1,5,0,0,3,0,20,35,81,87,1,3,4,0
251567,116119,2026-05-26,Finch Ave E / Yonge St / Finch Ave W,-79.4155776992011,43.7797690838483,2,13446142,128,2026-05-26T12:00:00,2026-05-26T12:15:00,29,193,11,12,150,25,20,116,16,14,96,35,1,2,0,0,3,0,1,4,0,0,4,1,1,1,0,1,0,0,0,5,1,1,5,0,57,60,94,126,4,2,1,0
251568,116119,2026-05-26,Finch Ave E / Yonge St / Finch Ave W,-79.4155776992011,43.7797690838483,2,13446142,128,2026-05-26T12:30:00,2026-05-26T12:45:00,28,165,24,17,160,27,14,120,22,28,113,33,1,3,0,0,7,0,0,0,1,0,4,3,0,1,0,1,0,0,0,3,0,0,4,0,60,61,104,121,2,0,1,0
251569,116119,2026-05-26,Finch Ave E / Yonge St / Finch Ave W,-79.4155776992011,43.7797690838483,2,13446142,128,2026-05-26T13:00:00,2026-05-26T13:15:00,29,180,21,14,143,25,22,98,15,20,101,30,0,2,1,0,5,0,0,3,0,0,0,0,1,1,0,0,2,0,0,5,0,0,7,0,38,62,101,135,1,3,2,2
251570,116119,2026-05-26,Finch Ave E / Yonge St / Finch Ave W,-79.4155776992011,43.7797690838483,2,13446142,128,2026-05-26T15:45:00,2026-05-26T16:00:00,42,193,21,27,193,21,17,156,13,12,141,30,0,1,0,0,0,0,0,1,0,1,1,1,0,3,1,1,1,0,0,8,0,0,5,1,41,70,131,123,3,2,0,3
251586,116122,2026-05-26,Yonge St / Hendon Ave / Bishop Ave,-79.4160016938587,43.7816376840421,2,13445900,1151,2026-05-26T07:45:00,2026-05-26T08:00:00,40,236,15,6,155,15,53,36,8,17,23,23,0,5,1,0,2,0,0,0,1,0,0,0,0,2,9,0,14,0,7,0,4,0,1,0,33,23,63,30,1,3,5,0
251587,116122,2026-05-26,Yonge St / Hendon Ave / Bishop Ave,-79.4160016938587,43.7816376840421,2,13445900,1151,2026-05-26T10:30:00,2026-05-26T10:45:00,23,184,15,7,181,4,23,12,12,7,8,26,1,4,0,0,3,0,0,0,0,0,1,0,1,0,9,0,7,0,5,0,1,0,0,0,7,11,46,26,0,1,4,0
251588,116122,2026-05-26,Yonge St / Hendon Ave / Bishop Ave,-79.4160016938587,43.7816376840421,2,13445900,1151,2026-05-26T11:45:00,2026-05-26T12:00:00,13,184,21,7,182,5,39,18,7,10,18,28,0,3,0,1,4,0,1,0,0,2,3,0,0,2,10,0,11,0,3,0,2,0,0,1,27,31,54,31,4,0,1,3
251589,116122,2026-05-26,Yonge St / Hendon Ave / Bishop Ave,-79.4160016938587,43.7816376840421,2,13445900,1151,2026-05-26T14:30:00,2026-05-26T14:45:00,17,230,22,11,220,5,21,13,8,14,19,34,0,3,0,1,2,0,2,0,0,0,0,0,0,2,8,0,12,0,2,0,0,0,1,0,9,17,44,29,5,3,5,3
251590,116122,2026-05-26,Yonge St / Hendon Ave / Bishop Ave,-79.4160016938587,43.7816376840421,2,13445900,1151,2026-05-26T16:15:00,2026-05-26T16:30:00,21,249,27,14,260,4,42,34,16,16,58,57,0,3,1,0,5,0,0,0,0,0,0,0,0,2,10,0,10,0,3,0,1,0,0,0,40,27,85,61,5,3,7,3
251941,116426,2026-06-30,Yonge St / Athabaska Ave,-79.4194226533823,43.7954769300405,2,13444177,1381,2026-06-30T06:15:00,2026-06-30T06:30:00,3,138,0,1,63,1,0,0,0,0,0,0,0,1,0,0,0,0,0,0,0,0,0,0,0,19,0,0,15,0,0,0,0,0,0,0,2,2,4,2,3,0,0,1
251942,116426,2026-06-30,Yonge St / Athabaska Ave,-79.4194226533823,43.7954769300405,2,13444177,1381,2026-06-30T07:00:00,2026-06-30T07:15:00,3,202,2,2,104,0,0,0,0,0,0,1,0,4,1,0,4,0,0,0,0,0,0,0,0,17,0,0,15,0,0,0,0,0,0,0,1,1,1,2,0,0,0,0
251943,116426,2026-06-30,Yonge St / Athabaska Ave,-79.4194226533823,43.7954769300405,2,13444177,1381,2026-06-30T10:15:00,2026-06-30T10:30:00,19,251,1,9,174,2,4,6,2,6,0,23,0,5,0,1,7,0,0,0,0,0,0,0,0,16,0,0,14,0,0,0,0,0,0,0,5,17,15,8,0,1,0,4
251944,116426,2026-06-30,Yonge St / Athabaska Ave,-79.4194226533823,43.7954769300405,2,13444177,1381,2026-06-30T10:45:00,2026-06-30T11:00:00,31,233,3,5,227,5,4,10,1,2,0,14,0,5,0,0,3,0,0,0,0,0,0,1,0,12,0,0,11,0,0,0,0,0,0,0,4,20,8,17,1,3,0,0
251945,116426,2026-06-30,Yonge St / Athabaska Ave,-79.4194226533823,43.7954769300405,2,13444177,1381,2026-06-30T14:00:00,2026-06-30T14:15:00,24,238,7,2,261,7,2,8,5,6,0,30,0,6,0,0,8,0,0,0,1,0,0,0,0,13,0,0,13,0,0,0,0,0,0,0,14,9,19,12,3,0,2,0
251946,116426,2026-06-30,Yonge St / Athabaska Ave,-79.4194226533823,43.7954769300405,2,13444177,1381,2026-06-30T16:15:00,2026-06-30T16:30:00,32,310,6,6,256,10,2,10,3,13,1,26,0,4,0,0,2,1,0,0,0,0,0,0,0,13,0,0,18,0,0,0,0,0,0,0,18,6,21,11,4,2,2,0
251947,116427,2026-06-30,Yonge St / Madawaska Ave / Moore Park Ave,-79.4190145403399,43.7938100179332,2,13444390,130,2026-06-30T08:00:00,2026-06-30T08:15:00,4,361,0,1,204,2,3,4,1,6,2,6,0,7,0,1,2,0,0,0,0,0,0,0,0,22,0,0,16,1,0,0,0,0,0,0,5,4,8,6,1,0,1,0
251948,116427,2026-06-30,Yonge St / Madawaska Ave / Moore Park Ave,-79.4190145403399,43.7938100179332,2,13444390,130,2026-06-30T12:00:00,2026-06-30T12:15:00,15,269,8,1,276,4,9,3,2,1,1,15,0,7,0,0,5,0,0,0,0,0,0,1,0,19,0,0,10,0,0,0,0,0,0,0,11,6,14,15,2,2,2,0
251949,116427,2026-06-30,Yonge St / Madawaska Ave / Moore Park Ave,-79.4190145403399,43.7938100179332,2,13444390,130,2026-06-30T13:30:00,2026-06-30T13:45:00,24,303,5,3,270,2,7,7,8,2,12,13,1,8,1,0,3,2,0,0,0,1,0,1,1,10,0,0,13,0,0,0,0,0,0,0,4,5,10,12,3,3,1,0
251950,116429,2026-06-30,Steeles Ave E / Yonge St / Steeles Ave W,-79.420060868408,43.7980294054522,2,13443870,131,2026-06-30T16:30:00,2026-06-30T16:45:00,42,203,35,9,209,34,51,181,34,57,175,62,0,1,1,0,2,1,1,4,0,1,3,2,1,12,1,4,10,4,0,0,4,6,0,0,45,40,46,58,6,2,2,0
251951,116429,2026-06-30,Steeles Ave E / Yonge St / Steeles Ave W,-79.420060868408,43.7980294054522,2,13443870,131,2026-06-30T18:45:00,2026-06-30T19:00:00,39,200,35,7,229,45,38,184,36,67,188,65,0,0,0,0,2,0,0,5,0,0,2,0,0,6,0,3,5,3,0,0,3,5,0,0,45,23,54,67,7,5,1,1
264654,116114,2026-05-26,Yonge St / Cummer Ave / Drewry Ave,-79.4173504579467,43.7870687806437,2,13445250,129,2026-05-26T06:30:00,2026-05-26T06:45:00,7,146,0,11,88,5,6,11,4,8,21,4,0,4,0,0,3,0,0,0,0,0,0,1,0,22,0,2,20,1,0,0,2,1,0,0,6,8,10,8,1,1,0,0
264655,116114,2026-05-26,Yonge St / Cummer Ave / Drewry Ave,-79.4173504579467,43.7870687806437,2,13445250,129,2026-05-26T17:15:00,2026-05-26T17:30:00,22,281,31,60,286,19,17,55,25,15,50,15,0,3,0,0,0,0,0,0,0,0,1,2,0,14,0,2,16,2,0,0,2,0,0,0,16,20,27,39,7,2,1,1
264656,116114,2026-05-26,Yonge St / Cummer Ave / Drewry Ave,-79.4173504579467,43.7870687806437,2,13445250,129,2026-05-26T17:45:00,2026-05-26T18:00:00,29,331,26,56,272,16,22,54,36,12,47,20,0,1,0,0,1,0,0,0,0,0,0,0,0,17,0,2,20,1,0,0,2,1,0,0,18,26,25,45,1,4,2,2
264658,116116,2026-05-26,Yonge St / Olympic Garden Dr / Narges Dr,-79.4167212705432,43.7845037738791,2,13445545,2177,2026-05-26T18:15:00,2026-05-26T18:30:00,2,309,15,12,329,1,5,0,12,0,0,1,0,0,0,0,1,0,0,0,0,0,0,0,0,19,0,0,21,0,0,0,0,0,0,0,5,6,41,30,3,1,0,2
264663,116119,2026-05-26,Finch Ave E / Yonge St / Finch Ave W,-79.4155776992011,43.7797690838483,2,13446142,128,2026-05-26T09:45:00,2026-05-26T10:00:00,38,176,13,27,150,33,13,97,10,16,84,37,1,4,0,0,2,0,0,3,0,0,1,0,0,3,0,1,2,1,0,8,0,0,4,0,33,16,60,78,0,1,0,0
264664,116119,2026-05-26,Finch Ave E / Yonge St / Finch Ave W,-79.4155776992011,43.7797690838483,2,13446142,128,2026-05-26T16:00:00,2026-05-26T16:15:00,34,183,23,25,201,24,23,109,16,11,151,39,0,2,0,0,4,0,0,4,0,0,0,0,0,3,0,2,3,0,0,8,0,0,6,0,52,51,129,145,2,3,3,4
264665,116119,2026-05-26,Finch Ave E / Yonge St / Finch Ave W,-79.4155776992011,43.7797690838483,2,13446142,128,2026-05-26T19:45:00,2026-05-26T20:00:00,25,159,35,31,147,22,18,74,20,34,132,37,1,1,0,0,2,0,0,0,0,0,0,0,0,2,0,1,0,0,0,5,0,0,4,0,58,106,132,105,10,2,3,5
264671,116122,2026-05-26,Yonge St / Hendon Ave / Bishop Ave,-79.4160016938587,43.7816376840421,2,13445900,1151,2026-05-26T18:15:00,2026-05-26T18:30:00,28,256,34,17,244,11,45,41,11,17,58,53,0,2,0,0,2,0,0,0,0,0,0,0,0,0,9,0,7,0,4,0,2,0,0,0,45,18,91,57,3,4,13,6
265012,116426,2026-06-30,Yonge St / Athabaska Ave,-79.4194226533823,43.7954769300405,2,13444177,1381,2026-06-30T09:15:00,2026-06-30T09:30:00,18,251,3,1,233,8,3,6,2,3,1,7,0,5,0,0,2,0,0,0,0,0,0,0,0,11,0,0,13,0,0,0,0,0,0,0,2,7,6,6,1,0,0,0
265013,116426,2026-06-30,Yonge St / Athabaska Ave,-79.4194226533823,43.7954769300405,2,13444177,1381,2026-06-30T15:15:00,2026-06-30T15:30:00,29,324,5,12,227,12,6,8,12,12,2,29,0,2,0,0,3,0,0,0,0,0,0,2,0,13,0,0,11,0,0,0,0,0,0,0,16,19,16,13,2,2,0,0
265014,116426,2026-06-30,Yonge St / Athabaska Ave,-79.4194226533823,43.7954769300405,2,13444177,1381,2026-06-30T15:45:00,2026-06-30T16:00:00,30,266,2,4,250,12,6,12,2,9,0,27,1,4,0,1,2,0,0,0,0,0,0,0,0,15,0,0,12,0,0,0,0,0,0,0,8,11,16,14,1,1,0,1
265015,116426,2026-06-30,Yonge St / Athabaska Ave,-79.4194226533823,43.7954769300405,2,13444177,1381,2026-06-30T17:00:00,2026-06-30T17:15:00,32,320,7,10,228,11,2,8,4,14,2,25,0,1,0,0,1,0,0,0,0,0,0,0,0,17,0,0,19,0,0,0,1,0,0,0,18,14,16,20,3,0,1,0
265016,116426,2026-06-30,Yonge St / Athabaska Ave,-79.4194226533823,43.7954769300405,2,13444177,1381,2026-06-30T18:15:00,2026-06-30T18:30:00,40,321,3,10,246,14,5,15,4,16,1,23,0,2,0,0,2,0,0,0,0,0,0,1,0,21,0,0,18,0,0,0,0,0,0,0,22,16,19,18,2,1,0,1
265017,116426,2026-06-30,Yonge St / Athabaska Ave,-79.4194226533823,43.7954769300405,2,13444177,1381,2026-06-30T19:00:00,2026-06-30T19:15:00,33,308,5,8,278,17,3,9,3,8,1,24,0,1,0,0,2,0,0,0,0,0,0,0,0,19,0,0,18,0,0,0,0,0,0,0,14,15,10,16,4,0,0,0
265018,116427,2026-06-30,Yonge St / Madawaska Ave / Moore Park Ave,-79.4190145403399,43.7938100179332,2,13444390,130,2026-06-30T09:00:00,2026-06-30T09:15:00,9,314,5,2,237,2,6,1,3,8,3,16,0,6,0,0,5,0,1,0,0,0,0,0,0,17,0,0,12,0,0,0,0,0,0,0,6,3,14,7,1,1,0,0
265019,116427,2026-06-30,Yonge St / Madawaska Ave / Moore Park Ave,-79.4190145403399,43.7938100179332,2,13444390,130,2026-06-30T14:15:00,2026-06-30T14:30:00,16,294,12,2,294,8,3,6,7,4,4,11,0,5,0,0,2,0,0,0,0,0,0,0,0,11,0,0,13,1,0,0,0,0,0,0,6,4,11,11,5,1,2,0
265020,116428,2026-06-30,Yonge St / Patricia Ave,-79.4181348587275,43.7902527332681,2,13444838,856,2026-06-30T06:45:00,2026-06-30T07:00:00,1,152,0,0,95,1,0,0,0,5,0,0,0,2,0,0,0,0,0,0,0,0,0,0,0,19,0,0,19,0,0,0,0,0,0,0,1,3,5,2,1,0,0,0
265021,116428,2026-06-30,Yonge St / Patricia Ave,-79.4181348587275,43.7902527332681,2,13444838,856,2026-06-30T07:30:00,2026-06-30T07:45:00,1,293,0,0,157,3,0,0,0,10,0,7,0,9,0,0,2,0,0,0,0,0,0,0,0,23,0,0,19,0,0,0,0,0,0,0,5,4,7,7,1,2,0,0
265022,116428,2026-06-30,Yonge St / Patricia Ave,-79.4181348587275,43.7902527332681,2,13444838,856,2026-06-30T08:45:00,2026-06-30T09:00:00,10,350,0,0,287,9,0,0,0,4,0,16,0,6,0,0,7,0,0,0,0,0,0,0,0,12,0,0,22,0,0,0,0,0,0,0,4,5,21,3,1,2,1,0
265023,116429,2026-06-30,Steeles Ave E / Yonge St / Steeles Ave W,-79.420060868408,43.7980294054522,2,13443870,131,2026-06-30T10:00:00,2026-06-30T10:15:00,41,190,39,22,164,27,41,185,36,59,117,37,4,6,1,0,4,0,0,7,0,5,12,1,0,12,0,3,6,3,0,1,4,5,1,0,27,23,25,46,0,2,0,0
265024,116429,2026-06-30,Steeles Ave E / Yonge St / Steeles Ave W,-79.420060868408,43.7980294054522,2,13443870,131,2026-06-30T13:15:00,2026-06-30T13:30:00,50,138,32,17,165,43,35,187,35,52,146,57,2,5,0,1,2,4,4,4,1,0,5,1,0,5,0,3,2,4,0,0,3,3,0,0,30,24,31,55,4,1,1,1
265025,116429,2026-06-30,Steeles Ave E / Yonge St / Steeles Ave W,-79.420060868408,43.7980294054522,2,13443870,131,2026-06-30T15:30:00,2026-06-30T15:45:00,51,221,48,12,235,38,44,171,25,66,172,55,2,1,1,0,4,1,0,5,0,0,1,1,0,7,0,5,11,6,0,0,3,7,0,0,35,27,33,93,5,0,1,0
265026,116429,2026-06-30,Steeles Ave E / Yonge St / Steeles Ave W,-79.420060868408,43.7980294054522,2,13443870,131,2026-06-30T19:30:00,2026-06-30T19:45:00,36,181,29,9,220,47,33,154,33,74,170,64,0,0,0,0,3,0,0,5,0,0,1,0,0,5,0,3,10,4,0,0,5,7,0,0,36,46,36,42,4,9,4,3
277461,116114,2026-05-26,Yonge St / Cummer Ave / Drewry Ave,-79.4173504579467,43.7870687806437,2,13445250,129,2026-05-26T08:45:00,2026-05-26T09:00:00,17,317,12,43,232,23,15,55,64,12,39,12,1,2,0,0,3,0,0,2,0,1,0,1,0,23,0,5,19,3,0,2,2,3,2,1,8,12,28,16,1,1,3,1
277462,116114,2026-05-26,Yonge St / Cummer Ave / Drewry Ave,-79.4173504579467,43.7870687806437,2,13445250,129,2026-05-26T14:00:00,2026-05-26T14:15:00,22,241,16,9,233,20,10,41,7,14,33,36,1,5,0,0,6,0,0,0,0,1,1,0,0,11,0,2,14,1,0,1,1,1,4,1,15,12,19,14,2,4,1,2
277466,116116,2026-05-26,Yonge St / Olympic Garden Dr / Narges Dr,-79.4167212705432,43.7845037738791,2,13445545,2177,2026-05-26T09:45:00,2026-05-26T10:00:00,1,257,5,4,241,1,5,0,7,1,0,1,0,2,0,0,2,0,0,0,0,0,0,0,0,19,0,0,17,0,0,0,0,0,0,0,6,3,22,19,1,0,0,2
277467,116116,2026-05-26,Yonge St / Olympic Garden Dr / Narges Dr,-79.4167212705432,43.7845037738791,2,13445545,2177,2026-05-26T16:00:00,2026-05-26T16:15:00,1,307,11,9,324,2,4,0,3,4,0,4,0,1,0,0,3,0,0,0,0,0,0,0,0,21,0,0,22,0,0,0,0,0,0,0,7,5,29,23,2,2,0,0
277468,116116,2026-05-26,Yonge St / Olympic Garden Dr / Narges Dr,-79.4167212705432,43.7845037738791,2,13445545,2177,2026-05-26T19:45:00,2026-05-26T20:00:00,1,249,8,12,243,0,5,0,8,0,1,0,0,1,0,0,2,0,0,0,0,0,0,0,0,13,0,0,18,0,0,0,0,0,0,0,6,4,25,44,5,5,0,0
277476,116119,2026-05-26,Finch Ave E / Yonge St / Finch Ave W,-79.4155776992011,43.7797690838483,2,13446142,128,2026-05-26T18:15:00,2026-05-26T18:30:00,40,214,33,16,207,38,22,110,12,22,160,42,0,2,0,0,2,0,0,0,0,0,1,0,0,2,1,0,2,0,0,6,0,0,6,0,91,74,209,153,2,1,0,4
277484,116122,2026-05-26,Yonge St / Hendon Ave / Bishop Ave,-79.4160016938587,43.7816376840421,2,13445900,1151,2026-05-26T09:45:00,2026-05-26T10:00:00,25,196,13,9,184,7,39,42,7,11,19,25,1,4,0,1,2,0,0,0,0,0,0,0,0,1,12,0,8,0,0,1,2,0,1,0,16,24,32,31,1,1,2,2
277485,116122,2026-05-26,Yonge St / Hendon Ave / Bishop Ave,-79.4160016938587,43.7816376840421,2,13445900,1151,2026-05-26T16:00:00,2026-05-26T16:15:00,38,224,32,10,236,5,44,38,7,12,42,45,0,2,0,0,4,0,0,0,0,0,0,2,1,1,12,0,11,0,3,1,2,0,0,0,27,35,80,42,2,6,2,6
277486,116122,2026-05-26,Yonge St / Hendon Ave / Bishop Ave,-79.4160016938587,43.7816376840421,2,13445900,1151,2026-05-26T19:45:00,2026-05-26T20:00:00,17,214,25,10,198,1,28,14,9,14,20,31,0,2,0,0,2,0,0,0,0,0,0,0,0,1,7,0,5,0,3,0,1,0,0,0,16,28,59,66,15,5,12,6
277865,116426,2026-06-30,Yonge St / Athabaska Ave,-79.4194226533823,43.7954769300405,2,13444177,1381,2026-06-30T07:45:00,2026-06-30T08:00:00,1,322,0,1,178,0,3,0,0,0,0,5,0,2,0,0,3,0,0,0,0,0,0,0,0,22,0,0,22,0,0,0,0,0,0,0,3,2,5,3,2,1,0,0
277866,116426,2026-06-30,Yonge St / Athabaska Ave,-79.4194226533823,43.7954769300405,2,13444177,1381,2026-06-30T12:15:00,2026-06-30T12:30:00,22,236,4,11,266,13,2,11,6,4,1,31,0,5,0,0,6,0,0,0,0,0,0,1,0,7,0,0,9,0,0,0,0,0,0,0,19,23,19,17,1,3,1,0
277867,116427,2026-06-30,Yonge St / Madawaska Ave / Moore Park Ave,-79.4190145403399,43.7938100179332,2,13444390,130,2026-06-30T11:30:00,2026-06-30T11:45:00,12,273,9,3,282,2,6,4,4,1,4,18,0,7,1,0,3,2,1,0,0,2,0,0,0,9,0,0,16,0,0,0,0,0,0,0,9,10,14,32,5,2,0,0
277868,116427,2026-06-30,Yonge St / Madawaska Ave / Moore Park Ave,-79.4190145403399,43.7938100179332,2,13444390,130,2026-06-30T11:45:00,2026-06-30T12:00:00,14,294,12,7,293,4,7,4,4,2,3,12,0,5,0,0,7,1,0,0,0,0,0,0,0,11,0,0,11,1,0,0,0,0,0,0,9,4,18,14,1,1,0,0
277869,116427,2026-06-30,Yonge St / Madawaska Ave / Moore Park Ave,-79.4190145403399,43.7938100179332,2,13444390,130,2026-06-30T16:45:00,2026-06-30T17:00:00,18,341,19,6,282,4,6,13,3,4,14,27,0,1,0,0,0,3,0,0,0,1,0,1,0,15,0,0,18,0,0,0,0,0,0,0,12,4,16,9,5,2,2,1
277870,116428,2026-06-30,Yonge St / Patricia Ave,-79.4181348587275,43.7902527332681,2,13444838,856,2026-06-30T16:30:00,2026-06-30T16:45:00,6,338,0,0,327,5,0,0,0,24,0,9,0,4,0,0,2,1,0,0,0,0,0,0,0,17,0,0,17,0,0,0,0,0,0,0,13,14,27,12,1,4,1,0
277877,116428,2026-06-30,Yonge St / Patricia Ave,-79.4181348587275,43.7902527332681,2,13444838,856,2026-06-30T18:45:00,2026-06-30T19:00:00,8,313,0,0,280,13,0,0,0,14,0,18,0,0,0,0,0,0,0,0,0,0,0,0,0,11,0,0,11,0,0,0,0,0,0,0,9,13,23,21,2,3,0,0
295904,116114,2026-05-26,Yonge St / Cummer Ave / Drewry Ave,-79.4173504579467,43.7870687806437,2,13445250,129,2026-05-26T08:15:00,2026-05-26T08:30:00,4,317,9,45,234,19,10,51,51,11,50,16,0,4,0,0,5,0,0,0,0,0,0,0,1,26,0,1,21,7,1,1,2,1,3,0,19,30,24,21,1,0,0,0
295905,116114,2026-05-26,Yonge St / Cummer Ave / Drewry Ave,-79.4173504579467,43.7870687806437,2,13445250,129,2026-05-26T10:00:00,2026-05-26T10:15:00,12,180,10,24,207,15,16,34,19,10,35,22,0,4,1,1,3,0,0,0,0,1,1,0,0,20,1,1,15,0,0,0,1,1,2,0,8,10,21,20,2,1,0,0
295906,116114,2026-05-26,Yonge St / Cummer Ave / Drewry Ave,-79.4173504579467,43.7870687806437,2,13445250,129,2026-05-26T11:15:00,2026-05-26T11:30:00,11,212,20,13,246,9,15,24,13,8,27,10,0,5,1,0,8,0,1,0,0,0,0,0,0,14,0,1,14,1,0,0,0,1,0,0,17,7,25,14,0,0,0,1
295907,116114,2026-05-26,Yonge St / Cummer Ave / Drewry Ave,-79.4173504579467,43.7870687806437,2,13445250,129,2026-05-26T12:15:00,2026-05-26T12:30:00,19,212,15,8,236,11,15,26,13,9,28,14,1,2,0,1,6,0,1,0,0,0,0,1,0,13,0,2,13,2,0,0,0,2,0,1,12,24,31,31,2,0,0,0
295908,116114,2026-05-26,Yonge St / Cummer Ave / Drewry Ave,-79.4173504579467,43.7870687806437,2,13445250,129,2026-05-26T18:00:00,2026-05-26T18:15:00,25,301,22,52,269,22,15,48,27,15,49,25,1,2,1,0,2,0,0,0,0,0,0,0,0,15,0,3,19,1,0,0,2,2,0,0,16,18,30,39,8,10,1,0
295911,116116,2026-05-26,Yonge St / Olympic Garden Dr / Narges Dr,-79.4167212705432,43.7845037738791,2,13445545,2177,2026-05-26T08:00:00,2026-05-26T08:15:00,1,443,0,5,251,3,9,0,9,1,0,2,0,2,0,0,5,0,0,0,0,0,0,0,0,24,0,0,34,0,0,0,0,0,0,0,3,1,33,10,0,0,1,0
295912,116116,2026-05-26,Yonge St / Olympic Garden Dr / Narges Dr,-79.4167212705432,43.7845037738791,2,13445545,2177,2026-05-26T16:45:00,2026-05-26T17:00:00,1,312,5,9,361,1,6,0,8,1,0,2,0,0,0,0,1,0,0,0,0,0,0,0,0,17,0,0,26,0,0,0,0,0,0,0,3,5,22,28,2,4,1,0
295925,116119,2026-05-26,Finch Ave E / Yonge St / Finch Ave W,-79.4155776992011,43.7797690838483,2,13446142,128,2026-05-26T07:00:00,2026-05-26T07:15:00,16,150,8,16,95,19,16,115,13,15,74,10,0,1,0,1,3,0,0,1,0,1,1,0,0,4,0,3,1,0,0,9,0,0,6,0,16,5,62,46,2,1,0,1
295926,116119,2026-05-26,Finch Ave E / Yonge St / Finch Ave W,-79.4155776992011,43.7797690838483,2,13446142,128,2026-05-26T14:15:00,2026-05-26T14:30:00,27,151,32,23,155,24,16,102,13,17,118,33,0,2,0,0,3,0,1,5,0,2,2,0,1,3,0,0,4,0,0,7,0,0,8,0,36,41,106,104,4,2,1,1
295927,116119,2026-05-26,Finch Ave E / Yonge St / Finch Ave W,-79.4155776992011,43.7797690838483,2,13446142,128,2026-05-26T14:45:00,2026-05-26T15:00:00,17,204,24,16,175,30,11,96,10,23,103,37,0,0,0,0,2,0,1,0,0,0,4,0,0,2,0,0,2,0,0,7,0,0,8,0,45,34,80,106,1,0,1,0
295928,116119,2026-05-26,Finch Ave E / Yonge St / Finch Ave W,-79.4155776992011,43.7797690838483,2,13446142,128,2026-05-26T17:30:00,2026-05-26T17:45:00,45,215,31,25,183,37,13,120,18,14,145,47,0,0,0,0,2,0,0,2,1,0,4,0,0,4,0,1,1,0,0,4,0,0,3,0,45,74,191,200,4,4,0,3
295929,116119,2026-05-26,Finch Ave E / Yonge St / Finch Ave W,-79.4155776992011,43.7797690838483,2,13446142,128,2026-05-26T19:00:00,2026-05-26T19:15:00,19,187,21,18,188,33,20,80,28,35,127,31,0,3,0,0,0,0,1,0,0,0,2,0,0,3,0,1,1,0,0,4,0,0,5,0,58,71,206,109,4,0,0,0
295936,116122,2026-05-26,Yonge St / Hendon Ave / Bishop Ave,-79.4160016938587,43.7816376840421,2,13445900,1151,2026-05-26T08:00:00,2026-05-26T08:15:00,34,252,18,12,172,18,65,56,11,12,28,32,0,5,0,0,6,0,0,0,1,0,0,0,0,1,9,0,18,0,4,2,5,0,0,0,22,31,53,34,3,1,2,1
295937,116122,2026-05-26,Yonge St / Hendon Ave / Bishop Ave,-79.4160016938587,43.7816376840421,2,13445900,1151,2026-05-26T16:45:00,2026-05-26T17:00:00,33,230,32,12,241,9,49,27,14,24,52,61,0,0,0,0,2,0,0,0,0,1,0,0,0,0,9,0,18,1,1,0,1,0,0,0,56,25,79,75,3,8,6,7
304677,116114,2026-05-26,Yonge St / Cummer Ave / Drewry Ave,-79.4173504579467,43.7870687806437,2,13445250,129,2026-05-26T10:15:00,2026-05-26T10:30:00,19,207,8,14,234,6,21,28,15,7,22,14,0,6,0,0,4,0,0,1,0,1,0,0,0,18,0,3,18,2,0,0,2,1,1,1,13,0,26,15,1,0,1,0
304678,116114,2026-05-26,Yonge St / Cummer Ave / Drewry Ave,-79.4173504579467,43.7870687806437,2,13445250,129,2026-05-26T10:45:00,2026-05-26T11:00:00,17,200,13,16,234,7,11,27,4,18,25,14,0,9,0,0,5,1,0,0,0,1,0,0,0,15,0,1,9,1,0,0,1,1,0,0,13,5,29,21,2,2,1,0
304679,116114,2026-05-26,Yonge St / Cummer Ave / Drewry Ave,-79.4173504579467,43.7870687806437,2,13445250,129,2026-05-26T13:15:00,2026-05-26T13:30:00,23,233,15,20,259,14,17,33,14,14,33,12,2,4,0,0,7,0,0,0,0,0,1,0,0,12,0,2,12,1,0,0,1,1,0,0,12,11,27,22,1,1,0,0
304680,116114,2026-05-26,Yonge St / Cummer Ave / Drewry Ave,-79.4173504579467,43.7870687806437,2,13445250,129,2026-05-26T15:00:00,2026-05-26T15:15:00,19,214,25,21,284,13,25,53,23,14,43,20,0,6,0,0,5,0,0,2,1,0,1,0,0,18,1,3,20,4,0,0,1,2,4,0,12,18,32,34,1,1,1,1
304686,116116,2026-05-26,Yonge St / Olympic Garden Dr / Narges Dr,-79.4167212705432,43.7845037738791,2,13445545,2177,2026-05-26T07:00:00,2026-05-26T07:15:00,1,242,1,3,129,2,4,0,5,1,0,0,0,0,0,0,2,0,0,0,0,0,0,0,0,26,0,0,22,0,0,0,0,0,0,0,1,0,14,2,1,0,0,0
304687,116116,2026-05-26,Yonge St / Olympic Garden Dr / Narges Dr,-79.4167212705432,43.7845037738791,2,13445545,2177,2026-05-26T14:15:00,2026-05-26T14:30:00,3,239,6,7,247,2,5,0,4,1,0,1,0,1,0,0,3,0,0,0,0,0,0,0,0,15,0,0,22,0,0,0,0,0,0,0,2,6,11,26,7,3,1,0
304688,116116,2026-05-26,Yonge St / Olympic Garden Dr / Narges Dr,-79.4167212705432,43.7845037738791,2,13445545,2177,2026-05-26T14:45:00,2026-05-26T15:00:00,1,272,9,11,247,1,6,1,6,3,0,0,0,0,0,1,2,1,0,0,0,0,0,0,0,16,0,0,17,0,0,0,0,0,0,0,4,4,19,42,1,1,0,0
304689,116116,2026-05-26,Yonge St / Olympic Garden Dr / Narges Dr,-79.4167212705432,43.7845037738791,2,13445545,2177,2026-05-26T17:30:00,2026-05-26T17:45:00,3,357,8,15,349,0,3,0,10,2,0,0,0,1,0,0,1,0,0,0,0,0,0,0,0,21,0,0,27,0,0,0,0,0,0,0,4,5,28,42,4,0,0,0
304690,116116,2026-05-26,Yonge St / Olympic Garden Dr / Narges Dr,-79.4167212705432,43.7845037738791,2,13445545,2177,2026-05-26T19:00:00,2026-05-26T19:15:00,1,284,9,21,284,1,10,0,11,0,0,0,0,1,0,0,1,0,0,0,0,0,0,0,0,19,0,0,24,0,0,0,0,0,0,0,7,14,29,24,7,1,2,0
304694,116119,2026-05-26,Finch Ave E / Yonge St / Finch Ave W,-79.4155776992011,43.7797690838483,2,13446142,128,2026-05-26T08:00:00,2026-05-26T08:15:00,21,238,23,27,163,36,20,139,16,12,119,25,1,4,0,1,5,0,0,3,0,1,3,0,1,6,0,0,6,0,0,7,0,0,7,0,18,17,166,93,0,2,1,1
304695,116119,2026-05-26,Finch Ave E / Yonge St / Finch Ave W,-79.4155776992011,43.7797690838483,2,13446142,128,2026-05-26T16:45:00,2026-05-26T17:00:00,41,198,33,32,205,30,13,121,16,12,130,26,0,0,0,1,1,2,0,2,0,0,1,0,0,1,0,0,1,1,0,5,0,0,5,4,55,57,137,203,3,6,0,2
304703,116122,2026-05-26,Yonge St / Hendon Ave / Bishop Ave,-79.4160016938587,43.7816376840421,2,13445900,1151,2026-05-26T07:00:00,2026-05-26T07:15:00,22,170,9,10,87,12,25,15,13,13,12,18,1,1,0,0,3,0,0,0,0,0,0,0,1,1,10,1,12,0,2,1,3,0,0,0,10,5,25,8,1,0,3,1
304704,116122,2026-05-26,Yonge St / Hendon Ave / Bishop Ave,-79.4160016938587,43.7816376840421,2,13445900,1151,2026-05-26T14:15:00,2026-05-26T14:30:00,26,198,18,8,194,5,31,15,12,14,17,43,0,2,1,0,3,0,0,0,0,0,0,0,0,0,6,0,11,0,2,1,3,1,0,0,21,22,52,57,6,6,6,1
304705,116122,2026-05-26,Yonge St / Hendon Ave / Bishop Ave,-79.4160016938587,43.7816376840421,2,13445900,1151,2026-05-26T14:45:00,2026-05-26T15:00:00,23,215,23,7,220,6,25,26,15,11,34,30,0,0,0,0,2,0,2,0,0,0,1,0,0,0,10,0,12,0,1,1,2,0,0,0,21,15,37,39,0,2,5,2
304706,116122,2026-05-26,Yonge St / Hendon Ave / Bishop Ave,-79.4160016938587,43.7816376840421,2,13445900,1151,2026-05-26T17:30:00,2026-05-26T17:45:00,23,268,30,21,234,6,59,21,12,15,48,53,0,0,0,0,2,0,1,0,0,0,0,1,0,2,11,0,13,0,2,0,2,0,0,0,33,32,126,58,9,1,8,3
304707,116122,2026-05-26,Yonge St / Hendon Ave / Bishop Ave,-79.4160016938587,43.7816376840421,2,13445900,1151,2026-05-26T19:00:00,2026-05-26T19:15:00,27,227,28,19,239,4,56,12,7,10,40,36,0,1,0,0,1,0,0,0,0,0,0,0,0,2,12,0,10,0,3,0,2,0,0,0,31,26,105,50,5,3,35,0
305056,116426,2026-06-30,Yonge St / Athabaska Ave,-79.4194226533823,43.7954769300405,2,13444177,1381,2026-06-30T08:15:00,2026-06-30T08:30:00,5,319,3,1,255,1,0,3,0,0,0,7,0,3,0,0,1,0,1,0,0,0,0,0,0,22,0,0,17,0,0,0,0,0,0,0,3,1,7,3,1,2,0,1
305057,116426,2026-06-30,Yonge St / Athabaska Ave,-79.4194226533823,43.7954769300405,2,13444177,1381,2026-06-30T08:30:00,2026-06-30T08:45:00,11,330,1,2,261,6,5,4,3,2,1,1,0,6,0,0,4,0,0,0,0,0,0,0,0,22,0,0,20,0,0,0,0,0,0,0,5,1,9,1,0,0,0,0
305058,116426,2026-06-30,Yonge St / Athabaska Ave,-79.4194226533823,43.7954769300405,2,13444177,1381,2026-06-30T09:30:00,2026-06-30T09:45:00,21,276,3,2,219,9,1,7,4,0,1,10,0,2,0,0,3,0,0,0,0,0,0,0,0,19,0,0,19,0,0,0,0,0,0,0,7,6,16,6,1,1,0,0
305059,116426,2026-06-30,Yonge St / Athabaska Ave,-79.4194226533823,43.7954769300405,2,13444177,1381,2026-06-30T17:30:00,2026-06-30T17:45:00,23,333,7,4,251,16,7,11,8,13,1,25,0,0,0,0,1,0,0,0,0,0,0,0,0,16,0,0,20,0,0,0,0,0,0,0,7,14,27,14,0,4,0,3
305060,116426,2026-06-30,Yonge St / Athabaska Ave,-79.4194226533823,43.7954769300405,2,13444177,1381,2026-06-30T17:45:00,2026-06-30T18:00:00,22,324,8,4,284,11,5,3,7,13,0,21,0,1,0,0,2,0,0,0,0,0,0,0,0,17,0,0,18,0,0,0,0,0,0,0,11,22,22,14,2,2,2,2
305061,116428,2026-06-30,Yonge St / Patricia Ave,-79.4181348587275,43.7902527332681,2,13444838,856,2026-06-30T08:00:00,2026-06-30T08:15:00,4,343,0,0,207,4,0,0,0,6,0,4,0,5,0,0,4,0,0,0,0,0,0,0,0,20,0,0,18,0,0,0,0,0,0,0,5,3,13,4,1,0,0,1
305062,116428,2026-06-30,Yonge St / Patricia Ave,-79.4181348587275,43.7902527332681,2,13444838,856,2026-06-30T12:00:00,2026-06-30T12:15:00,10,240,0,0,279,5,0,0,0,7,0,13,0,7,0,0,5,0,0,0,0,0,0,1,0,18,0,0,9,0,0,0,0,0,0,0,6,9,22,12,1,4,0,0
305063,116428,2026-06-30,Yonge St / Patricia Ave,-79.4181348587275,43.7902527332681,2,13444838,856,2026-06-30T13:30:00,2026-06-30T13:45:00,14,287,0,0,264,8,0,0,0,10,0,9,1,5,0,0,4,0,0,0,0,0,0,0,0,10,0,0,15,0,0,0,0,1,0,0,14,6,27,15,2,5,0,3
305064,116429,2026-06-30,Steeles Ave E / Yonge St / Steeles Ave W,-79.420060868408,43.7980294054522,2,13443870,131,2026-06-30T11:30:00,2026-06-30T11:45:00,44,189,40,12,192,49,42,166,29,68,141,42,0,4,1,0,2,0,2,6,0,2,4,4,1,4,0,5,4,5,0,0,2,5,1,0,28,33,30,37,1,2,0,0
305066,116429,2026-06-30,Steeles Ave E / Yonge St / Steeles Ave W,-79.420060868408,43.7980294054522,2,13443870,131,2026-06-30T11:45:00,2026-06-30T12:00:00,52,197,34,14,192,49,52,184,34,52,157,61,2,2,2,0,5,1,0,6,1,1,2,0,0,3,0,1,6,3,0,0,4,3,0,0,30,19,20,44,4,3,0,1
305067,116429,2026-06-30,Steeles Ave E / Yonge St / Steeles Ave W,-79.420060868408,43.7980294054522,2,13443870,131,2026-06-30T16:45:00,2026-06-30T17:00:00,37,228,28,17,242,36,56,196,44,67,193,70,1,0,0,1,1,0,0,1,0,1,3,0,0,4,0,4,10,2,0,0,2,4,0,0,32,50,31,61,3,3,2,3
317197,116114,2026-05-26,Yonge St / Cummer Ave / Drewry Ave,-79.4173504579467,43.7870687806437,2,13445250,129,2026-05-26T06:45:00,2026-05-26T07:00:00,8,164,8,14,97,6,6,18,12,6,18,8,0,2,0,0,3,0,0,0,0,0,0,0,0,19,0,2,17,2,0,0,1,1,0,0,6,9,9,16,0,0,0,0
317198,116114,2026-05-26,Yonge St / Cummer Ave / Drewry Ave,-79.4173504579467,43.7870687806437,2,13445250,129,2026-05-26T07:15:00,2026-05-26T07:30:00,13,245,7,18,145,11,4,23,16,10,36,8,0,4,0,0,5,1,0,0,0,0,0,0,0,25,0,2,18,2,0,1,1,3,1,0,8,14,5,12,1,0,2,2
317199,116114,2026-05-26,Yonge St / Cummer Ave / Drewry Ave,-79.4173504579467,43.7870687806437,2,13445250,129,2026-05-26T08:30:00,2026-05-26T08:45:00,17,345,9,35,231,19,7,63,59,14,53,19,0,5,0,0,4,0,1,0,1,0,0,1,0,19,0,4,20,3,0,5,2,4,2,0,12,21,29,40,0,0,1,0
317200,116114,2026-05-26,Yonge St / Cummer Ave / Drewry Ave,-79.4173504579467,43.7870687806437,2,13445250,129,2026-05-26T13:45:00,2026-05-26T14:00:00,19,231,16,22,233,16,12,27,10,8,30,17,0,3,0,0,6,0,0,1,0,0,0,0,0,12,0,1,12,1,0,3,1,1,0,0,9,9,22,37,1,2,1,1
317201,116114,2026-05-26,Yonge St / Cummer Ave / Drewry Ave,-79.4173504579467,43.7870687806437,2,13445250,129,2026-05-26T15:15:00,2026-05-26T15:30:00,21,225,21,25,287,16,10,56,20,9,48,20,0,5,0,0,2,0,1,0,0,0,0,0,0,18,1,2,13,2,0,2,0,2,2,0,12,25,35,29,2,3,2,1
317202,116114,2026-05-26,Yonge St / Cummer Ave / Drewry Ave,-79.4173504579467,43.7870687806437,2,13445250,129,2026-05-26T16:30:00,2026-05-26T16:45:00,23,297,21,54,281,16,14,52,22,7,43,22,0,2,0,1,2,0,0,0,1,0,0,0,0,22,1,2,22,3,0,1,3,1,1,0,20,22,32,34,6,5,2,0
317203,116114,2026-05-26,Yonge St / Cummer Ave / Drewry Ave,-79.4173504579467,43.7870687806437,2,13445250,129,2026-05-26T17:00:00,2026-05-26T17:15:00,21,295,31,74,258,16,13,46,29,20,41,22,1,1,0,0,1,0,0,0,0,0,0,0,0,20,0,2,21,1,0,0,1,2,0,0,13,18,39,38,6,6,2,0
317205,116116,2026-05-26,Yonge St / Olympic Garden Dr / Narges Dr,-79.4167212705432,43.7845037738791,2,13445545,2177,2026-05-26T09:00:00,2026-05-26T09:15:00,7,392,10,12,270,14,13,0,9,0,0,1,0,3,0,0,0,0,0,0,0,0,0,0,0,19,0,0,27,0,0,0,0,0,0,0,2,9,18,10,1,2,0,0
317211,116119,2026-05-26,Finch Ave E / Yonge St / Finch Ave W,-79.4155776992011,43.7797690838483,2,13446142,128,2026-05-26T09:30:00,2026-05-26T09:45:00,43,209,15,18,162,19,8,105,19,15,90,29,2,2,0,0,1,0,0,4,0,1,5,2,0,3,0,2,3,0,0,8,0,0,7,0,25,26,76,77,2,0,0,0
317212,116119,2026-05-26,Finch Ave E / Yonge St / Finch Ave W,-79.4155776992011,43.7797690838483,2,13446142,128,2026-05-26T12:45:00,2026-05-26T13:00:00,27,147,23,14,137,17,27,104,17,26,97,44,0,3,0,0,3,0,3,4,0,0,1,0,0,2,0,0,1,0,0,5,0,0,3,0,59,50,118,136,1,1,0,3
317221,116122,2026-05-26,Yonge St / Hendon Ave / Bishop Ave,-79.4160016938587,43.7816376840421,2,13445900,1151,2026-05-26T09:00:00,2026-05-26T09:15:00,42,300,17,8,240,7,40,47,10,7,31,24,0,3,0,0,2,0,0,0,0,0,1,0,0,2,11,0,14,0,3,2,2,0,0,1,52,30,57,51,2,1,3,2
328092,116426,2026-06-30,Yonge St / Athabaska Ave,-79.4194226533823,43.7954769300405,2,13444177,1381,2026-06-30T08:00:00,2026-06-30T08:15:00,8,366,3,1,179,4,3,3,3,1,0,1,0,7,0,0,1,0,0,0,0,0,0,1,0,21,0,0,15,0,0,0,0,0,0,0,4,1,9,5,0,0,0,0
328093,116426,2026-06-30,Yonge St / Athabaska Ave,-79.4194226533823,43.7954769300405,2,13444177,1381,2026-06-30T12:00:00,2026-06-30T12:15:00,31,239,7,7,238,11,5,9,5,4,1,15,0,4,0,0,6,0,0,0,0,0,0,0,0,17,0,0,10,0,0,0,0,0,0,0,9,11,14,10,0,1,0,3
328094,116426,2026-06-30,Yonge St / Athabaska Ave,-79.4194226533823,43.7954769300405,2,13444177,1381,2026-06-30T13:30:00,2026-06-30T13:45:00,22,254,2,4,230,17,3,5,5,5,0,35,1,5,0,0,4,0,0,0,0,0,0,1,0,13,0,0,14,0,0,0,0,0,0,0,17,10,22,21,3,2,0,1
328095,116427,2026-06-30,Yonge St / Madawaska Ave / Moore Park Ave,-79.4190145403399,43.7938100179332,2,13444390,130,2026-06-30T06:15:00,2026-06-30T06:30:00,1,117,0,0,67,1,3,0,1,4,1,2,0,2,0,0,1,0,0,0,0,0,0,0,0,21,0,0,15,1,0,0,0,0,0,0,1,0,2,3,2,1,0,0
328096,116427,2026-06-30,Yonge St / Madawaska Ave / Moore Park Ave,-79.4190145403399,43.7938100179332,2,13444390,130,2026-06-30T07:00:00,2026-06-30T07:15:00,4,186,1,0,94,2,4,3,2,1,5,5,0,5,0,0,4,0,0,0,0,0,0,0,0,20,0,0,15,1,0,0,0,0,0,0,3,1,2,4,0,0,0,0
328097,116427,2026-06-30,Yonge St / Madawaska Ave / Moore Park Ave,-79.4190145403399,43.7938100179332,2,13444390,130,2026-06-30T10:15:00,2026-06-30T10:30:00,8,280,11,7,210,3,4,2,5,5,4,15,0,2,0,0,7,0,0,0,0,0,0,0,0,11,0,0,14,0,0,0,0,0,0,0,5,8,15,12,0,0,0,0
328098,116427,2026-06-30,Yonge St / Madawaska Ave / Moore Park Ave,-79.4190145403399,43.7938100179332,2,13444390,130,2026-06-30T10:45:00,2026-06-30T11:00:00,18,249,9,12,261,11,8,6,4,5,6,18,0,5,0,0,5,0,0,0,0,0,0,0,0,12,0,0,12,0,0,0,0,0,0,0,8,5,15,19,4,2,2,1
328099,116427,2026-06-30,Yonge St / Madawaska Ave / Moore Park Ave,-79.4190145403399,43.7938100179332,2,13444390,130,2026-06-30T14:00:00,2026-06-30T14:15:00,17,280,10,6,281,9,7,15,2,5,3,15,0,7,0,0,8,0,0,0,0,0,0,0,0,12,0,0,13,0,0,0,0,0,0,0,13,5,15,14,3,0,0,0
328100,116427,2026-06-30,Yonge St / Madawaska Ave / Moore Park Ave,-79.4190145403399,43.7938100179332,2,13444390,130,2026-06-30T16:15:00,2026-06-30T16:30:00,27,322,15,7,287,1,9,21,5,5,7,23,0,3,0,0,3,0,0,0,0,0,0,0,0,19,0,0,18,1,0,0,0,0,0,0,12,7,14,17,1,2,2,0
328101,116428,2026-06-30,Yonge St / Patricia Ave,-79.4181348587275,43.7902527332681,2,13444838,856,2026-06-30T08:15:00,2026-06-30T08:30:00,1,324,0,0,232,7,0,0,0,6,0,10,0,4,0,0,0,0,0,0,0,0,0,0,0,22,0,0,16,0,0,0,0,0,0,0,5,9,13,7,0,0,0,0
328102,116428,2026-06-30,Yonge St / Patricia Ave,-79.4181348587275,43.7902527332681,2,13444838,856,2026-06-30T08:30:00,2026-06-30T08:45:00,3,348,0,0,271,3,0,0,0,6,0,9,0,2,0,0,6,0,0,0,0,0,0,0,0,23,0,0,18,0,0,0,0,0,0,0,6,4,11,8,1,2,0,0
328103,116428,2026-06-30,Yonge St / Patricia Ave,-79.4181348587275,43.7902527332681,2,13444838,856,2026-06-30T09:30:00,2026-06-30T09:45:00,6,272,0,0,244,6,0,0,0,9,0,14,0,3,0,0,5,0,0,0,0,0,0,0,0,19,0,0,19,0,0,0,0,0,0,0,13,5,24,7,2,3,0,1
328104,116428,2026-06-30,Yonge St / Patricia Ave,-79.4181348587275,43.7902527332681,2,13444838,856,2026-06-30T17:30:00,2026-06-30T17:45:00,15,340,0,0,294,8,0,0,0,15,0,13,0,0,0,0,1,1,0,0,0,0,0,0,0,15,0,0,21,0,0,0,0,0,0,0,3,13,23,14,3,3,0,0
328105,116428,2026-06-30,Yonge St / Patricia Ave,-79.4181348587275,43.7902527332681,2,13444838,856,2026-06-30T17:45:00,2026-06-30T18:00:00,12,333,0,0,278,15,0,0,0,16,0,13,0,1,0,0,3,0,0,0,0,0,0,0,0,17,0,0,18,0,0,0,0,0,0,0,18,18,32,13,4,2,0,0
328106,116429,2026-06-30,Steeles Ave E / Yonge St / Steeles Ave W,-79.420060868408,43.7980294054522,2,13443870,131,2026-06-30T10:30:00,2026-06-30T10:45:00,37,192,30,12,173,27,50,192,25,46,130,42,2,3,2,1,4,2,0,7,0,0,9,2,1,7,0,3,5,5,0,0,2,2,1,2,37,28,30,39,1,3,1,1
328107,116429,2026-06-30,Steeles Ave E / Yonge St / Steeles Ave W,-79.420060868408,43.7980294054522,2,13443870,131,2026-06-30T12:45:00,2026-06-30T13:00:00,51,169,39,11,209,36,46,189,31,73,160,65,0,2,0,1,2,2,0,5,2,2,4,5,0,5,0,4,2,3,0,0,2,4,0,1,31,28,29,41,3,0,2,1
328108,116429,2026-06-30,Steeles Ave E / Yonge St / Steeles Ave W,-79.420060868408,43.7980294054522,2,13443870,131,2026-06-30T13:00:00,2026-06-30T13:15:00,56,180,35,19,209,48,35,168,25,56,134,48,0,2,0,1,3,1,1,10,2,2,4,0,0,4,0,3,7,3,0,0,2,5,0,0,37,38,42,60,1,2,2,2
328109,116429,2026-06-30,Steeles Ave E / Yonge St / Steeles Ave W,-79.420060868408,43.7980294054522,2,13443870,131,2026-06-30T18:00:00,2026-06-30T18:15:00,44,234,32,9,194,39,48,195,43,80,192,74,0,1,0,0,2,0,0,1,0,1,1,1,0,5,0,4,10,4,0,0,2,12,0,0,47,54,42,72,2,0,0,1
328110,116429,2026-06-30,Steeles Ave E / Yonge St / Steeles Ave W,-79.420060868408,43.7980294054522,2,13443870,131,2026-06-30T18:30:00,2026-06-30T18:45:00,28,216,23,9,220,37,39,190,36,76,171,71,0,0,1,0,1,0,1,5,1,0,1,2,0,7,0,4,11,6,0,0,4,4,0,0,38,33,24,50,4,1,2,1
328251,116426,2026-06-30,Yonge St / Athabaska Ave,-79.4194226533823,43.7954769300405,2,13444177,1381,2026-06-30T11:00:00,2026-06-30T11:15:00,23,244,2,3,211,18,4,7,3,6,0,22,0,5,0,0,1,0,0,0,1,0,0,0,0,16,0,0,12,0,0,0,0,0,0,0,9,17,14,14,0,3,0,0
328252,116426,2026-06-30,Yonge St / Athabaska Ave,-79.4194226533823,43.7954769300405,2,13444177,1381,2026-06-30T11:15:00,2026-06-30T11:30:00,33,238,2,3,214,11,2,11,4,3,3,19,0,2,0,0,2,0,0,0,0,0,0,1,0,12,0,0,6,0,0,0,0,0,0,0,5,19,8,10,1,0,0,0
328253,116426,2026-06-30,Yonge St / Athabaska Ave,-79.4194226533823,43.7954769300405,2,13444177,1381,2026-06-30T12:30:00,2026-06-30T12:45:00,23,256,5,12,268,9,3,11,6,12,0,27,2,4,0,0,3,3,0,0,0,0,0,0,0,10,0,0,14,0,0,0,0,0,0,0,19,24,24,19,4,2,0,0
328254,116426,2026-06-30,Yonge St / Athabaska Ave,-79.4194226533823,43.7954769300405,2,13444177,1381,2026-06-30T14:30:00,2026-06-30T14:45:00,33,271,4,8,264,11,2,9,5,16,0,23,0,2,0,0,4,0,0,0,0,0,0,0,0,14,0,0,11,0,0,0,0,0,0,0,19,9,19,14,4,1,1,1
328255,116426,2026-06-30,Yonge St / Athabaska Ave,-79.4194226533823,43.7954769300405,2,13444177,1381,2026-06-30T19:45:00,2026-06-30T20:00:00,19,272,7,9,227,10,7,11,2,8,0,29,1,1,0,0,1,0,0,0,0,0,0,0,0,10,0,0,16,0,0,0,0,0,0,0,16,22,21,18,3,6,1,3
328256,116427,2026-06-30,Yonge St / Madawaska Ave / Moore Park Ave,-79.4190145403399,43.7938100179332,2,13444390,130,2026-06-30T10:00:00,2026-06-30T10:15:00,7,238,4,4,215,1,6,5,3,3,6,15,0,12,0,0,7,0,0,0,1,0,0,0,0,16,0,0,13,1,0,0,0,0,0,0,7,1,6,17,2,0,0,1
328257,116427,2026-06-30,Yonge St / Madawaska Ave / Moore Park Ave,-79.4190145403399,43.7938100179332,2,13444390,130,2026-06-30T13:15:00,2026-06-30T13:30:00,17,260,22,4,285,5,2,4,4,6,9,9,0,6,0,0,5,0,1,0,0,0,0,0,0,11,1,0,11,1,0,0,0,0,0,0,16,7,14,18,3,2,1,0
328258,116427,2026-06-30,Yonge St / Madawaska Ave / Moore Park Ave,-79.4190145403399,43.7938100179332,2,13444390,130,2026-06-30T15:30:00,2026-06-30T15:45:00,11,309,13,5,264,4,7,5,6,11,8,16,0,2,0,0,4,0,0,0,0,0,0,1,0,13,0,0,18,1,0,0,0,0,0,0,7,5,20,23,3,2,3,0
328259,116427,2026-06-30,Yonge St / Madawaska Ave / Moore Park Ave,-79.4190145403399,43.7938100179332,2,13444390,130,2026-06-30T19:30:00,2026-06-30T19:45:00,20,346,12,3,345,5,19,5,6,5,6,13,0,0,0,0,3,0,0,0,0,0,0,0,0,16,0,0,15,1,0,0,0,0,0,0,19,5,22,17,2,5,2,0
328260,116428,2026-06-30,Yonge St / Patricia Ave,-79.4181348587275,43.7902527332681,2,13444838,856,2026-06-30T09:45:00,2026-06-30T10:00:00,6,243,0,0,296,8,0,0,0,5,0,11,1,6,0,0,4,0,0,0,0,0,0,0,0,13,0,0,18,0,0,0,0,0,0,0,6,3,23,9,2,0,0,0
328261,116428,2026-06-30,Yonge St / Patricia Ave,-79.4181348587275,43.7902527332681,2,13444838,856,2026-06-30T13:45:00,2026-06-30T14:00:00,17,240,0,0,297,6,0,0,0,9,0,13,0,4,0,0,6,0,0,0,0,0,0,1,0,13,0,0,9,0,0,0,0,0,0,0,8,15,26,9,1,1,0,1
328262,116428,2026-06-30,Yonge St / Patricia Ave,-79.4181348587275,43.7902527332681,2,13444838,856,2026-06-30T14:45:00,2026-06-30T15:00:00,4,269,0,0,256,5,0,0,0,9,0,9,0,5,0,0,2,0,0,0,0,0,0,0,0,10,0,0,14,0,0,0,0,0,0,0,6,9,24,16,3,0,0,1
328263,116429,2026-06-30,Steeles Ave E / Yonge St / Steeles Ave W,-79.420060868408,43.7980294054522,2,13443870,131,2026-06-30T09:00:00,2026-06-30T09:15:00,34,218,26,15,182,36,35,168,29,60,115,47,2,4,1,2,3,1,0,6,1,1,6,1,0,11,0,3,7,3,0,0,2,5,0,0,29,13,26,32,3,2,2,1
328264,116429,2026-06-30,Steeles Ave E / Yonge St / Steeles Ave W,-79.420060868408,43.7980294054522,2,13443870,131,2026-06-30T14:15:00,2026-06-30T14:30:00,57,199,35,16,228,45,35,181,28,68,183,59,2,1,0,0,0,1,2,10,1,2,4,1,0,6,0,5,5,3,0,1,3,3,0,0,27,39,42,40,2,3,1,0
330355,116114,2026-05-26,Yonge St / Cummer Ave / Drewry Ave,-79.4173504579467,43.7870687806437,2,13445250,129,2026-05-26T06:00:00,2026-05-26T06:15:00,4,95,2,12,50,3,2,8,8,10,11,5,0,2,1,0,4,1,0,0,1,0,0,0,0,14,0,1,15,1,0,0,3,1,0,0,4,10,4,10,1,0,0,0
330356,116114,2026-05-26,Yonge St / Cummer Ave / Drewry Ave,-79.4173504579467,43.7870687806437,2,13445250,129,2026-05-26T07:30:00,2026-05-26T07:45:00,10,316,4,25,143,8,9,34,20,14,36,9,1,1,0,0,5,0,0,1,0,0,1,0,0,19,0,1,28,3,0,2,3,2,1,0,7,19,23,20,2,1,0,1
330357,116114,2026-05-26,Yonge St / Cummer Ave / Drewry Ave,-79.4173504579467,43.7870687806437,2,13445250,129,2026-05-26T09:15:00,2026-05-26T09:30:00,21,268,12,21,198,11,11,43,40,7,40,17,1,7,0,0,4,0,0,1,1,0,0,0,1,19,1,2,18,2,0,1,4,3,0,2,7,14,27,13,3,4,1,0
330358,116114,2026-05-26,Yonge St / Cummer Ave / Drewry Ave,-79.4173504579467,43.7870687806437,2,13445250,129,2026-05-26T18:30:00,2026-05-26T18:45:00,23,297,37,29,267,21,12,39,31,20,48,14,0,1,0,0,0,1,0,1,0,0,0,1,0,15,0,2,18,0,0,0,3,2,0,0,18,19,28,48,4,4,0,2
330359,116114,2026-05-26,Yonge St / Cummer Ave / Drewry Ave,-79.4173504579467,43.7870687806437,2,13445250,129,2026-05-26T19:30:00,2026-05-26T19:45:00,24,236,23,24,239,9,13,45,7,11,32,15,0,4,0,0,0,0,0,0,0,0,0,0,0,15,0,2,15,1,0,0,2,1,0,0,13,17,25,35,1,5,0,2
330362,116116,2026-05-26,Yonge St / Olympic Garden Dr / Narges Dr,-79.4167212705432,43.7845037738791,2,13445545,2177,2026-05-26T09:30:00,2026-05-26T09:45:00,3,277,6,1,224,2,7,0,11,0,0,0,0,7,0,0,1,1,0,0,0,0,0,1,0,25,0,0,24,0,0,0,0,0,0,0,2,3,23,14,1,2,0,0
330363,116116,2026-05-26,Yonge St / Olympic Garden Dr / Narges Dr,-79.4167212705432,43.7845037738791,2,13445545,2177,2026-05-26T12:45:00,2026-05-26T13:00:00,2,221,5,1,246,1,6,1,6,3,0,8,0,2,0,0,8,0,0,0,0,0,0,0,0,13,0,0,14,0,0,0,0,0,0,0,2,15,21,25,4,0,0,2
330372,116119,2026-05-26,Finch Ave E / Yonge St / Finch Ave W,-79.4155776992011,43.7797690838483,2,13446142,128,2026-05-26T09:00:00,2026-05-26T09:15:00,21,275,25,22,194,24,17,103,15,19,98,45,0,1,1,1,1,0,0,2,0,2,5,1,0,2,2,1,7,0,0,6,0,1,5,0,32,20,110,87,2,0,0,0
330383,116122,2026-05-26,Yonge St / Hendon Ave / Bishop Ave,-79.4160016938587,43.7816376840421,2,13445900,1151,2026-05-26T09:30:00,2026-05-26T09:45:00,33,218,14,6,182,12,36,45,14,13,19,34,0,5,0,0,3,0,0,0,0,1,0,0,0,2,12,0,11,0,3,0,0,0,0,0,25,20,43,29,1,0,6,3
330384,116122,2026-05-26,Yonge St / Hendon Ave / Bishop Ave,-79.4160016938587,43.7816376840421,2,13445900,1151,2026-05-26T12:45:00,2026-05-26T13:00:00,31,170,18,7,179,6,30,15,13,11,19,29,0,3,1,0,5,0,0,0,0,0,0,1,0,0,7,0,7,0,4,0,1,0,0,0,59,25,64,57,2,5,2,1
330744,116426,2026-06-30,Yonge St / Athabaska Ave,-79.4194226533823,43.7954769300405,2,13444177,1381,2026-06-30T09:45:00,2026-06-30T10:00:00,21,232,3,3,277,2,3,9,3,1,0,11,1,6,0,0,3,0,0,0,0,0,0,0,0,14,0,0,16,0,0,0,0,0,0,0,7,7,10,6,1,0,0,0
330745,116426,2026-06-30,Yonge St / Athabaska Ave,-79.4194226533823,43.7954769300405,2,13444177,1381,2026-06-30T13:45:00,2026-06-30T14:00:00,34,261,3,10,244,12,4,5,5,7,0,32,0,3,0,0,5,0,0,0,0,0,0,2,0,13,0,0,11,0,0,0,0,0,0,0,22,13,17,11,0,2,0,0
330746,116426,2026-06-30,Yonge St / Athabaska Ave,-79.4194226533823,43.7954769300405,2,13444177,1381,2026-06-30T14:45:00,2026-06-30T15:00:00,23,248,3,2,250,9,3,9,4,21,0,31,0,2,0,0,3,1,0,0,0,0,0,0,0,11,0,0,16,0,0,0,0,0,0,0,14,5,19,12,0,0,1,0
330747,116427,2026-06-30,Yonge St / Madawaska Ave / Moore Park Ave,-79.4190145403399,43.7938100179332,2,13444390,130,2026-06-30T06:30:00,2026-06-30T06:45:00,0,140,2,1,113,4,1,1,1,7,5,2,0,0,0,1,3,0,0,0,1,0,0,0,0,17,0,0,15,1,0,0,0,0,0,0,3,2,2,3,0,0,0,0
330748,116427,2026-06-30,Yonge St / Madawaska Ave / Moore Park Ave,-79.4190145403399,43.7938100179332,2,13444390,130,2026-06-30T15:00:00,2026-06-30T15:15:00,9,309,15,5,298,6,6,5,10,1,10,10,1,2,0,0,4,0,0,1,0,1,0,0,0,21,0,0,16,0,0,0,0,0,0,0,8,8,12,20,5,3,2,0
330749,116428,2026-06-30,Yonge St / Patricia Ave,-79.4181348587275,43.7902527332681,2,13444838,856,2026-06-30T11:00:00,2026-06-30T11:15:00,9,256,0,0,266,3,0,0,0,6,0,14,0,4,0,0,2,1,0,0,0,0,0,0,0,14,0,0,13,0,0,0,0,0,0,0,9,6,29,10,0,2,0,1
330750,116428,2026-06-30,Yonge St / Patricia Ave,-79.4181348587275,43.7902527332681,2,13444838,856,2026-06-30T11:15:00,2026-06-30T11:30:00,9,244,0,0,235,3,0,0,0,13,0,8,0,3,0,0,3,1,0,0,0,0,0,0,0,13,0,0,11,0,0,0,0,1,0,0,8,12,35,16,2,2,0,0
330751,116428,2026-06-30,Yonge St / Patricia Ave,-79.4181348587275,43.7902527332681,2,13444838,856,2026-06-30T12:30:00,2026-06-30T12:45:00,12,284,0,0,329,9,0,0,0,9,0,18,0,5,0,0,6,1,0,0,0,0,0,0,0,10,0,0,11,0,0,0,0,0,0,0,9,8,31,5,3,3,1,0
330752,116428,2026-06-30,Yonge St / Patricia Ave,-79.4181348587275,43.7902527332681,2,13444838,856,2026-06-30T14:30:00,2026-06-30T14:45:00,8,268,0,0,291,6,0,0,0,6,0,10,0,2,0,0,3,1,0,0,0,1,0,0,0,17,0,0,18,0,0,0,0,0,0,0,13,11,17,10,2,1,0,1
330753,116428,2026-06-30,Yonge St / Patricia Ave,-79.4181348587275,43.7902527332681,2,13444838,856,2026-06-30T19:45:00,2026-06-30T20:00:00,13,304,0,0,258,3,0,0,0,10,0,9,0,1,0,0,0,0,0,0,0,0,0,0,0,11,0,0,13,0,0,0,0,0,0,0,3,8,29,16,5,3,0,1
330754,116429,2026-06-30,Steeles Ave E / Yonge St / Steeles Ave W,-79.420060868408,43.7980294054522,2,13443870,131,2026-06-30T06:00:00,2026-06-30T06:15:00,17,81,9,4,38,20,2,83,11,21,49,8,0,1,0,0,4,1,0,0,1,0,0,0,0,6,0,6,4,5,0,0,4,6,1,0,17,12,13,19,0,0,0,0
330755,116429,2026-06-30,Steeles Ave E / Yonge St / Steeles Ave W,-79.420060868408,43.7980294054522,2,13443870,131,2026-06-30T07:15:00,2026-06-30T07:30:00,17,159,23,11,100,19,17,150,20,57,140,27,0,4,0,0,0,0,0,1,0,0,6,3,0,12,0,4,11,3,0,0,3,5,0,0,18,22,20,13,1,0,1,0
330756,116429,2026-06-30,Steeles Ave E / Yonge St / Steeles Ave W,-79.420060868408,43.7980294054522,2,13443870,131,2026-06-30T16:00:00,2026-06-30T16:15:00,32,231,28,17,231,22,31,194,26,75,165,58,3,1,0,0,4,1,0,5,2,2,2,1,0,6,0,3,12,5,0,0,5,3,0,0,53,32,34,68,3,6,0,2
330757,116429,2026-06-30,Steeles Ave E / Yonge St / Steeles Ave W,-79.420060868408,43.7980294054522,2,13443870,131,2026-06-30T17:15:00,2026-06-30T17:30:00,40,220,39,4,218,27,57,194,49,65,193,67,1,1,0,0,1,0,0,2,2,0,1,0,0,8,0,4,9,3,0,0,5,6,1,0,32,57,44,53,2,3,1,4
330758,116429,2026-06-30,Steeles Ave E / Yonge St / Steeles Ave W,-79.420060868408,43.7980294054522,2,13443870,131,2026-06-30T19:15:00,2026-06-30T19:30:00,43,218,28,6,204,50,33,172,42,88,157,65,0,0,0,1,2,0,1,2,0,1,0,2,0,6,0,2,5,6,0,0,3,3,0,0,30,39,31,42,0,6,1,1
347298,116114,2026-05-26,Yonge St / Cummer Ave / Drewry Ave,-79.4173504579467,43.7870687806437,2,13445250,129,2026-05-26T07:45:00,2026-05-26T08:00:00,9,331,7,39,166,15,5,42,36,13,36,7,0,4,0,0,2,0,0,0,1,0,2,0,0,22,0,3,23,2,0,1,3,1,0,0,15,15,19,26,2,1,1,1
347299,116114,2026-05-26,Yonge St / Cummer Ave / Drewry Ave,-79.4173504579467,43.7870687806437,2,13445250,129,2026-05-26T10:30:00,2026-05-26T10:45:00,21,174,14,20,191,8,21,45,11,13,29,12,1,6,0,0,2,0,0,1,1,0,0,1,0,13,0,1,16,1,0,0,0,1,0,0,9,8,17,21,0,3,1,0
347300,116116,2026-05-26,Yonge St / Olympic Garden Dr / Narges Dr,-79.4167212705432,43.7845037738791,2,13445545,2177,2026-05-26T18:45:00,2026-05-26T19:00:00,1,300,10,9,299,0,10,0,7,0,0,0,1,1,0,0,0,0,0,0,0,1,0,0,0,25,0,0,24,0,0,0,0,0,0,0,4,6,43,45,6,4,0,0
347348,116114,2026-05-26,Yonge St / Cummer Ave / Drewry Ave,-79.4173504579467,43.7870687806437,2,13445250,129,2026-05-26T11:45:00,2026-05-26T12:00:00,15,216,16,18,233,12,15,34,17,14,31,23,0,5,1,0,4,0,1,2,0,0,0,0,2,14,0,2,16,1,0,1,0,2,0,0,9,14,29,23,1,3,0,2
347349,116114,2026-05-26,Yonge St / Cummer Ave / Drewry Ave,-79.4173504579467,43.7870687806437,2,13445250,129,2026-05-26T14:30:00,2026-05-26T14:45:00,27,222,24,22,229,14,15,46,7,10,50,25,3,3,0,0,2,1,0,1,0,0,0,0,0,10,0,1,18,3,0,4,2,2,3,1,12,13,19,27,1,1,1,1
347350,116114,2026-05-26,Yonge St / Cummer Ave / Drewry Ave,-79.4173504579467,43.7870687806437,2,13445250,129,2026-05-26T16:15:00,2026-05-26T16:30:00,17,292,27,36,321,21,9,48,23,8,38,18,1,4,1,0,4,0,1,0,0,0,0,0,0,17,1,3,19,3,0,0,0,1,1,0,13,20,27,45,1,0,0,0
347357,116122,2026-05-26,Yonge St / Hendon Ave / Bishop Ave,-79.4160016938587,43.7816376840421,2,13445900,1151,2026-05-26T18:45:00,2026-05-26T19:00:00,30,236,29,13,211,9,46,24,10,18,25,44,0,3,0,0,0,0,0,0,0,0,0,0,0,0,13,0,7,0,7,0,2,0,0,0,39,27,73,75,6,2,17,0
355268,116114,2026-05-26,Yonge St / Cummer Ave / Drewry Ave,-79.4173504579467,43.7870687806437,2,13445250,129,2026-05-26T11:30:00,2026-05-26T11:45:00,21,187,17,14,224,14,16,28,12,11,30,15,0,5,1,0,6,0,0,0,0,0,0,0,0,8,0,1,13,1,0,0,2,0,0,0,19,21,36,23,0,3,2,2
355269,116114,2026-05-26,Yonge St / Cummer Ave / Drewry Ave,-79.4173504579467,43.7870687806437,2,13445250,129,2026-05-26T12:00:00,2026-05-26T12:15:00,20,215,15,19,215,11,12,38,15,19,29,23,0,1,1,1,5,0,1,3,0,1,0,1,0,9,0,2,9,1,0,1,3,1,0,0,8,16,25,14,1,1,0,1
355270,116114,2026-05-26,Yonge St / Cummer Ave / Drewry Ave,-79.4173504579467,43.7870687806437,2,13445250,129,2026-05-26T12:30:00,2026-05-26T12:45:00,19,234,11,17,233,13,21,40,14,6,21,19,1,5,0,0,4,0,0,0,0,0,0,0,0,12,1,1,9,1,0,0,1,1,0,0,27,10,39,17,0,2,1,0
355271,116114,2026-05-26,Yonge St / Cummer Ave / Drewry Ave,-79.4173504579467,43.7870687806437,2,13445250,129,2026-05-26T13:00:00,2026-05-26T13:15:00,27,192,11,12,253,7,14,36,18,16,32,24,0,3,0,1,3,0,2,0,0,1,0,0,0,14,1,1,12,1,0,0,2,1,0,0,12,7,20,31,0,3,2,0
355272,116114,2026-05-26,Yonge St / Cummer Ave / Drewry Ave,-79.4173504579467,43.7870687806437,2,13445250,129,2026-05-26T15:45:00,2026-05-26T16:00:00,20,264,15,35,273,13,21,57,29,10,46,14,0,4,0,0,3,0,0,0,0,0,1,0,0,19,0,2,24,1,0,2,4,3,1,0,28,16,48,33,2,3,0,0
355278,116116,2026-05-26,Yonge St / Olympic Garden Dr / Narges Dr,-79.4167212705432,43.7845037738791,2,13445545,2177,2026-05-26T06:15:00,2026-05-26T06:30:00,1,165,2,2,74,2,0,0,7,0,0,0,0,1,0,0,1,0,0,0,0,0,0,0,0,17,0,0,19,0,0,0,0,0,0,0,1,0,1,6,1,0,0,0
355279,116116,2026-05-26,Yonge St / Olympic Garden Dr / Narges Dr,-79.4167212705432,43.7845037738791,2,13445545,2177,2026-05-26T11:00:00,2026-05-26T11:15:00,1,228,6,3,233,0,3,0,1,3,0,1,0,4,0,0,4,0,0,0,0,0,0,0,0,21,0,0,16,0,0,0,0,0,0,0,1,2,13,21,1,0,0,1
355280,116116,2026-05-26,Yonge St / Olympic Garden Dr / Narges Dr,-79.4167212705432,43.7845037738791,2,13445545,2177,2026-05-26T13:30:00,2026-05-26T13:45:00,1,256,5,2,250,0,5,0,4,3,0,4,0,3,0,0,2,0,0,0,0,0,0,0,0,13,0,0,18,0,0,0,0,0,0,0,1,6,16,30,1,4,0,1
355281,116116,2026-05-26,Yonge St / Olympic Garden Dr / Narges Dr,-79.4167212705432,43.7845037738791,2,13445545,2177,2026-05-26T15:30:00,2026-05-26T15:45:00,4,288,11,12,360,0,2,0,17,0,0,2,0,1,0,0,3,0,0,0,1,1,0,0,0,24,0,0,22,0,0,0,0,0,0,0,5,7,30,40,8,2,0,3
355282,116116,2026-05-26,Yonge St / Olympic Garden Dr / Narges Dr,-79.4167212705432,43.7845037738791,2,13445545,2177,2026-05-26T19:15:00,2026-05-26T19:30:00,1,267,6,7,264,0,7,0,10,2,0,0,0,0,0,0,0,0,0,0,0,0,0,0,0,17,0,0,19,0,0,0,0,0,0,0,5,8,29,26,3,7,1,1
355291,116119,2026-05-26,Finch Ave E / Yonge St / Finch Ave W,-79.4155776992011,43.7797690838483,2,13446142,128,2026-05-26T18:45:00,2026-05-26T19:00:00,24,208,31,19,150,36,33,108,22,32,149,49,0,3,0,0,0,0,0,0,0,0,2,0,1,1,0,0,1,0,0,7,0,0,6,0,71,99,195,125,4,6,1,3
355314,116122,2026-05-26,Yonge St / Hendon Ave / Bishop Ave,-79.4160016938587,43.7816376840421,2,13445900,1151,2026-05-26T06:15:00,2026-05-26T06:30:00,8,128,8,3,59,3,10,3,4,6,2,8,0,1,0,0,1,0,0,0,0,0,0,1,0,0,8,1,12,0,2,0,3,0,0,0,3,3,6,7,0,0,2,0
355315,116122,2026-05-26,Yonge St / Hendon Ave / Bishop Ave,-79.4160016938587,43.7816376840421,2,13445900,1151,2026-05-26T11:00:00,2026-05-26T11:15:00,17,188,16,6,188,5,36,16,9,10,22,21,0,12,0,0,5,0,0,0,0,0,0,1,0,0,11,0,7,0,3,1,0,0,2,0,20,13,44,31,0,1,3,2
355316,116122,2026-05-26,Yonge St / Hendon Ave / Bishop Ave,-79.4160016938587,43.7816376840421,2,13445900,1151,2026-05-26T13:30:00,2026-05-26T13:45:00,17,216,19,14,191,9,30,15,8,8,24,28,2,3,0,0,3,0,1,0,0,0,0,0,1,1,7,0,10,0,2,0,0,0,0,0,17,17,52,42,3,3,2,5
355317,116122,2026-05-26,Yonge St / Hendon Ave / Bishop Ave,-79.4160016938587,43.7816376840421,2,13445900,1151,2026-05-26T15:30:00,2026-05-26T15:45:00,28,215,25,12,252,10,42,27,12,13,44,58,1,5,0,0,3,1,1,0,0,1,0,0,1,4,13,0,12,0,3,0,1,0,0,0,45,28,68,72,7,5,6,3
355318,116122,2026-05-26,Yonge St / Hendon Ave / Bishop Ave,-79.4160016938587,43.7816376840421,2,13445900,1151,2026-05-26T19:15:00,2026-05-26T19:30:00,19,219,29,9,193,3,34,17,12,10,27,37,0,1,0,0,1,0,0,0,0,0,0,0,0,0,7,1,7,0,6,0,2,0,0,0,34,21,67,57,8,3,26,10
356579,116426,2026-06-30,Yonge St / Athabaska Ave,-79.4194226533823,43.7954769300405,2,13444177,1381,2026-06-30T06:45:00,2026-06-30T07:00:00,5,159,2,1,86,0,1,1,0,1,0,3,1,3,0,0,0,0,0,0,0,0,0,0,0,22,0,0,20,0,0,0,0,0,0,0,0,0,3,3,1,1,0,0
356580,116426,2026-06-30,Yonge St / Athabaska Ave,-79.4194226533823,43.7954769300405,2,13444177,1381,2026-06-30T07:30:00,2026-06-30T07:45:00,9,294,1,0,146,0,1,0,1,1,0,2,0,4,0,1,2,0,0,0,0,1,0,0,0,17,0,0,16,0,0,0,0,0,0,0,3,1,3,4,1,1,0,0
356581,116426,2026-06-30,Yonge St / Athabaska Ave,-79.4194226533823,43.7954769300405,2,13444177,1381,2026-06-30T08:45:00,2026-06-30T09:00:00,13,344,4,1,249,6,5,2,4,1,0,7,0,6,0,0,3,0,0,0,0,0,0,0,0,15,0,0,21,0,0,0,0,0,0,0,5,6,11,8,1,0,0,0
356582,116427,2026-06-30,Yonge St / Madawaska Ave / Moore Park Ave,-79.4190145403399,43.7938100179332,2,13444390,130,2026-06-30T06:00:00,2026-06-30T06:15:00,0,99,0,0,61,1,1,0,0,4,0,1,0,3,0,0,4,0,0,0,0,0,0,0,0,12,0,0,18,0,0,0,0,0,0,0,0,1,0,1,1,0,0,0
356583,116427,2026-06-30,Yonge St / Madawaska Ave / Moore Park Ave,-79.4190145403399,43.7938100179332,2,13444390,130,2026-06-30T07:15:00,2026-06-30T07:30:00,2,232,2,3,131,2,3,5,2,2,2,8,0,3,0,0,1,0,0,0,0,0,0,0,0,17,0,0,19,0,0,0,0,0,0,0,3,3,1,3,0,0,0,0
356584,116427,2026-06-30,Yonge St / Madawaska Ave / Moore Park Ave,-79.4190145403399,43.7938100179332,2,13444390,130,2026-06-30T16:00:00,2026-06-30T16:15:00,14,347,15,3,294,5,5,13,2,5,8,15,0,6,0,1,3,0,0,0,0,0,0,0,0,11,0,0,19,0,0,0,0,0,0,0,8,11,8,23,2,0,1,0
356585,116427,2026-06-30,Yonge St / Madawaska Ave / Moore Park Ave,-79.4190145403399,43.7938100179332,2,13444390,130,2026-06-30T17:15:00,2026-06-30T17:30:00,24,371,13,7,280,4,4,11,7,10,15,7,0,2,0,0,0,0,0,0,0,1,1,0,0,21,0,0,20,1,0,0,0,0,0,0,10,5,13,17,2,1,1,1
356586,116427,2026-06-30,Yonge St / Madawaska Ave / Moore Park Ave,-79.4190145403399,43.7938100179332,2,13444390,130,2026-06-30T19:15:00,2026-06-30T19:30:00,19,334,16,4,296,9,8,10,7,2,6,19,0,2,0,0,2,0,0,0,0,0,0,0,0,14,0,0,14,1,0,0,0,0,0,0,24,7,19,23,5,6,2,4
356587,116428,2026-06-30,Yonge St / Patricia Ave,-79.4181348587275,43.7902527332681,2,13444838,856,2026-06-30T09:15:00,2026-06-30T09:30:00,6,262,0,0,251,4,0,0,0,6,0,15,0,6,0,0,4,0,0,0,0,0,0,0,0,14,0,0,11,0,0,0,0,0,0,0,15,6,26,11,1,0,0,0
356588,116428,2026-06-30,Yonge St / Patricia Ave,-79.4181348587275,43.7902527332681,2,13444838,856,2026-06-30T15:15:00,2026-06-30T15:30:00,9,292,0,0,346,10,0,0,0,8,0,13,0,1,0,0,1,0,0,0,0,1,0,0,0,13,0,0,15,0,0,0,0,0,0,0,9,7,17,15,2,1,1,0
356589,116428,2026-06-30,Yonge St / Patricia Ave,-79.4181348587275,43.7902527332681,2,13444838,856,2026-06-30T15:45:00,2026-06-30T16:00:00,10,312,0,0,301,10,0,0,0,7,0,13,0,4,0,0,4,0,0,0,0,1,0,0,1,17,0,0,13,0,0,0,0,0,0,0,8,16,23,11,3,3,0,0
356590,116428,2026-06-30,Yonge St / Patricia Ave,-79.4181348587275,43.7902527332681,2,13444838,856,2026-06-30T17:00:00,2026-06-30T17:15:00,14,362,0,0,313,12,0,0,0,18,0,17,0,2,0,0,1,0,0,0,0,0,0,0,0,19,0,0,17,0,0,0,0,0,0,0,9,15,14,14,4,2,1,0
356591,116428,2026-06-30,Yonge St / Patricia Ave,-79.4181348587275,43.7902527332681,2,13444838,856,2026-06-30T18:15:00,2026-06-30T18:30:00,12,337,0,0,292,7,0,0,0,17,0,21,0,1,0,0,0,1,0,0,0,0,0,0,0,20,0,0,18,0,0,0,0,0,0,0,11,9,22,21,0,5,0,0
356592,116428,2026-06-30,Yonge St / Patricia Ave,-79.4181348587275,43.7902527332681,2,13444838,856,2026-06-30T19:00:00,2026-06-30T19:15:00,7,327,0,0,275,5,0,0,0,13,0,14,0,0,0,0,2,0,0,0,0,1,0,0,0,20,0,0,18,0,0,0,0,0,0,0,7,12,26,8,1,2,0,0
356593,116429,2026-06-30,Steeles Ave E / Yonge St / Steeles Ave W,-79.420060868408,43.7980294054522,2,13443870,131,2026-06-30T06:30:00,2026-06-30T06:45:00,18,104,11,4,90,23,10,124,14,41,82,12,0,0,0,0,2,0,0,1,0,0,1,0,0,7,0,3,6,5,0,0,5,4,0,0,25,23,21,19,0,0,1,0
356594,116429,2026-06-30,Steeles Ave E / Yonge St / Steeles Ave W,-79.420060868408,43.7980294054522,2,13443870,131,2026-06-30T15:00:00,2026-06-30T15:15:00,55,202,45,12,219,43,25,166,33,65,175,61,0,1,1,0,1,1,3,7,1,0,1,1,0,10,0,3,5,5,0,0,3,8,0,0,31,36,30,47,3,1,1,1
356895,116119,2026-05-26,Finch Ave E / Yonge St / Finch Ave W,-79.4155776992011,43.7797690838483,2,13446142,128,2026-05-26T06:15:00,2026-05-26T06:30:00,9,126,7,4,55,18,4,59,6,12,55,9,0,1,1,0,1,0,0,2,0,0,1,0,0,4,0,1,1,0,2,8,0,0,4,0,11,3,23,17,1,0,0,0
356896,116119,2026-05-26,Finch Ave E / Yonge St / Finch Ave W,-79.4155776992011,43.7797690838483,2,13446142,128,2026-05-26T11:00:00,2026-05-26T11:15:00,18,174,13,19,150,23,12,96,17,22,99,34,2,7,0,0,2,0,2,4,0,1,2,1,0,0,0,0,1,0,0,6,0,0,6,1,47,33,75,70,0,0,0,1
356897,116119,2026-05-26,Finch Ave E / Yonge St / Finch Ave W,-79.4155776992011,43.7797690838483,2,13446142,128,2026-05-26T13:30:00,2026-05-26T13:45:00,19,183,13,22,171,43,12,112,23,25,102,39,3,1,0,0,4,0,0,2,1,0,2,0,0,1,0,1,2,0,0,5,0,0,6,0,45,40,89,99,0,4,1,0
356898,116119,2026-05-26,Finch Ave E / Yonge St / Finch Ave W,-79.4155776992011,43.7797690838483,2,13446142,128,2026-05-26T15:30:00,2026-05-26T15:45:00,42,179,19,28,218,35,14,84,12,24,132,39,0,6,1,0,4,1,0,2,0,0,2,0,0,4,1,1,2,1,0,8,0,0,5,2,40,57,138,135,4,4,1,3
356899,116119,2026-05-26,Finch Ave E / Yonge St / Finch Ave W,-79.4155776992011,43.7797690838483,2,13446142,128,2026-05-26T19:15:00,2026-05-26T19:30:00,22,176,25,28,174,27,16,91,22,27,134,39,0,1,0,0,1,1,0,1,0,0,2,0,0,2,1,0,3,0,0,4,0,0,3,0,34,93,106,115,5,7,2,4
357248,116426,2026-06-30,Yonge St / Athabaska Ave,-79.4194226533823,43.7954769300405,2,13444177,1381,2026-06-30T16:30:00,2026-06-30T16:45:00,19,270,3,7,236,15,6,12,6,14,1,30,1,1,0,1,2,0,0,0,0,1,0,1,0,22,0,0,17,0,0,0,0,0,0,0,8,8,15,11,3,3,1,1
357249,116426,2026-06-30,Yonge St / Athabaska Ave,-79.4194226533823,43.7954769300405,2,13444177,1381,2026-06-30T18:45:00,2026-06-30T19:00:00,27,272,10,6,239,6,7,10,5,9,0,25,0,0,0,0,2,0,0,0,0,0,0,0,0,15,0,0,11,0,0,0,0,0,0,0,10,14,16,12,5,4,2,1
357250,116427,2026-06-30,Yonge St / Madawaska Ave / Moore Park Ave,-79.4190145403399,43.7938100179332,2,13444390,130,2026-06-30T10:30:00,2026-06-30T10:45:00,6,251,16,7,234,7,3,7,3,2,5,9,0,4,0,0,4,0,0,0,0,0,0,0,0,15,0,0,14,0,0,0,0,0,0,0,7,6,18,17,1,1,0,0
357251,116427,2026-06-30,Yonge St / Madawaska Ave / Moore Park Ave,-79.4190145403399,43.7938100179332,2,13444390,130,2026-06-30T12:45:00,2026-06-30T13:00:00,26,277,9,3,306,0,7,5,3,3,6,13,1,7,0,1,3,1,0,0,1,0,0,0,0,13,0,0,8,1,0,0,0,0,0,0,10,6,11,14,7,1,4,1
357252,116427,2026-06-30,Yonge St / Madawaska Ave / Moore Park Ave,-79.4190145403399,43.7938100179332,2,13444390,130,2026-06-30T13:00:00,2026-06-30T13:15:00,13,245,11,2,222,7,5,6,1,3,8,10,1,6,0,0,6,0,0,0,0,0,0,0,1,11,0,0,14,0,0,0,0,0,0,0,6,5,16,16,5,3,3,0
357253,116427,2026-06-30,Yonge St / Madawaska Ave / Moore Park Ave,-79.4190145403399,43.7938100179332,2,13444390,130,2026-06-30T18:00:00,2026-06-30T18:15:00,15,377,7,12,310,7,7,9,6,4,8,12,0,2,0,0,1,0,0,0,0,0,0,0,0,16,0,0,18,0,0,0,0,0,0,0,13,6,13,19,3,3,0,0
357254,116427,2026-06-30,Yonge St / Madawaska Ave / Moore Park Ave,-79.4190145403399,43.7938100179332,2,13444390,130,2026-06-30T18:30:00,2026-06-30T18:45:00,20,341,13,8,326,8,8,11,3,5,11,17,0,1,0,0,2,0,0,0,0,1,0,0,0,19,0,0,20,0,0,0,0,0,0,0,8,9,12,19,2,1,0,0
357255,116428,2026-06-30,Yonge St / Patricia Ave,-79.4181348587275,43.7902527332681,2,13444838,856,2026-06-30T07:45:00,2026-06-30T08:00:00,0,310,0,0,179,9,0,0,0,11,0,6,0,3,0,0,4,0,0,0,0,0,0,0,0,23,0,0,21,0,0,0,0,0,0,0,9,4,12,6,0,1,0,0
357256,116428,2026-06-30,Yonge St / Patricia Ave,-79.4181348587275,43.7902527332681,2,13444838,856,2026-06-30T12:15:00,2026-06-30T12:30:00,10,228,0,0,315,10,0,0,0,4,0,12,0,5,0,0,4,0,0,0,0,0,0,0,0,8,0,0,13,0,0,0,0,0,0,0,18,11,30,13,2,6,0,1
357257,116429,2026-06-30,Steeles Ave E / Yonge St / Steeles Ave W,-79.420060868408,43.7980294054522,2,13443870,131,2026-06-30T06:15:00,2026-06-30T06:30:00,13,83,14,6,42,20,0,112,7,29,75,11,1,2,0,0,0,0,0,2,0,0,2,0,0,8,0,4,6,6,0,0,5,5,0,0,25,17,10,35,2,0,1,0
357258,116429,2026-06-30,Steeles Ave E / Yonge St / Steeles Ave W,-79.420060868408,43.7980294054522,2,13443870,131,2026-06-30T07:00:00,2026-06-30T07:15:00,17,155,19,9,76,21,10,137,12,53,93,21,0,4,1,0,2,2,0,1,1,1,4,0,0,11,0,5,8,5,0,1,5,4,0,0,20,24,25,24,0,0,0,0
357259,116429,2026-06-30,Steeles Ave E / Yonge St / Steeles Ave W,-79.420060868408,43.7980294054522,2,13443870,131,2026-06-30T10:15:00,2026-06-30T10:30:00,39,183,44,9,159,37,44,164,35,56,131,49,1,7,1,0,5,1,0,5,0,0,7,0,0,4,0,3,5,5,0,0,5,6,0,0,35,17,27,64,0,1,0,1
357260,116429,2026-06-30,Steeles Ave E / Yonge St / Steeles Ave W,-79.420060868408,43.7980294054522,2,13443870,131,2026-06-30T10:45:00,2026-06-30T11:00:00,50,168,48,11,182,39,41,176,35,50,157,50,4,3,0,2,1,2,3,2,0,2,3,5,0,4,0,3,4,5,0,0,3,5,0,0,44,28,36,64,2,0,0,1
357261,116429,2026-06-30,Steeles Ave E / Yonge St / Steeles Ave W,-79.420060868408,43.7980294054522,2,13443870,131,2026-06-30T14:00:00,2026-06-30T14:15:00,59,204,31,17,214,35,36,174,26,57,173,57,3,5,2,2,4,2,2,6,1,2,2,0,0,6,0,2,6,4,0,0,3,4,0,0,40,40,42,49,2,1,1,0
357262,116429,2026-06-30,Steeles Ave E / Yonge St / Steeles Ave W,-79.420060868408,43.7980294054522,2,13443870,131,2026-06-30T16:15:00,2026-06-30T16:30:00,47,234,26,6,264,20,50,186,36,70,207,56,0,0,0,0,1,1,0,6,0,4,2,2,0,10,0,4,6,5,0,0,1,2,0,0,52,38,35,57,2,5,0,4
